N,P,K,temperature,humidity,ph,rainfall,label
0,145,205,21.036528,92.607673,5.740542,114.78349,apple
0,145,205,21.225034,90.098778,5.520783,113.976046,apple
0,145,205,21.036528,92.571654,5.514253,110.974557,apple
29,145,205,22.812276,92.129921,6.212303,109.338355,apple
29,145,205,22.340156,92.760511,6.306078,106.190779,apple
5,144,205,21.421772,92.626653,6.184923,102.804566,apple
5,144,205,23.761218,92.626653,5.965551,102.804566,apple
28,144,205,22.89948,91.351666,6.214501,107.850788,apple
29,144,205,23.641424,92.486677,6.155939,116.691218,apple
17,143,205,23.574331,91.391412,5.643002,123.219665,apple
34,141,205,21.036528,90.335395,5.635689,101.903017,apple
30,140,205,23.774734,94.137453,6.124801,118.155568,apple
27,139,205,22.48403,93.408192,5.77218,105.547363,apple
29,139,205,23.641424,93.744615,6.155939,116.691218,apple
26,138,205,22.312577,93.683421,5.770974,103.258413,apple
29,137,205,23.641424,93.128599,5.824152,117.729673,apple
28,136,205,22.726908,92.131333,5.902377,106.61811,apple
10,134,205,21.304045,94.083908,6.460055,106.728061,apple
33,134,205,21.036528,94.339195,6.085519,114.741273,apple
12,129,205,22.362383,91.157616,6.119432,118.683273,apple
12,129,205,22.362511,91.159402,6.119488,118.681897,apple
5,128,205,22.60801,91.923605,6.22629,116.039659,apple
14,128,205,21.98765,94.920481,6.302309,119.495829,apple
14,128,205,22.60801,94.589006,6.22629,116.039659,apple
30,128,205,23.328714,92.844788,6.29613,100.117344,apple
33,128,205,21.679758,93.09518,6.077355,104.923413,apple
35,128,205,21.072734,93.56586,6.041054,107.873702,apple
27,127,205,23.4499,94.920481,6.451568,116.517125,apple
35,127,205,21.036528,94.800192,6.042712,108.387106,apple
6,126,205,23.504718,92.148691,5.924335,108.824713,apple
30,126,205,21.76862,94.201625,5.902399,100.117344,apple
19,124,205,22.735704,92.314567,6.23988,103.02815,apple
0,123,205,22.027754,92.961295,5.790993,121.134918,apple
2,123,205,22.366293,90.785725,5.739652,124.983162,apple
35,123,205,21.897549,92.44112,6.266051,104.388999,apple
2,122,205,22.468558,94.920481,5.719713,107.762958,apple
12,122,205,21.377847,92.720437,6.119432,118.683273,apple
18,121,205,23.033333,90.171781,5.786726,112.098257,apple
35,121,205,22.20701,93.505742,6.443383,120.159377,apple
8,120,205,21.401729,90.520732,6.474276,120.231909,apple
29,145,204,23.089507,90.225073,6.096753,109.338355,apple
22,144,204,21.911913,91.687481,6.096753,117.076128,apple
29,144,204,22.312491,92.13425,5.80556,119.426726,apple
29,144,204,22.433245,92.486677,5.800449,119.102519,apple
36,144,204,23.651676,94.505288,5.824152,117.729673,apple
16,143,204,23.714753,91.533312,5.631333,121.896166,apple
33,143,204,21.131608,91.957699,5.814435,122.539195,apple
33,143,204,21.131608,91.533312,5.631333,121.896166,apple
28,142,204,23.129157,92.787007,6.115914,107.878117,apple
29,142,204,22.827765,92.897445,5.916531,118.315131,apple
25,139,204,22.84294,92.986043,5.736151,106.407466,apple
9,137,204,21.223278,92.208148,6.266077,105.517122,apple
32,137,204,22.860066,93.128599,5.824152,117.729673,apple
10,136,204,21.198522,92.155951,6.276199,105.855435,apple
29,136,204,22.433245,91.923605,6.264203,119.102519,apple
35,135,204,21.589515,94.411438,6.039791,115.590823,apple
28,134,204,22.926384,91.082645,6.009309,107.497518,apple
28,133,204,23.051997,90.025751,6.173041,107.091321,apple
29,132,204,23.089507,90.225073,6.096753,108.21666,apple
30,132,204,23.027851,90.569076,6.077815,107.704814,apple
30,131,204,22.688487,90.889363,6.085678,108.148465,apple
36,131,204,22.325328,93.610486,6.005876,104.590082,apple
29,130,204,22.134506,94.676957,5.800449,119.102519,apple
31,130,204,22.249501,91.616544,6.073554,108.073814,apple
32,130,204,22.860066,93.128599,5.824152,112.920322,apple
18,127,204,22.355482,94.478118,6.046674,116.736626,apple
30,127,204,22.500503,92.458783,6.126437,100.93439,apple
31,127,204,22.11111,92.760714,6.10315,102.826935,apple
12,126,204,23.098597,92.885493,6.348157,108.30297,apple
13,126,204,23.109426,92.796308,6.38318,108.183792,apple
17,125,204,22.433034,91.816935,6.195474,101.604887,apple
18,125,204,22.355482,94.478118,6.046674,116.736626,apple
18,125,204,22.432854,94.274304,6.013027,116.688307,apple
15,124,204,22.378325,92.431891,6.329961,116.526742,apple
16,124,204,22.442738,93.294488,6.362818,116.128721,apple
26,124,204,22.39723,92.572329,6.35951,111.314306,apple
15,123,204,22.527093,92.547804,6.365973,115.383007,apple
35,123,204,21.170892,92.547804,6.365973,115.383007,apple
3,122,204,22.284203,90.831868,5.715814,123.8922,apple
27,120,204,21.494709,90.025751,6.064318,112.235424,apple
32,145,203,23.830537,90.844222,6.406819,109.596679,apple
32,145,203,23.816198,90.853717,6.401475,109.57216,apple
32,143,203,23.714753,91.533312,5.821348,109.065847,apple
33,143,203,21.514419,90.849429,5.869502,122.412131,apple
15,142,203,23.403024,91.278852,5.751995,122.415017,apple
35,142,203,21.170892,90.237302,5.895319,123.649515,apple
35,142,203,21.202669,90.250117,5.904571,123.62384,apple
32,141,203,21.186674,92.844162,6.321152,122.233323,apple
32,141,203,21.259411,92.844162,5.821348,109.065847,apple
32,141,203,21.253123,92.63194,5.805708,108.504851,apple
24,140,203,23.696503,92.63625,6.031982,100.372254,apple
1,136,203,22.838232,92.318056,5.625495,115.537951,apple
40,136,203,22.846852,94.920481,5.939935,118.275892,apple
1,135,203,22.778565,92.486677,5.624203,119.102519,apple
1,135,203,22.761172,92.617027,5.646671,114.372648,apple
1,135,203,22.778565,92.70124,5.624203,113.775922,apple
37,135,203,22.016958,94.46728,6.004444,116.2475,apple
38,135,203,23.761218,93.661643,5.965551,100.825956,apple
0,133,203,23.761218,90.493557,5.708419,100.825956,apple
33,133,203,23.627085,90.91428,6.026255,117.985778,apple
30,132,203,22.803846,90.273977,6.119842,108.819166,apple
35,131,203,22.427761,93.917224,5.893491,102.723074,apple
18,129,203,23.109015,92.784702,5.827712,116.063468,apple
35,128,203,22.194623,94.920481,5.808855,102.380106,apple
19,127,203,22.772808,93.3788,5.865193,116.476003,apple
34,127,203,21.036528,93.533894,6.057842,106.982905,apple
2,126,203,22.557803,92.43469,5.713273,123.676731,apple
18,125,203,22.443077,91.59234,6.160267,102.556581,apple
0,123,203,22.58504,93.064825,5.747108,118.330911,apple
32,121,203,22.33976,94.293928,5.664794,115.058208,apple
33,121,203,22.456967,94.762854,5.605934,114.840772,apple
1,120,203,22.957403,94.567275,5.948624,110.253941,apple
2,120,203,23.126527,94.712033,5.893493,108.621183,apple
6,120,203,23.072248,90.926388,5.906622,106.768124,apple
28,120,203,22.949886,94.920481,6.164924,118.934593,apple
2,145,202,22.160091,91.61282,5.738993,114.002841,apple
27,144,202,22.812212,91.871094,6.133978,108.710396,apple
15,143,202,23.498892,92.06165,5.703582,121.984585,apple
28,143,202,22.76643,91.533312,5.631333,120.435995,apple
17,142,202,23.666645,91.252033,5.656652,117.887851,apple
24,142,202,22.537797,91.481358,5.71082,101.847477,apple
27,142,202,23.996862,93.053985,6.009877,100.117344,apple
35,142,202,22.542476,90.025751,5.813388,117.380083,apple
27,141,202,22.313089,91.279928,5.696341,104.210119,apple
31,141,202,21.259875,92.266797,5.801259,111.305441,apple
34,141,202,21.251406,93.786584,5.763727,122.420502,apple
33,140,202,21.608122,92.172123,5.790167,108.882589,apple
20,139,202,23.502014,92.21084,5.669991,107.986895,apple
20,139,202,23.504591,92.237282,5.674406,107.946453,apple
31,139,202,22.939921,90.036661,5.646483,118.068654,apple
1,136,202,22.612805,92.37393,5.732042,114.130045,apple
8,136,202,21.281077,90.759694,5.618363,103.976723,apple
40,136,202,22.852674,94.576458,5.935336,117.531403,apple
34,126,202,21.036528,93.584422,5.936188,107.393738,apple
28,123,202,22.76643,92.124385,6.442289,120.435995,apple
19,122,202,23.344674,90.379815,5.811975,112.895402,apple
26,122,202,22.44517,94.737635,5.617227,107.184327,apple
26,121,202,21.509046,90.025751,6.12255,116.735411,apple
30,121,202,23.132326,90.99803,5.760145,110.181082,apple
31,121,202,22.131266,93.459786,5.769496,115.44499,apple
34,120,202,22.677974,94.491002,5.59494,113.657697,apple
6,145,201,21.665599,90.025751,5.514253,100.811031,apple
7,145,201,23.996862,94.920481,6.124042,116.37524,apple
35,145,201,23.727065,93.169535,6.48579,115.474354,apple
6,144,201,21.335457,93.506254,5.690835,104.985864,apple
27,143,201,23.666821,91.957699,5.952368,122.539195,apple
24,142,201,22.608044,91.490899,5.791864,103.385871,apple
32,142,201,21.730698,90.24084,6.499227,116.343563,apple
34,142,201,21.095343,90.025751,5.82984,124.983162,apple
34,142,201,21.554101,94.25673,5.782928,117.217894,apple
35,142,201,21.224547,93.702668,5.780476,117.022184,apple
10,141,201,22.355183,91.70171,6.280714,104.706644,apple
10,141,201,22.126594,90.978183,6.386021,104.541228,apple
17,138,201,23.996862,90.025751,5.667087,101.920728,apple
27,138,201,23.666821,93.901911,5.952368,105.400475,apple
20,136,201,23.062044,91.699133,5.587906,116.077793,apple
39,136,201,22.760382,93.934211,5.982777,118.392521,apple
27,132,201,22.7532,90.498755,5.937787,104.679491,apple
0,131,201,22.701502,94.920481,5.731513,121.39906,apple
2,129,201,22.735786,93.893558,5.732962,122.458193,apple
2,129,201,22.782342,94.368035,5.682344,122.144995,apple
20,129,201,23.410447,91.699133,5.636687,116.077793,apple
20,129,201,23.410447,91.699133,5.587906,116.077793,apple
31,125,201,22.355482,90.343969,6.046674,116.736626,apple
6,124,201,23.138761,92.858431,5.956056,110.772349,apple
18,123,201,22.626256,91.569002,6.175274,102.530715,apple
28,122,201,21.036528,90.025751,6.305139,120.369703,apple
26,121,201,22.191094,90.025751,6.162034,112.312663,apple
26,121,201,22.264435,91.385874,6.004771,110.832327,apple
31,121,201,23.170231,90.388959,5.729563,110.755842,apple
31,121,201,23.157911,90.343969,5.731535,110.712841,apple
3,120,201,23.050724,94.920481,5.872409,107.59283,apple
8,120,201,21.186674,91.134357,6.321152,122.233323,apple
8,120,201,23.830537,91.134357,6.321152,109.596679,apple
20,120,201,23.181232,90.283635,5.789892,111.962946,apple
27,120,201,22.336313,90.062227,6.166754,113.046151,apple
33,145,200,23.232063,92.092515,6.348399,110.05895,apple
6,144,200,21.046388,91.06564,5.547232,105.050381,apple
25,143,200,23.68352,92.678183,5.994344,100.736439,apple
25,143,200,23.804363,92.804416,6.024249,100.619254,apple
11,142,200,22.344991,92.054529,6.356956,104.857962,apple
14,139,200,22.616998,90.819848,6.043414,110.470275,apple
23,139,200,23.171769,93.129268,5.736788,103.369622,apple
2,138,200,22.433959,92.02078,5.848394,114.512125,apple
11,138,200,22.929012,92.860993,6.044939,117.534494,apple
32,138,200,21.036528,92.127052,6.009775,106.661398,apple
35,138,200,21.199095,90.808194,5.671306,103.683892,apple
9,137,200,21.164422,90.730812,5.65849,102.974333,apple
9,137,200,21.121521,90.687877,5.636687,102.80172,apple
9,137,200,21.377847,90.687877,5.636687,102.80172,apple
30,137,200,22.9143,90.704756,5.603413,118.604464,apple
31,137,200,22.9143,93.825674,6.400321,118.604464,apple
28,136,200,23.062044,92.395441,6.245859,114.73991,apple
0,133,200,22.294235,90.69034,6.222391,104.229803,apple
0,133,200,23.672877,90.493557,5.708419,104.229803,apple
25,133,200,22.440415,90.032953,5.736705,100.117344,apple
2,130,200,22.705004,94.920481,5.671411,124.983162,apple
1,126,200,23.260548,93.804382,5.670047,117.262555,apple
27,126,200,23.599973,90.975977,6.110219,116.703658,apple
6,124,200,22.982081,93.84505,5.971332,109.585225,apple
31,123,200,21.582147,94.920481,5.722988,106.904164,apple
17,122,200,23.028095,91.249668,5.987677,114.916752,apple
30,121,200,23.229814,90.606545,5.720023,110.963811,apple
36,121,200,23.048837,93.765095,5.730342,116.943637,apple
18,120,200,21.452787,90.745319,6.110219,116.703658,apple
27,120,200,21.452787,90.745319,6.110219,116.703658,apple
6,144,199,23.298745,93.456528,6.004716,114.03547,apple
28,144,199,23.996862,90.057529,5.811946,102.136404,apple
3,143,199,23.768816,91.127193,5.798351,115.478915,apple
30,143,199,22.562054,94.920481,5.807535,118.127908,apple
30,143,199,23.768816,90.598103,5.798351,102.264855,apple
9,139,199,21.911913,94.541283,6.499227,105.355841,apple
9,139,199,23.252308,94.541283,5.867421,105.355841,apple
9,139,199,22.60801,94.589006,5.867421,105.355841,apple
8,137,199,21.268541,90.607955,5.612771,102.618125,apple
37,137,199,22.642434,90.025751,5.728653,110.066631,apple
37,137,199,22.639464,90.184516,5.697946,108.340588,apple
0,133,199,23.75115,93.302371,5.769078,106.086101,apple
15,133,199,23.996862,91.610017,5.824779,117.610292,apple
21,133,199,23.959715,90.139767,5.593056,120.62241,apple
16,132,199,23.908922,91.623381,5.789257,117.380476,apple
2,131,199,22.474205,91.227597,6.01737,124.21797,apple
2,131,199,22.483854,91.325935,6.006879,124.153058,apple
31,130,199,21.777596,93.13301,6.244864,100.117344,apple
22,128,199,23.438246,90.746253,5.568752,115.757803,apple
1,124,199,23.710591,93.273924,5.658474,112.667659,apple
1,124,199,23.710591,94.896134,5.658474,112.667659,apple
15,123,199,22.265679,93.889976,6.286623,118.806876,apple
33,123,199,23.331626,90.592326,5.678451,109.321734,apple
14,122,199,22.329578,93.138922,6.41374,118.330377,apple
28,122,199,21.735136,91.536563,5.83192,108.85283,apple
25,121,199,22.176611,90.025751,6.178292,113.696337,apple
2,120,199,23.27207,91.589276,5.857509,107.136056,apple
5,145,198,21.148236,90.45416,5.537608,104.045578,apple
6,144,198,21.114787,90.315287,5.559364,104.508662,apple
7,144,198,23.343864,93.58066,5.856481,104.426799,apple
13,144,198,23.000545,94.175912,6.284241,104.353682,apple
25,143,198,22.812125,91.518617,6.027314,107.855225,apple
34,141,198,21.036528,91.443165,5.909458,122.802387,apple
24,140,198,22.761478,91.092702,5.898371,101.779351,apple
30,140,198,23.768816,90.598103,5.798351,104.426799,apple
33,140,198,22.005255,93.053343,5.721984,115.421443,apple
34,140,198,21.70417,93.440063,5.751707,115.17814,apple
35,140,198,23.342274,90.904149,6.260555,105.374109,apple
36,140,198,23.343864,91.476847,6.281884,104.426799,apple
36,140,198,23.087495,91.396922,6.2089,104.337998,apple
36,140,198,22.990715,91.366749,6.181349,104.304475,apple
10,138,198,21.424903,91.454576,6.258497,108.408079,apple
29,138,198,22.433245,92.486677,6.222391,119.102519,apple
33,138,198,22.294235,90.69034,6.222391,122.741874,apple
7,137,198,23.996862,92.41668,5.639866,102.72872,apple
8,137,198,21.50129,91.067942,5.829689,104.329705,apple
28,137,198,23.263995,91.891993,6.006729,115.43888,apple
20,135,198,23.796861,93.536472,5.757789,103.41815,apple
21,135,198,23.860871,94.920481,5.765015,105.024133,apple
30,135,198,22.239335,93.911735,6.370953,119.562003,apple
40,135,198,23.860871,92.488795,5.765015,119.633555,apple
2,134,198,23.080735,91.136727,5.958385,105.821905,apple
3,132,198,21.981419,90.851744,6.142803,115.478915,apple
25,132,198,22.319441,90.851744,5.732758,100.117344,apple
27,132,198,22.319441,93.901911,5.952368,105.400475,apple
31,130,198,21.801298,92.734467,5.554824,120.058667,apple
31,130,198,21.801298,92.734467,5.554824,120.058667,apple
32,130,198,21.849939,93.407135,5.536902,120.536261,apple
24,129,198,22.994802,90.434803,5.528428,109.330516,apple
34,129,198,21.632255,94.812732,5.974957,100.117344,apple
29,128,198,22.44075,92.707851,5.685062,121.497733,apple
31,128,198,21.801298,92.734467,5.554824,121.497733,apple
29,127,198,22.616641,92.947332,6.179119,115.435978,apple
30,127,198,22.405465,92.420715,5.632665,122.002185,apple
26,126,198,21.577419,93.169562,5.892391,115.711745,apple
34,126,198,21.70417,92.991245,5.751707,118.397906,apple
28,124,198,23.387521,91.376289,5.665737,111.634497,apple
36,124,198,23.343864,93.273924,5.658474,104.426799,apple
8,123,198,21.733937,90.025751,6.131219,117.783603,apple
28,123,198,23.462603,91.45665,5.682751,111.77634,apple
29,123,198,22.859406,91.822311,5.651066,110.14603,apple
30,122,198,21.766685,92.201321,5.607819,107.140223,apple
40,122,198,23.915997,92.748229,5.907766,121.087336,apple
28,120,198,22.023229,92.206831,6.097663,119.521303,apple
28,120,198,21.422008,90.562877,6.13129,117.256685,apple
5,144,197,21.58821,90.355974,5.591991,106.101605,apple
7,144,197,23.849401,94.34815,6.133221,114.05125,apple
9,144,197,23.750331,92.881605,5.570021,117.660283,apple
12,144,197,22.669829,94.257878,6.179784,105.528978,apple
13,144,197,22.921571,94.896134,6.280223,105.694154,apple
8,143,197,23.935748,93.741175,5.615147,117.573634,apple
9,143,197,23.750331,92.881605,5.570021,117.660283,apple
11,143,197,22.984589,93.320449,5.875719,122.195248,apple
11,143,197,23.417746,93.068903,5.668047,117.444684,apple
16,143,197,23.101518,94.920481,5.762931,117.813906,apple
16,143,197,22.617116,93.519784,5.904026,116.925677,apple
21,143,197,21.90154,91.513149,6.485187,119.034172,apple
26,143,197,22.588643,92.051948,6.007988,106.47656,apple
3,142,197,22.31528,90.819226,5.926719,112.925218,apple
11,142,197,23.579333,92.030629,5.785329,115.674813,apple
35,142,197,22.882641,94.08465,6.202658,115.288869,apple
39,142,197,22.693687,91.622917,5.898959,107.429307,apple
3,141,197,21.981419,91.127193,6.142803,115.478915,apple
3,141,197,23.410447,91.699133,5.587906,115.478915,apple
8,141,197,23.133118,94.144307,5.8629,105.063037,apple
2,140,197,22.697801,92.822234,5.534567,105.050823,apple
3,140,197,22.692784,92.521178,5.545682,106.178743,apple
10,140,197,22.169395,90.271856,6.229499,124.468311,apple
10,140,197,22.229474,90.496535,6.203426,124.300788,apple
10,140,197,22.169395,90.271856,6.229499,107.172819,apple
14,140,197,23.61192,90.900547,5.812782,123.590082,apple
14,140,197,23.323707,91.002247,6.064762,113.189083,apple
14,140,197,23.352251,90.900547,6.071255,113.038138,apple
22,140,197,22.169395,90.271856,6.499227,117.076128,apple
35,140,197,22.697801,90.808194,5.671306,105.050823,apple
14,139,197,21.724845,92.839756,6.05653,121.696176,apple
29,138,197,22.190554,92.437642,5.830892,121.662276,apple
34,138,197,21.662266,94.216612,5.775038,114.514093,apple
31,136,197,22.104624,93.83197,6.351863,120.384292,apple
34,136,197,21.08792,90.025751,5.669585,105.037708,apple
24,132,197,22.412452,91.088392,5.741323,101.012392,apple
27,131,197,22.232385,94.116171,6.068914,113.634308,apple
6,125,197,22.940893,91.491161,5.698159,112.888515,apple
15,123,197,21.377847,92.720437,5.573241,106.141702,apple
26,123,197,21.947546,90.348916,6.138687,111.464761,apple
26,122,197,22.44517,94.737635,5.617227,117.660283,apple
29,122,197,22.112327,92.275193,5.611823,108.12684,apple
30,122,197,21.377847,92.720437,5.573241,106.141702,apple
14,121,197,22.456967,94.762854,5.605934,113.038138,apple
29,120,197,22.745481,94.410512,6.120277,122.799756,apple
40,120,197,22.963885,92.488795,5.889481,119.633555,apple
40,120,197,23.805938,92.488795,5.889481,119.633555,apple
8,144,196,21.119993,90.025751,5.57615,104.690082,apple
10,144,196,22.941685,94.270797,6.078789,105.19651,apple
11,144,196,22.933249,94.533065,6.16327,105.405223,apple
22,144,196,21.911913,91.687481,6.499227,117.076128,apple
26,144,196,23.651676,90.025751,6.162034,115.361127,apple
31,144,196,22.144641,94.34815,6.133221,120.631078,apple
36,144,196,23.651676,94.505288,6.496934,115.361127,apple
40,144,196,22.717507,92.254799,5.987263,107.028987,apple
2,143,196,22.712713,90.452617,5.669489,109.88526,apple
22,143,196,21.547918,91.474883,6.499227,115.377757,apple
25,143,196,22.712713,90.452617,5.732758,109.88526,apple
6,142,196,22.993569,93.581865,5.872915,108.468307,apple
40,142,196,22.485754,92.012228,5.967283,107.365859,apple
13,141,196,23.881246,93.505742,6.443383,120.159377,apple
28,140,196,23.578646,90.765997,5.543816,116.4299,apple
1,139,196,22.852135,93.037025,5.553907,105.908465,apple
14,139,196,22.750888,92.839756,6.05653,121.696176,apple
14,139,196,21.724845,92.839756,5.730557,113.068816,apple
4,138,196,22.490857,92.277701,5.976697,106.698379,apple
31,138,196,22.085333,92.405132,6.415311,121.582277,apple
18,137,196,23.557543,92.060118,5.900136,106.623598,apple
21,137,196,23.61192,91.702938,5.812782,123.590082,apple
22,137,196,23.27027,91.702935,5.807663,123.834342,apple
31,137,196,22.144641,93.825674,6.400321,120.631078,apple
34,137,196,22.144641,93.825674,6.400321,120.631078,apple
3,136,196,22.444482,92.635217,6.226536,106.969883,apple
17,136,196,23.871923,90.49939,5.882156,103.054809,apple
5,135,196,22.178409,91.966045,6.311052,106.330775,apple
15,133,196,22.144641,91.610017,6.400321,120.631078,apple
28,130,196,22.134506,94.676957,6.062356,112.920322,apple
23,129,196,22.802385,90.737439,5.51448,110.007534,apple
24,128,196,22.750888,90.694892,5.521467,110.431786,apple
24,128,196,21.57594,93.365805,5.899728,102.164309,apple
24,127,196,22.531538,91.390986,5.514253,110.905419,apple
25,127,196,22.924636,90.880856,5.560841,110.760025,apple
6,126,196,23.640587,93.592525,5.985967,111.811441,apple
37,126,196,23.599973,90.975977,5.596449,107.172819,apple
10,125,196,22.312537,90.035771,5.730557,113.068816,apple
27,125,196,21.279087,93.027777,5.888737,120.184151,apple
1,124,196,23.710591,93.273924,5.669489,112.667659,apple
19,122,196,23.344674,92.254799,5.811975,107.028987,apple
13,121,196,22.20701,93.505742,6.443383,120.159377,apple
13,121,196,21.413638,92.991245,5.878569,120.159377,apple
29,121,196,22.848528,94.321302,6.079497,123.597784,apple
6,145,195,21.036528,90.025751,5.717384,100.704266,apple
7,145,195,23.742235,94.301592,6.311197,115.470957,apple
14,145,195,22.96362,90.025751,6.13698,114.414407,apple
30,145,195,23.939516,90.025751,5.614057,102.454926,apple
35,145,195,21.644868,91.874782,6.046292,115.055959,apple
35,145,195,22.039115,94.580758,6.23195,110.980401,apple
36,145,195,22.130878,94.920481,6.236533,112.524189,apple
0,144,195,22.815275,91.482907,5.699741,105.6809,apple
7,144,195,23.651676,93.58066,5.856481,115.361127,apple
7,144,195,22.963885,93.58066,5.856481,104.647299,apple
33,144,195,22.930524,93.693266,6.499227,106.14821,apple
2,143,195,22.648886,91.522761,5.718742,106.109796,apple
36,143,195,21.036528,91.840967,5.809433,106.099218,apple
37,143,195,22.331321,94.920481,6.201965,112.518421,apple
8,142,195,23.996862,93.747625,5.534563,106.563502,apple
8,142,195,23.962321,93.122859,5.514253,105.364272,apple
10,142,195,22.289265,90.181464,6.252608,124.983162,apple
7,141,195,23.80446,93.583826,5.557371,104.965895,apple
7,141,195,23.881246,93.450676,5.514253,104.911666,apple
40,141,195,22.078833,90.025751,5.842454,106.34366,apple
29,140,195,23.64083,90.952579,5.560521,116.743132,apple
29,140,195,22.44075,90.952579,5.560521,116.743132,apple
3,139,195,22.535951,90.025751,6.376665,117.350518,apple
14,139,195,23.874301,92.799339,5.948032,116.317889,apple
23,139,195,22.381044,91.305314,5.866585,124.983162,apple
29,139,195,22.092043,92.181767,5.842627,119.94111,apple
34,139,195,21.656646,93.961821,5.778925,114.824478,apple
0,138,195,23.996862,90.025751,5.875224,100.679068,apple
2,138,195,22.03582,90.025751,5.514253,111.303594,apple
23,138,195,22.490951,91.702927,5.795986,124.39151,apple
36,138,195,23.025339,90.025751,5.558127,110.526658,apple
40,138,195,22.490951,92.488795,5.889481,119.633555,apple
10,137,195,22.347166,90.825279,6.124553,121.556862,apple
23,137,195,23.366453,91.992646,5.793444,119.602122,apple
5,136,195,22.356287,91.923605,6.264203,107.769741,apple
10,136,195,21.198522,92.155951,5.514253,104.911666,apple
14,135,195,22.475833,90.83154,5.969197,124.09921,apple
14,134,195,21.093241,93.031886,6.065726,122.426812,apple
21,127,195,22.571596,90.03389,5.514253,108.76905,apple
25,126,195,21.355483,93.588667,5.873049,121.420256,apple
26,126,195,22.027754,92.991245,5.878569,121.134918,apple
26,126,195,21.575629,92.94655,5.84805,118.886796,apple
26,126,195,21.413638,92.991245,5.878569,118.397906,apple
28,126,195,21.525314,94.079491,5.87955,117.201544,apple
37,126,195,23.99245,90.855999,5.592281,106.235165,apple
14,122,195,22.217478,93.22532,6.481086,120.567097,apple
29,122,195,22.349,93.797948,5.882939,119.391635,apple
29,120,195,21.036528,93.741931,5.775883,107.718914,apple
30,120,195,23.037733,92.203989,5.948128,123.798396,apple
92,95,55,26.005175,79.00937,5.903296,93.745045,banana
114,94,55,26.539342,77.211742,6.192435,116.510801,banana
90,92,55,27.009321,80.185468,6.134656,97.325317,banana
90,92,55,27.009321,80.185468,6.134656,90.451429,banana
116,92,55,27.009321,83.699504,6.134656,95.123221,banana
89,91,55,25.083474,80.261731,6.275572,94.329615,banana
89,91,55,25.272373,80.448905,6.294565,93.635321,banana
90,91,55,25.083474,80.185468,6.134656,94.329615,banana
91,91,55,25.098927,80.854708,6.218446,94.484888,banana
94,91,55,26.423133,83.699504,5.618094,95.123221,banana
90,90,55,25.19935,81.45747,6.144395,96.864784,banana
108,90,55,27.209648,83.357011,6.268286,103.703902,banana
108,89,55,26.358985,83.562954,5.85963,116.264988,banana
105,88,55,26.28846,78.762609,5.760458,113.87298,banana
108,88,55,26.28846,78.523999,5.891458,116.301956,banana
108,88,55,26.28846,83.390039,5.891458,113.87298,banana
110,88,55,29.17344,78.40574,5.555409,96.850127,banana
111,88,55,29.447954,78.349715,5.505394,96.450426,banana
89,87,55,26.010354,78.058289,6.275463,92.814858,banana
107,87,55,26.320132,83.756524,5.844673,111.436501,banana
88,86,55,26.664566,77.354123,6.261162,94.269804,banana
89,86,55,26.356121,77.236308,6.275422,92.249786,banana
90,86,55,28.227767,80.643038,5.758054,97.559867,banana
90,86,55,27.962368,84.154036,5.644487,97.559867,banana
92,86,55,28.070165,83.797675,5.626451,98.010956,banana
89,85,55,26.671984,76.485417,6.275385,91.733586,banana
87,84,55,27.253684,84.978492,5.856829,97.738523,banana
90,84,55,28.032369,83.313089,5.636148,96.123931,banana
84,81,55,25.15933,84.119379,5.583825,97.736399,banana
116,81,55,26.415537,83.624436,5.915547,95.171604,banana
116,81,55,26.423133,83.699504,5.915546,95.123221,banana
116,81,55,26.671984,83.699504,6.275385,91.733586,banana
117,81,55,29.523335,78.45379,5.505394,97.116905,banana
101,80,55,26.825461,80.376257,5.803307,113.860855,banana
104,80,55,27.126209,82.144642,5.85224,111.461843,banana
104,80,55,26.885844,80.544869,5.902107,111.380634,banana
116,80,55,26.324006,83.880966,5.936207,98.322057,banana
83,79,55,25.14748,83.346882,5.565029,98.666794,banana
82,77,55,26.477755,80.40631,5.998318,94.726534,banana
82,75,55,27.345851,78.487383,6.28107,92.155243,banana
82,75,55,27.31316,79.008154,6.306109,91.51014,banana
90,75,55,27.612401,76.728537,6.19224,109.397416,banana
91,75,55,27.48613,76.112398,6.212369,109.276885,banana
118,75,55,25.757749,84.978492,6.142331,113.583157,banana
83,74,55,27.558037,79.791105,6.260453,90.949576,banana
118,73,55,25.010185,84.978492,6.004661,116.010489,banana
114,72,55,27.303937,83.5802,6.169876,114.050311,banana
119,72,55,25.990695,83.339831,6.220644,112.077715,banana
119,72,55,25.990695,83.339831,6.211833,112.077715,banana
104,71,55,29.420179,81.335069,5.879119,110.133118,banana
107,71,55,29.420179,83.967545,6.088064,117.229079,banana
114,71,55,25.94231,81.436854,6.030937,113.746925,banana
106,70,55,25.868248,78.523999,5.740555,116.301956,banana
106,70,55,26.045316,78.858684,5.767725,114.722321,banana
119,70,55,26.519939,84.546441,6.44455,110.144548,banana
120,70,55,26.741835,80.429965,6.271995,112.920643,banana
94,95,54,25.752185,84.978492,6.058009,115.750997,banana
105,93,54,28.672089,78.762609,5.725419,94.379875,banana
90,91,54,25.010185,81.056903,6.29944,93.601893,banana
112,91,54,28.283977,78.969516,5.508849,96.277975,banana
105,88,54,25.787498,84.511942,6.020445,114.200546,banana
109,88,54,26.05194,82.205309,5.883858,115.739526,banana
91,87,54,27.97434,82.612291,5.817931,96.715189,banana
101,87,54,29.073111,76.500452,6.376757,100.169264,banana
91,86,54,27.030619,77.136167,6.264629,92.527872,banana
92,86,54,27.292193,77.610797,6.256784,93.107191,banana
89,85,54,27.904468,83.712651,5.654488,97.100394,banana
90,85,54,27.175212,76.563459,6.272584,91.774949,banana
105,84,54,26.387142,83.050076,5.955413,112.328883,banana
105,84,54,27.433831,78.379651,5.895528,98.226679,banana
106,84,54,28.063207,80.781986,5.893327,111.21847,banana
118,82,54,25.41743,83.497506,5.84732,114.806497,banana
104,80,54,27.090622,81.335069,5.879119,110.133118,banana
85,79,54,25.280067,83.319169,5.586401,98.170826,banana
85,76,54,29.211449,80.115857,5.926825,108.550144,banana
86,76,54,29.315908,80.115857,5.926825,90.109781,banana
89,75,54,27.601507,76.363107,6.214094,107.535358,banana
101,75,54,27.287128,84.978492,6.23314,93.639848,banana
102,75,54,26.402023,84.410076,5.829899,111.016226,banana
92,74,54,27.375724,76.417997,6.19968,109.869588,banana
82,73,54,27.135737,78.406064,6.029861,95.020577,banana
102,73,54,26.402023,84.410076,5.720727,111.016226,banana
104,72,54,27.591297,84.235701,5.865473,113.464339,banana
104,72,54,26.117727,79.566582,5.869984,113.350677,banana
88,71,54,28.672089,79.195886,5.725419,94.379875,banana
104,71,54,25.990103,79.256047,5.778412,116.986387,banana
108,71,54,29.011531,82.64453,5.897207,117.669007,banana
110,71,54,28.672089,82.207936,5.725419,94.379875,banana
114,70,54,28.416358,84.011032,5.555624,93.905823,banana
85,95,53,28.000771,78.263269,6.454257,107.810657,banana
93,94,53,25.866324,84.423793,6.079179,114.53575,banana
114,94,53,26.335449,76.853201,6.190757,118.685826,banana
118,94,53,25.449262,79.49222,6.201912,118.685826,banana
96,93,53,28.91712,77.068519,5.794416,113.905053,banana
90,92,53,27.357493,81.048145,6.266903,94.138174,banana
108,92,53,27.344492,83.016058,6.267893,105.259631,banana
108,92,53,27.400536,82.962213,6.2768,104.9378,banana
111,92,53,27.519474,78.267952,6.070869,116.012607,banana
107,91,53,26.904424,83.438854,6.197955,107.786687,banana
109,91,53,29.667273,83.510142,6.010096,110.25111,banana
117,91,53,27.088081,76.508234,6.067438,118.81834,banana
107,90,53,28.525769,82.156595,5.997539,106.794247,banana
108,90,53,28.474321,81.225631,6.047019,109.595734,banana
110,90,53,28.360843,79.273276,5.985676,114.113016,banana
108,89,53,29.120369,80.180807,5.90877,112.398206,banana
108,89,53,29.120369,80.180807,5.631272,112.398206,banana
108,89,53,29.550548,78.067628,5.808498,99.344822,banana
115,88,53,29.000592,80.781767,5.694769,97.740186,banana
93,87,53,27.469179,77.931942,6.251476,93.499171,banana
99,87,53,29.364732,76.670362,6.3351,97.318697,banana
104,87,53,25.888269,83.566461,6.039862,113.341618,banana
92,86,53,29.103636,81.369263,6.281907,94.973702,banana
97,86,53,29.908885,76.211458,6.215794,92.337946,banana
107,86,53,29.159415,82.45591,6.018602,108.615354,banana
117,86,53,25.196402,83.390039,5.703382,115.858608,banana
117,86,53,25.196402,83.558299,5.703382,115.858608,banana
106,85,53,27.19946,78.808607,5.915055,99.724308,banana
115,85,53,25.185108,83.833717,5.684581,115.559094,banana
120,85,53,28.076446,78.808607,5.915055,118.992357,banana
107,84,53,27.000398,78.822807,5.915136,99.486658,banana
107,83,53,27.712744,82.904203,5.72785,109.444379,banana
93,81,53,27.34618,82.609428,6.44109,93.77433,banana
117,81,53,29.507046,78.205856,5.507642,98.125658,banana
117,81,53,26.423133,83.558299,5.915546,95.123221,banana
111,79,53,28.311933,75.773638,6.165001,119.695765,banana
87,76,53,29.280445,79.863283,5.897362,90.147735,banana
104,76,53,28.781124,75.656933,5.801254,96.825334,banana
83,75,53,28.70698,80.785848,5.968807,91.051968,banana
89,75,53,27.604256,76.103527,6.214151,106.775608,banana
95,73,53,28.04656,75.67504,5.569377,119.84797,banana
99,73,53,26.29039,81.060038,5.871702,118.673037,banana
105,73,53,26.232691,81.040876,6.111564,103.148659,banana
102,95,52,27.229963,84.521395,5.900033,100.363068,banana
90,93,52,27.840891,78.797592,6.140042,95.739847,banana
106,93,52,28.607875,81.011772,6.062532,111.195583,banana
87,92,52,28.453315,83.176363,6.364762,108.004963,banana
120,92,52,28.076446,82.962213,6.2768,118.992357,banana
110,91,52,28.216596,84.978492,6.490074,103.028356,banana
106,89,52,28.180091,82.951272,6.490074,104.968203,banana
95,88,52,28.00316,78.90086,6.235462,94.681803,banana
95,88,52,28.023304,80.087941,6.253486,94.48637,banana
100,88,52,28.780531,76.651259,6.392897,99.317243,banana
118,88,52,28.650039,82.687525,5.843163,98.750844,banana
118,88,52,27.345851,78.487383,5.843163,98.750844,banana
95,87,52,28.068295,79.61456,6.239324,94.963805,banana
120,87,52,28.076446,76.055221,5.905495,118.992357,banana
90,86,52,25.85037,81.955805,5.79326,119.085617,banana
90,86,52,26.165023,81.646146,5.850266,118.937842,banana
93,86,52,25.474661,80.360556,5.571256,116.922592,banana
107,86,52,26.828686,77.524063,5.965368,99.145044,banana
120,86,52,27.916223,76.733416,5.937649,118.420284,banana
100,85,52,27.967991,81.539778,5.694244,119.476556,banana
89,84,52,28.368311,79.784347,5.536929,108.643637,banana
89,84,52,27.119069,76.610388,6.261186,93.705397,banana
91,84,52,29.148272,78.710248,6.390742,117.536781,banana
100,82,52,27.394896,83.31172,5.719015,110.326212,banana
92,81,52,26.475226,78.518338,6.438137,113.11611,banana
92,81,52,28.01068,76.528081,5.891414,103.704078,banana
92,81,52,27.393416,81.465483,6.438137,94.311021,banana
101,81,52,27.485571,76.247384,5.999588,110.454943,banana
115,81,52,25.879081,82.740716,6.114068,113.307137,banana
91,80,52,28.15665,80.408988,6.490074,95.193313,banana
97,80,52,27.745058,76.938268,5.98063,107.434165,banana
99,80,52,27.534608,77.159021,6.063627,110.236977,banana
100,80,52,27.539114,77.256299,6.049802,110.326212,banana
92,79,52,27.421493,80.553249,6.470787,96.136639,banana
105,77,52,29.162266,76.161516,5.816622,100.007568,banana
106,77,52,29.908885,75.031933,5.601002,103.046059,banana
99,75,52,25.456815,77.835332,5.784331,115.325638,banana
102,75,52,26.669186,79.758719,5.830425,97.64685,banana
104,75,52,27.690403,78.90184,5.95376,102.17656,banana
92,74,52,25.434805,81.539778,5.837258,103.704078,banana
100,74,52,25.434805,81.539778,5.837258,96.478004,banana
100,74,52,25.436094,81.540727,5.837528,96.474759,banana
100,74,52,25.639269,81.279018,5.876005,96.471553,banana
98,73,52,25.533118,80.06465,5.927882,99.480717,banana
102,73,52,27.91221,83.363077,6.356091,90.242115,banana
107,71,52,27.539114,77.256299,6.088064,117.229079,banana
83,95,51,26.516823,76.987408,5.509471,108.854751,banana
83,95,51,29.211449,77.799136,6.158164,108.550144,banana
103,95,51,26.243076,84.978492,5.94861,100.601125,banana
111,95,51,26.451403,75.031933,6.040044,117.670615,banana
93,93,51,26.644929,83.986546,6.087849,115.617247,banana
94,91,51,29.160934,76.674842,5.618094,109.575944,banana
85,89,51,29.211449,84.701899,6.158164,108.550144,banana
93,89,51,29.908885,76.048401,6.425746,90.20665,banana
109,89,51,29.260967,79.276902,5.814095,98.60746,banana
119,89,51,25.361527,79.868705,6.204092,100.693671,banana
116,88,51,28.158223,82.397603,5.783799,98.623422,banana
118,88,51,25.449262,79.49222,6.201912,100.661917,banana
118,88,51,26.375366,80.41674,6.098112,100.108973,banana
83,86,51,29.908885,84.978492,6.086252,104.354621,banana
96,86,51,29.667273,83.510142,6.010096,110.25111,banana
96,86,51,29.908885,82.063888,6.435786,91.999647,banana
96,86,51,29.908885,76.987408,6.25737,91.999647,banana
92,85,51,29.221186,81.081836,5.740765,108.861647,banana
97,82,51,27.489519,79.071979,6.058033,103.68948,banana
90,79,51,28.274124,78.678455,5.845694,99.741775,banana
100,79,51,27.765484,77.422306,6.051892,113.079782,banana
112,79,51,28.428901,75.340915,6.189751,119.84797,banana
114,79,51,26.210092,82.344295,6.313197,112.070003,banana
118,79,51,26.210092,79.49222,6.201912,112.070003,banana
100,78,51,27.206093,78.718774,6.117701,110.205138,banana
103,78,51,29.34322,75.871619,5.827781,99.571952,banana
97,77,51,25.010185,84.978492,6.270631,90.109781,banana
101,75,51,27.212555,83.665181,6.377814,90.466031,banana
94,74,51,26.163079,79.751107,6.037169,109.966663,banana
96,74,51,28.162835,76.272531,5.632965,118.338782,banana
114,74,51,25.145176,82.344295,6.098369,112.070003,banana
103,72,51,26.126434,81.81365,6.099479,104.481286,banana
117,72,51,25.293915,79.291222,6.099479,104.481286,banana
119,72,51,25.870977,82.618305,6.191797,113.850322,banana
83,95,50,26.516823,77.799136,5.509471,108.854751,banana
85,95,50,28.981557,77.289711,6.392856,107.586717,banana
86,95,50,28.338014,77.530887,6.453133,108.798999,banana
105,95,50,27.33369,83.676752,5.849076,101.049479,banana
83,94,50,27.060381,79.191556,5.640325,108.793306,banana
84,93,50,27.417037,80.105195,5.726185,108.752989,banana
107,92,50,26.373746,81.158248,6.055002,106.411715,banana
100,90,50,28.51424,77.081118,6.345523,102.141405,banana
114,90,50,28.181329,76.315534,6.16127,96.362369,banana
93,89,50,28.888181,76.961901,5.621469,109.56696,banana
105,88,50,25.341198,84.511942,6.435917,114.200546,banana
120,88,50,28.346169,77.670077,5.94245,118.657255,banana
88,87,50,25.617424,82.775714,5.696332,114.944052,banana
113,87,50,27.146702,78.270117,6.234595,99.505127,banana
118,87,50,28.858611,81.932428,6.263187,118.216572,banana
91,85,50,29.211283,78.559485,6.413387,114.961631,banana
92,85,50,29.240473,81.371391,5.743699,108.907908,banana
93,85,50,28.432699,79.952091,5.711495,115.540354,banana
89,84,50,28.880693,77.602952,5.712967,119.839682,banana
106,84,50,27.271657,79.426242,5.904959,101.592272,banana
115,82,50,27.237234,82.425979,6.276843,113.760886,banana
120,82,50,25.920964,83.430583,6.137994,115.062824,banana
93,81,50,27.891707,77.300443,6.007855,102.94367,banana
93,81,50,27.718225,76.578532,6.036079,102.209984,banana
98,79,50,29.073111,76.500452,6.435917,100.169264,banana
98,79,50,25.341198,84.473213,6.435917,91.064934,banana
98,78,50,25.351578,84.147922,6.369532,91.665193,banana
109,78,50,25.878909,78.098511,5.925295,100.480799,banana
110,78,50,25.937302,78.898644,5.915569,98.217475,banana
115,78,50,25.584051,82.221462,6.13325,112.136247,banana
81,77,50,26.033405,79.114306,5.574454,110.017345,banana
100,77,50,25.901655,78.657216,6.342212,113.195109,banana
118,77,50,25.481161,80.235066,6.466167,112.782781,banana
101,76,50,26.646269,81.399772,6.204191,109.998439,banana
111,76,50,26.824643,79.318081,6.105781,101.376301,banana
95,75,50,28.00316,75.264298,5.623616,118.276189,banana
95,75,50,28.081661,75.264298,5.623616,118.276189,banana
101,75,50,29.120369,80.180807,6.242528,112.398206,banana
101,75,50,26.593864,81.407403,6.242528,109.982555,banana
101,75,50,26.730414,81.496105,6.218948,109.927695,banana
95,74,50,25.901131,80.471527,6.002482,110.10323,banana
103,73,50,28.008252,82.730853,6.359682,90.988608,banana
107,71,50,25.937302,83.967545,6.088064,98.217475,banana
80,95,49,26.106644,77.594343,5.697722,110.689322,banana
83,95,49,26.777543,78.77653,5.79325,109.824662,banana
86,95,49,28.054841,78.046029,6.458715,108.395718,banana
82,94,49,26.77646,76.009136,6.064912,118.966343,banana
92,90,49,28.682807,84.978492,5.649884,109.564114,banana
109,90,49,27.424264,80.478148,5.63791,99.043871,banana
93,87,49,28.218568,81.500548,5.676967,115.923263,banana
112,86,49,28.249348,76.59294,6.042991,108.122445,banana
115,86,49,28.682985,82.046471,6.259664,116.974049,banana
93,85,49,27.967991,79.286257,5.694244,119.476556,banana
98,82,49,27.417358,75.37904,6.053759,108.445682,banana
95,81,49,27.363513,80.861509,5.53793,94.454187,banana
117,79,49,25.409099,82.362081,6.176644,112.97948,banana
80,77,49,26.05433,79.396545,5.519088,113.229737,banana
103,75,49,26.156274,83.557624,6.148349,100.495903,banana
95,74,49,26.36681,80.847438,5.976407,109.939956,banana
106,73,49,29.312174,79.955643,5.578665,99.918146,banana
112,73,49,29.16437,78.001191,5.709987,91.18456,banana
101,72,49,27.770025,79.905841,5.734276,100.819065,banana
96,71,49,25.557696,84.978492,6.432906,92.890217,banana
82,95,48,26.914728,78.010385,6.490074,111.032949,banana
83,95,48,26.626139,77.498808,5.505394,111.308315,banana
85,95,48,27.75975,79.421919,6.463507,110.077718,banana
86,95,48,25.978109,77.386299,6.217372,119.84797,banana
105,95,48,27.33369,77.320172,5.707489,90.667279,banana
86,94,48,27.918639,77.531322,6.403512,108.582887,banana
95,94,48,27.769577,75.031933,6.490074,100.770322,banana
97,94,48,29.074181,78.008964,6.465298,105.600297,banana
110,90,48,26.820006,82.75815,5.92944,94.940459,banana
119,90,48,28.667251,79.592425,5.986442,118.258344,banana
80,89,48,26.381087,80.670474,6.191613,106.74691,banana
94,89,48,28.55981,84.516023,5.653438,111.084303,banana
116,89,48,26.423133,83.699504,5.653438,95.123221,banana
94,88,48,28.55981,78.90086,6.235462,111.084303,banana
94,88,48,28.73089,84.305631,5.676701,110.702597,banana
118,88,48,28.079654,79.335646,6.30162,116.097645,banana
111,87,48,26.398552,81.360289,5.571401,98.16752,banana
111,87,48,26.398552,81.360289,5.571401,98.16752,banana
111,87,48,26.254425,81.513859,5.571837,96.485845,banana
112,87,48,27.019792,77.573545,6.145546,100.02411,banana
112,87,48,27.197116,77.397063,6.200111,99.469505,banana
112,87,48,27.164827,77.55731,6.17469,99.416861,banana
112,87,48,27.008667,78.332324,6.051745,99.162256,banana
112,86,48,26.546278,80.61401,5.586472,98.575311,banana
117,86,48,28.69562,82.541958,6.225225,116.161684,banana
117,86,48,28.67452,82.374923,6.219913,115.961702,banana
112,84,48,28.272103,75.031933,6.29766,102.184534,banana
90,83,48,28.407603,78.066774,5.856283,111.909841,banana
94,82,48,27.835808,76.969231,6.036206,101.876622,banana
95,82,48,27.394896,83.31172,5.719015,92.781336,banana
83,80,48,25.430567,84.756715,5.777195,110.894697,banana
90,80,48,29.184042,80.320092,5.798709,107.807225,banana
93,79,48,27.592377,80.29188,5.67422,90.98258,banana
94,77,48,28.091267,75.506446,5.587547,117.402333,banana
103,76,48,26.921562,80.88183,6.318083,109.580308,banana
99,75,48,26.539254,80.077544,5.982543,111.424955,banana
112,73,48,29.244064,77.320172,5.707489,90.667279,banana
94,72,48,25.136865,83.339831,6.195152,91.464425,banana
112,72,48,25.990695,83.339831,6.220644,112.077715,banana
113,72,48,28.782791,78.629433,5.908498,90.853712,banana
114,72,48,28.449586,79.575193,6.0537,90.988385,banana
99,71,48,26.394791,80.925507,5.837082,119.245088,banana
101,71,48,28.236509,80.040016,5.701807,102.067196,banana
102,71,48,28.556401,79.385044,5.710963,102.541729,banana
102,71,48,28.654563,79.286937,5.695268,102.463378,banana
94,70,48,25.136865,84.883944,6.195152,91.464425,banana
101,70,48,25.344716,75.49993,6.019011,116.749554,banana
101,70,48,25.360592,75.031933,6.012697,116.553146,banana
85,95,47,25.94019,78.34221,6.211833,119.84797,banana
85,95,47,26.180346,78.797158,6.254238,118.578073,banana
86,95,47,27.952696,79.043845,6.452809,108.694899,banana
86,95,47,25.94019,80.115857,6.211833,90.109781,banana
83,94,47,27.398723,81.105234,6.469371,112.135538,banana
106,94,47,25.010185,79.283563,5.918144,106.601879,banana
108,94,47,27.359116,84.54625,6.387431,90.812505,banana
80,93,47,25.010185,79.358989,6.210845,107.394472,banana
92,92,47,29.499986,76.429265,6.176162,92.626087,banana
99,92,47,28.127951,77.482471,6.323934,103.50454,banana
100,92,47,28.183715,80.331823,5.753472,99.596877,banana
101,92,47,28.299377,81.555116,5.767114,97.192112,banana
93,91,47,27.847679,83.311108,6.101242,117.287891,banana
93,91,47,27.722307,83.760451,6.137065,116.693179,banana
80,90,47,26.597436,79.358989,6.210845,107.394472,banana
80,89,47,26.620835,79.22897,6.201579,109.342013,banana
96,89,47,27.761024,84.978492,6.259667,119.720624,banana
119,89,47,28.120202,79.898543,5.987532,116.983903,banana
80,87,47,26.658203,81.543247,6.433869,107.725637,banana
83,87,47,28.076446,81.105234,5.905495,112.135538,banana
89,83,47,28.095776,77.795868,5.631272,109.540861,banana
92,83,47,29.286647,83.687019,5.736953,105.685856,banana
93,83,47,26.597436,79.358989,5.765309,107.394472,banana
83,79,47,27.989189,82.442794,5.813607,98.206198,banana
98,79,47,25.403351,84.080467,6.47487,90.109781,banana
81,78,47,25.452144,82.767195,5.651813,111.544104,banana
81,77,47,29.242293,81.194185,5.876247,97.236731,banana
117,76,47,25.562022,77.38229,6.119216,93.102472,banana
95,75,47,27.505277,82.959582,6.156373,109.022564,banana
97,75,47,26.878527,76.02107,5.561694,113.976665,banana
96,74,47,26.300424,79.113053,5.776605,112.198736,banana
117,74,47,25.562022,81.539778,6.119216,96.478004,banana
89,73,47,29.140092,80.119023,6.282362,109.540861,banana
113,73,47,29.150475,77.575337,5.687603,90.109781,banana
80,72,47,27.287691,80.5877,6.060805,106.30019,banana
117,72,47,27.575553,80.924955,6.417262,93.128102,banana
80,71,47,27.505277,80.79784,6.156373,105.077699,banana
100,71,47,25.31651,75.424497,6.062654,119.84797,banana
100,71,47,25.700312,76.094524,5.910602,115.505601,banana
107,71,47,25.249516,84.760927,6.092199,93.865415,banana
108,71,47,27.505277,84.54625,6.156373,105.077699,banana
108,71,47,25.188339,84.665153,6.070991,92.828142,banana
116,71,47,27.572781,82.063888,6.435786,91.342765,banana
114,70,47,29.030031,77.111162,5.665102,90.192928,banana
119,70,47,26.872356,78.922696,6.254055,94.824537,banana
86,95,46,26.058656,77.447527,6.192954,117.94653,banana
91,94,46,29.148272,78.710248,6.149934,117.536781,banana
91,94,46,29.24791,75.031933,6.153582,93.154992,banana
91,94,46,29.367924,76.249001,6.149934,92.828409,banana
99,94,46,26.595808,76.853201,5.72747,118.685826,banana
107,94,46,25.010185,79.834435,5.759837,108.033102,banana
110,94,46,29.367924,76.249001,6.149934,92.828409,banana
98,93,46,28.066564,77.235318,6.2974,107.166752,banana
105,93,46,25.010185,78.762609,5.760458,108.369051,banana
105,93,46,25.010185,83.31172,5.760458,92.781336,banana
110,93,46,27.364075,84.639304,6.423415,90.109781,banana
98,92,46,28.306752,77.087635,6.326079,101.942474,banana
105,92,46,25.097298,79.778267,5.776715,108.766531,banana
113,88,46,26.42013,81.156242,5.563794,99.118126,banana
108,86,46,25.85037,81.955805,6.110845,119.085617,banana
113,85,46,28.21592,77.166965,6.043391,110.059736,banana
86,83,46,29.38254,78.046029,5.765309,109.248665,banana
88,83,46,26.985433,76.026157,5.721401,111.915383,banana
90,83,46,29.908885,84.539561,5.667456,106.983278,banana
93,83,46,29.38254,83.504237,5.765309,109.248665,banana
120,81,46,25.010185,78.908377,5.726491,106.605104,banana
83,79,46,25.14748,80.119023,6.282362,98.666794,banana
90,79,46,28.919689,82.12243,6.210023,92.650757,banana
82,78,46,25.131092,84.564237,5.722574,110.645418,banana
82,78,46,25.058022,84.973237,5.738679,110.44088,banana
83,78,46,29.16268,82.384789,5.923141,93.980017,banana
110,78,46,25.937302,78.898644,5.760458,108.369051,banana
82,77,46,28.947047,82.1889,5.901101,95.830164,banana
85,77,46,28.52567,81.521773,5.865793,98.03142,banana
104,77,46,26.05433,79.396545,5.519088,113.229737,banana
108,77,46,28.150585,78.250358,6.490074,111.746675,banana
96,75,46,26.432779,76.774722,5.792307,99.434861,banana
99,75,46,26.593864,82.995567,5.72747,109.982555,banana
105,74,46,25.010185,79.880328,6.274993,119.84797,banana
104,73,46,29.140092,80.119023,6.282362,90.451429,banana
99,72,46,26.229257,80.481925,5.678574,101.322711,banana
108,72,46,25.162782,84.978492,6.110845,90.945546,banana
109,72,46,28.641392,79.645867,5.753338,91.073477,banana
94,71,46,25.010185,84.451167,6.259895,90.109781,banana
115,71,46,27.505897,82.992845,6.464359,92.762192,banana
99,70,46,26.595808,82.995567,5.72747,100.512334,banana
108,70,46,25.136865,84.978492,6.195152,91.464425,banana
84,95,45,25.85035,77.358803,6.204142,119.84797,banana
85,95,45,26.025067,78.414184,6.22144,119.71873,banana
93,92,45,29.02246,78.766673,6.395407,94.86324,banana
101,92,45,28.227767,80.643038,5.758054,98.00403,banana
81,90,45,26.725972,80.045417,6.225846,107.711349,banana
92,89,45,28.0044,83.107831,6.105263,116.937219,banana
101,89,45,28.227767,80.643038,5.758054,108.550144,banana
106,85,45,27.949725,76.637134,6.037431,109.092163,banana
113,85,45,27.949725,76.637134,6.037431,109.092163,banana
116,84,45,25.010185,78.804122,5.704591,101.569845,banana
117,82,45,25.293915,79.291222,5.614471,105.422025,banana
88,81,45,29.908885,78.67766,6.140513,94.644635,banana
91,81,45,29.908885,82.135499,5.721729,112.494276,banana
115,81,45,25.893679,79.39083,5.835719,106.241369,banana
86,79,45,27.812515,82.692854,5.807664,99.209615,banana
86,79,45,27.774991,82.702063,5.804248,99.201972,banana
109,79,45,27.667528,79.685428,6.490074,108.66464,banana
88,78,45,29.104035,82.362081,6.32427,112.97948,banana
88,78,45,29.104035,79.195886,6.32427,92.078358,banana
117,78,45,25.293915,78.898644,5.614471,105.422025,banana
109,77,45,27.417402,78.739967,6.490074,104.833572,banana
92,76,45,29.114386,77.232085,5.682507,90.109781,banana
94,76,45,28.160532,83.266691,5.625533,112.344776,banana
95,76,45,28.759012,82.823783,5.845081,107.818981,banana
100,76,45,25.56703,75.940677,5.590236,102.786772,banana
92,75,45,29.012077,77.951925,5.674403,90.434954,banana
95,75,45,28.88682,82.881673,5.835303,109.056403,banana
95,75,45,28.983334,82.959582,5.829899,109.022564,banana
95,75,45,28.227767,80.643038,5.758054,98.00403,banana
97,75,45,25.154804,75.158704,5.505394,100.303308,banana
100,75,45,25.782893,77.420966,5.619031,102.309539,banana
102,75,45,25.986559,75.960108,5.505394,103.713135,banana
120,75,45,25.449635,79.147184,5.889516,93.74214,banana
82,74,45,25.145176,84.973237,5.738679,119.218154,banana
93,74,45,28.908861,78.789313,5.68901,90.109781,banana
97,74,45,26.475226,78.518338,5.67772,113.11611,banana
100,74,45,25.900709,78.228896,5.634747,102.049069,banana
105,74,45,25.145176,81.382041,6.098369,119.218154,banana
107,74,45,25.010185,79.728313,5.885282,119.84797,banana
93,73,45,29.908885,77.497584,5.713891,90.145072,banana
97,73,45,27.91221,83.363077,6.356091,90.242115,banana
107,72,45,28.014121,82.979641,5.776155,93.300286,banana
107,72,45,28.149389,81.544489,5.790768,91.405084,banana
112,70,45,27.742171,84.451726,6.312334,90.109781,banana
87.87,25.27,49.93,18.83,64.85,6.44,31,barley
80.16,26.32,49.76,10.09,63.88,6.59,64.46,barley
76.84,38.6,49.68,8.88,50.65,6.72,65.22,barley
69.24,49.49,49.65,14.22,41.42,7.2,72.31,barley
85.31,33.31,49.51,10.25,46.06,6.28,92.58,barley
82.07,39.14,49.37,18.15,43.79,7.01,52.76,barley
64.15,37.48,49.34,11.21,46.46,6.44,42.09,barley
67.33,36.41,49.3,9.77,52.68,6.06,81.79,barley
56.27,27.84,49.28,12.58,52.71,6.97,31.73,barley
56.03,47.33,49.14,15.01,65.83,6.85,41.01,barley
43.73,40.31,49.08,19.09,42.13,6.28,83.99,barley
79.46,25.94,49.01,16.43,49.1,6.54,34.65,barley
46.37,30.27,48.81,19.09,64.04,6.6,53.54,barley
48.98,42.34,48.74,16.05,42.49,6.93,53.82,barley
43.6,52.27,48.73,9.24,55.97,6.46,57.5,barley
88.03,30.91,48.54,23.92,61.35,7.47,69.87,barley
67.03,38.75,48.35,18.78,41.95,6.7,46.82,barley
48.05,41.89,48.31,8.06,47.14,7.41,41.98,barley
73.2,35.15,48.07,22.6,46.28,6.06,81.89,barley
72.3,29.52,47.98,14.13,61.89,6.03,44.36,barley
46.55,47.98,47.97,23.16,51.07,6.2,66.29,barley
65.52,43.8,47.79,8.31,54.31,7.03,80.59,barley
74.36,27.87,47.68,17.1,50.91,7.13,48.02,barley
81.12,50.73,47.5,14.9,49.57,6.87,55.98,barley
50.81,42.73,47.4,20.76,67.64,7.47,30.75,barley
75.74,53.13,47.37,23.14,47.34,6.2,51.16,barley
86.46,37.15,47.18,13.14,54.29,6.34,74.83,barley
65.58,52.56,47.12,10.5,51,6.93,41.16,barley
80.13,32.41,46.99,22.57,68.3,6.78,77.4,barley
70.15,26.71,46.81,16.48,60.08,7.25,40.52,barley
53.1,51.45,46.75,11.14,58.42,6.13,57.41,barley
81.38,54.04,46.7,17.61,55.9,6.04,47.27,barley
61.52,33.24,46.63,8.65,67.41,7.25,50.83,barley
87.29,30.91,46.26,19.27,53.62,6.81,89.47,barley
41.17,37.91,46.25,12.82,42.84,7.14,72.42,barley
55.8,46.88,46.24,23.02,64.15,7.28,68.54,barley
73.37,25.38,46.15,15.15,50.29,6.21,60.76,barley
72.66,53.15,46.14,20.26,63.65,7,48.22,barley
54.76,47,46.14,11.08,42.93,7.35,54.49,barley
56.41,28.39,46.1,18.18,44.94,6.64,50.11,barley
86.83,34.25,46.09,20.23,47.43,6.05,37.13,barley
89.05,39.5,45.91,17.42,51.26,6.43,44.23,barley
42.35,45.06,45.88,10.61,64.37,7.28,94,barley
45.66,42.11,45.86,15.63,69.84,7.02,35.19,barley
68.67,31.46,45.85,23.07,55.55,6.53,46.38,barley
71.14,37.39,45.8,12.03,69.43,6.92,85.55,barley
84.75,54.16,45.78,9.76,68.42,6.64,30.65,barley
85.9,33.4,45.75,12.68,67.32,7.13,86.34,barley
83.35,47.4,45.73,15.92,43.93,7.04,44.43,barley
45.35,46.58,45.64,12.11,40.63,6.33,33.96,barley
87.02,32.82,45.6,21.82,63.18,6.25,87.53,barley
72.32,54.23,45.41,8.38,66.96,7.17,84.63,barley
82.7,38.17,45.41,22.29,41.87,7.33,61.38,barley
42.62,48.49,45.37,20.79,55.25,6.35,89.17,barley
50.46,26.5,45.31,23.7,63.79,7.28,46.94,barley
54.18,53.45,45.27,19.56,42.34,6.16,64.49,barley
78.1,41.12,45.22,8.53,51,6.36,61.31,barley
51.23,40.01,45.21,19.22,63.67,6.53,58.33,barley
74.68,26.19,45.18,15.17,59.1,6.33,77.4,barley
57.89,25.25,45.18,8.51,68.21,7.34,67.49,barley
62.66,48.77,45.16,18.48,46.85,6.41,52.04,barley
41.94,30.6,44.94,20.27,50.52,6.57,67.35,barley
78.98,32.58,44.89,19.26,68.37,6.61,76.34,barley
78.61,27.27,44.83,14.84,57.88,6.13,53.62,barley
84.42,43.09,44.8,23.74,48.65,7.44,57.26,barley
62.06,26.95,44.76,10.02,67.09,7.3,62.52,barley
81.19,53.65,44.64,8.03,59.09,6.08,48.03,barley
73.1,38.02,44.58,22.49,43.59,6.8,49.92,barley
64.25,41.22,44.55,10.75,64.23,7.04,68.91,barley
42.58,29.76,44.38,10.12,47,6.68,66.2,barley
47.37,27.2,44.37,20.04,62.6,7.07,76.86,barley
88.4,47.59,44.33,8.53,54.04,6.97,88.1,barley
58.37,40.78,44.26,13.79,55.73,7.01,48.86,barley
40.5,27.54,44.23,20.34,67.45,7.28,77.82,barley
44.49,53.85,44.22,15.35,46.71,7.4,54.12,barley
69.82,35.98,44.21,16.37,43.5,6.19,67.58,barley
77.22,43.58,44.09,14.91,63.57,6.69,95.87,barley
49.74,49.48,44.08,15.78,48.95,6.96,50.17,barley
42.6,25.38,43.87,15.63,43.93,6.35,95.28,barley
48.2,33.56,43.79,22.49,69.25,6.35,91.69,barley
80.84,53.79,43.78,17.66,54.8,6.06,98.9,barley
42.46,30.73,43.72,15.26,49.05,6.58,89.81,barley
78.18,38.42,43.7,17.89,43.39,6.23,60.59,barley
82.14,34.4,43.67,22.27,53.01,7.36,56.41,barley
64.32,38.88,43.55,21.15,56.63,6.27,62.74,barley
87.29,28.98,43.24,12.24,68.01,7.08,82.77,barley
63.8,54.75,43.11,11.37,55.04,6.35,58.67,barley
46.28,25.51,43.1,20.91,43.61,6.4,31.23,barley
60.38,49.83,42.94,17.18,68.68,6.3,37.65,barley
69.28,25.25,42.83,19.41,50.99,6.08,82.85,barley
44.28,30.5,42.75,8.35,64.51,6.02,76,barley
46.05,37.57,42.54,9.14,42.41,6.53,95.92,barley
86.54,25.16,42.45,22.45,44.19,6.14,59.72,barley
54.74,42.14,42.36,14.06,49.08,6.69,87.26,barley
49.93,39.84,42.27,20.33,54.99,6.46,98.16,barley
40.19,32.4,42.23,13.06,43.06,6.54,48.93,barley
76.89,50.02,42.21,10.29,62.6,7.15,76.1,barley
84.09,53.26,42.19,9.39,60.07,6.62,62.95,barley
61.66,48.99,42.18,14.82,50.01,6.47,84.18,barley
48.11,39.59,42.16,21.87,58.79,7,38.84,barley
71.87,41.7,42.15,13.37,62.95,6.65,63.89,barley
84.51,27.38,41.94,11,65.75,7.23,67.86,barley
73.04,53.52,41.89,8.83,66.53,7.29,61.03,barley
47.04,43.75,41.87,22.91,48.37,7.43,34.43,barley
40.9,53.88,41.8,12.88,64.88,6.42,91.09,barley
70.63,51.21,41.72,9.93,67.07,6.1,67.38,barley
53.88,53,41.71,17.23,59.43,6.04,73.27,barley
53.44,25.63,41.69,8.52,57.86,6.81,97.82,barley
88.2,52.28,41.66,16.53,66.1,6.2,85.34,barley
40.22,30.01,41.39,18.66,68.98,7.14,96.55,barley
84.06,27.34,41.2,22.72,48.12,6.56,69.82,barley
75.78,48.64,41.12,17.44,53.5,7.29,96.98,barley
60.55,43.88,40.98,19.38,41.56,7.29,62.08,barley
58.25,43.34,40.88,13.48,43.24,6.1,71.23,barley
60.68,47.5,40.8,23.85,48.34,6.75,53.07,barley
53.87,44.28,40.78,21.94,50.27,7.15,69.29,barley
52.5,26.97,40.72,17.16,52.14,6.55,45.18,barley
70.05,46.17,40.65,13.99,45.01,6.65,39.98,barley
89.4,38.62,40.65,10.25,54.57,6.04,65.38,barley
50.02,31.33,40.65,11.52,53.16,7.17,84.88,barley
73.12,29.75,40.64,10.05,52.76,6.37,82.39,barley
88.2,27.68,40.61,15.9,51.63,6.95,79.27,barley
42.98,43.11,40.6,9.83,51.52,6.68,55.83,barley
60.74,46.98,40.58,21.33,47.5,6.91,70.96,barley
62.03,50.71,40.53,22.12,46.11,7.31,34.18,barley
64.82,37.11,40.36,14.73,68.84,6.9,86.52,barley
69.65,53.08,40.34,14.63,60.69,6.52,49.41,barley
47.63,46.31,40.32,8.39,52.35,6.5,76.86,barley
82.52,31.39,40.06,16.69,64.99,6.19,39.08,barley
59.17,29.57,40,12.55,57.57,6.88,61.2,barley
55.48,44.91,39.97,12.58,53.8,6.29,44.73,barley
86.5,41.35,39.84,22.45,42.96,6.35,79.62,barley
86.7,47.99,39.74,21.18,59.43,7.45,79.98,barley
67.76,40.83,39.66,11.73,65.93,6.46,78.59,barley
89.47,26.18,39.65,15.08,68.47,6.37,67.25,barley
42.49,33.06,39.63,16.54,68.32,6.59,78.57,barley
72.41,25.55,39.62,17.9,49.3,6.13,36.37,barley
50.97,37.87,39.57,19.63,40.02,7.41,41.52,barley
74.53,40.4,39.52,22.23,53.21,7.35,82.55,barley
89.83,47.52,39.34,13.68,41.47,6.05,68.79,barley
43.76,29.03,39.34,13.43,61.24,6.84,47.92,barley
82.07,43.53,39.33,8.45,64.86,7.18,48.13,barley
80.3,35.6,39.27,11.93,43.28,7.19,36.93,barley
49.91,25.28,38.82,13.06,69.19,6.29,54.21,barley
75.67,44.78,38.74,12.52,51.34,6.15,80.33,barley
62.47,42.58,38.74,9.15,60.48,6.36,79.98,barley
58.25,37.97,38.7,9.19,55.11,6.27,70.18,barley
78.61,39.2,38.53,15.3,66.82,6.75,88.93,barley
50.95,38.29,38.53,20.32,43.12,7.44,92.32,barley
58.97,52.33,38.46,14.59,68.03,6.07,44.72,barley
85.33,30.74,38.46,14.49,41.23,6.52,48.57,barley
78.31,50.38,38.41,9.42,54.63,6.12,58.53,barley
71.66,27.98,38.13,9.94,42.36,6.79,58.19,barley
78.93,28.93,38.03,8.55,54.93,6.23,42.8,barley
60.81,38.47,37.97,9.15,46.8,7.4,93.59,barley
88.78,35,37.85,9.44,58.18,6.13,97.15,barley
52.98,38.11,37.81,9.17,58.67,7.47,43.31,barley
82.61,45.03,37.8,22.28,45.56,6.12,46.77,barley
79.73,26.04,37.48,23.93,65.67,6.78,34.45,barley
63.49,38.66,37.46,13.71,44.93,6.76,88.11,barley
59.84,47.31,37.42,14.21,45.12,6.34,70.29,barley
40.42,30.06,37.42,19.43,67.5,7.06,77.02,barley
44.17,52.86,37.39,18.67,67.35,6.52,73.51,barley
71.12,48.44,37.35,10.35,64.33,6.95,57.17,barley
62.48,50.11,37.17,23.99,48.61,6.42,41.18,barley
73.85,49.1,36.86,19.85,59.86,6.53,86.62,barley
65.76,48.24,36.86,16.84,43.44,6.19,67.07,barley
87.2,35.08,36.82,9.52,46.01,6.62,44.43,barley
85.36,45.12,36.81,9.78,53.41,6.69,90.52,barley
53.51,53.99,36.73,13.56,57.41,6.21,61.08,barley
78.04,25.48,36.73,14.07,55.2,6.84,51.94,barley
62.98,43.86,36.72,19.88,48.39,6.85,36.17,barley
81.13,49.12,36.58,16.32,44.29,7.16,49,barley
51.72,39.42,36.55,18.11,47.71,7.42,41.88,barley
64.21,26.91,36.55,21.46,69.91,6.65,52.42,barley
42.46,50.57,36.45,11.16,49.52,6.42,67.16,barley
70.63,42.56,36.43,18.25,47.78,6.13,38.35,barley
80.35,38.79,36.4,14.93,41.32,6.25,61.19,barley
43.03,37.4,36.4,14.98,62.46,7.24,83.99,barley
62.12,26.38,36.32,13.42,54.2,6.92,90.82,barley
81.26,39.56,36.3,12.88,45.45,6.13,79.99,barley
59.28,35.21,36.24,10.47,56.61,6.81,83.33,barley
45.63,46.11,36.22,9.54,47.26,6.02,62.81,barley
84.03,37.39,36.12,8.79,40.07,6.37,77.64,barley
41.94,30.82,36.1,22.96,65.05,7.26,51.22,barley
72.54,28.49,36.09,14.99,48.04,6.91,90.99,barley
56.05,32.57,36.03,21.18,43.09,7.41,85.66,barley
69.29,54.28,35.97,22.49,42.49,6.29,60.85,barley
75.13,53.68,35.94,14.4,68.61,6.96,50.87,barley
64.64,37.13,35.93,17.52,40.3,6.7,97.44,barley
42.67,53.13,35.9,17.84,54.47,6.14,83.77,barley
64.35,51.35,35.82,22.88,54.51,6.74,38.38,barley
86.68,41.27,35.82,10.26,40.02,7.22,36.13,barley
55.64,27.94,35.8,8.91,43.32,6.33,62.5,barley
80.17,51.92,35.55,15.29,40.92,7.32,30.91,barley
53.52,49.68,35.55,15.39,49.43,6.87,81.09,barley
75.49,25.22,35.55,8.6,57.08,7.38,97.79,barley
54.67,48.19,35.54,13.57,51.15,6,50.99,barley
84.14,40.83,35.53,17.25,62.48,7.45,35.15,barley
83.95,42.15,35.52,14.89,49.51,6.65,84.17,barley
60.4,30.74,35.51,22.53,64.13,6.1,78.48,barley
48.24,45.67,35.44,11.2,49.59,6.89,35.06,barley
72.14,45.82,35.38,12.88,46.38,6.05,51.28,barley
78.09,36.6,35.34,15.88,57.32,7.3,98.65,barley
66.03,47.27,35.29,14.76,51.94,6.04,53.49,barley
70.03,47.31,35.19,18.15,42.13,6.38,55.33,barley
60.01,29.51,35.11,20.83,53.25,6.74,89.41,barley
44.31,41.77,35.08,10.31,53.26,6.5,66.53,barley
56.47,26.27,34.89,16.71,45.05,7.14,98.95,barley
65.37,51.23,34.81,19.24,69.78,6.2,49.23,barley
64.01,36.2,34.8,17.27,45.67,7.35,77.19,barley
70.25,41.8,34.59,16.08,45.29,7.22,67.92,barley
79.15,38.28,34.56,20.45,51.47,6.66,56.33,barley
49.57,36.59,34.55,13.68,49.62,7.45,74.91,barley
53.12,32.25,34.49,22.19,51.35,7.12,36.78,barley
82.98,46.29,34.47,16.33,69.26,7.45,45.07,barley
88.28,25.45,34.43,13.33,53.47,6.86,60.49,barley
75.51,34.43,34.14,21.15,53.78,6.54,64.59,barley
65.26,54.65,33.96,8.93,47.87,6.65,40.98,barley
50.29,34.65,33.96,23.09,67.95,6.31,55.08,barley
76.8,34.04,33.9,17.59,45.14,7.11,51.18,barley
47.47,40.3,33.82,22.41,67.9,6.58,64.42,barley
83.83,29.75,33.67,17.69,60.76,6.57,90.84,barley
47.1,35.44,33.51,19.98,59.53,6.93,54.67,barley
63.24,43.92,33.49,11.02,55.24,6.79,86.74,barley
81.81,32.95,33.46,16.6,59.91,7.18,57.64,barley
70.1,51.78,33.3,17.71,58.94,6.89,79.18,barley
72.71,29.56,33.21,17.84,42.5,7.32,86.25,barley
87.84,40.01,32.98,15.32,46.27,6.55,55.89,barley
69.44,27.68,32.93,10.8,69.61,6.84,78.12,barley
56.03,27.81,32.81,10.06,68.43,6.71,52.21,barley
47.11,25.35,32.66,12.72,54.58,6.87,33.06,barley
53.74,25.98,32.61,22.32,69.48,6.96,41.31,barley
65.26,54.01,32.53,23.75,60.04,6.95,41.62,barley
72.55,49.74,32.53,9.17,48.21,7.47,71.74,barley
42.62,48.03,32.5,21.15,65.51,6.32,76.01,barley
67.84,53.39,32.45,13.23,58.2,7.4,88.58,barley
81.19,50.71,32.45,9.43,53.13,6.35,50.38,barley
59.73,37.65,32.33,22.52,61.42,6.91,51.66,barley
46.06,28.41,32.33,18.37,61.36,6.27,35.57,barley
64.78,37.63,32.32,11.7,44.09,6.3,33.87,barley
84.74,33.03,32.32,22.38,66.89,7.03,90.13,barley
89.95,43.23,32.14,11.6,47.71,6.72,55.71,barley
42.51,27.19,32.09,12.72,46.97,6.42,86.24,barley
71.31,39.67,32.05,23.9,66.41,6.94,69.86,barley
81.29,34.11,31.95,13.07,54.02,6.43,97.31,barley
54.67,52.95,31.91,9.39,58.51,6.17,54.17,barley
74.07,26.91,31.89,23.42,56.17,6.43,38.42,barley
71.03,31.04,31.85,8.63,54.27,6.81,45.94,barley
49.81,45.7,31.71,14.65,54.08,6.55,37.04,barley
67.18,44.61,31.61,18.36,41.34,6.08,62.01,barley
74.85,41.8,31.59,14.72,56.86,6.01,35.5,barley
49.06,46.36,31.55,14.44,63.5,7.44,38.87,barley
68.34,35.63,31.43,14.59,61.83,6.68,89.97,barley
81.77,25.44,31.37,13.4,40.58,6.19,58.95,barley
61.03,39.43,31.29,13.81,41.57,7.03,60.54,barley
75.18,44.35,31.22,23.22,40.67,6.46,94.47,barley
85.69,36.05,31.2,14.14,65.1,6.98,72.99,barley
76.42,30.99,31.14,16.03,61.76,6.17,58.45,barley
79.35,26.69,31.08,16.09,56.81,7.09,54.84,barley
84.51,33.62,31.03,8.93,43.35,6.77,48.73,barley
57.97,39.26,30.91,18.26,67.04,6.25,56.7,barley
46.32,50.28,30.87,18.57,54.12,6.3,72.12,barley
73.43,45.36,30.86,17.5,40.3,6.95,93.93,barley
65.48,41.37,30.78,9.3,45.8,7.43,58.61,barley
88.95,43.1,30.73,18.37,43.69,7.33,65.22,barley
40.81,36.18,30.55,16.7,42.18,7.19,45.24,barley
60.36,26.98,30.46,9.78,64.25,7.42,35.06,barley
53.57,50.65,30.39,23.57,69.39,6.4,32.87,barley
73.71,32.8,30.36,22.68,48.72,6.7,92.31,barley
46.15,41.76,30.3,19.67,59.57,7.27,78.47,barley
87.24,39.68,30.26,22.79,40.73,6.87,68.43,barley
78.46,42.9,30.12,12.2,43.66,6.76,70.97,barley
45.47,36.92,30.11,17.11,65.83,6.12,35.08,barley
83.67,36.85,30.05,11.32,51.33,6.48,77.41,barley
84.68,47.7,29.96,19.91,44.56,6.2,54.19,barley
88.8,51.21,29.88,17.4,65.42,6.66,31.26,barley
79.06,25.58,29.81,18.05,48.26,7.36,74.37,barley
64.43,43.1,29.77,23.74,60.02,6.07,52.86,barley
43.52,33.34,29.74,23.12,48.48,6.69,76.99,barley
87.76,32.2,29.71,10.94,57.31,6.23,54.93,barley
53.26,52.12,29.62,16.84,41.52,6.07,80.43,barley
44.44,50.95,29.62,10.85,47.18,6.63,47.58,barley
69.01,52.12,29.61,18.72,45.64,6.94,53.55,barley
72.58,47.16,29.47,18.32,51.85,7.07,43.95,barley
41.93,51.37,29.45,10.06,54.05,6.9,32.17,barley
84.43,34.87,29.44,16.19,68.22,6.07,54.66,barley
58.49,39.58,29.41,10.27,46.41,6.16,77.81,barley
65.95,45.33,29.36,20.38,63.19,6.78,98.32,barley
43.59,37.29,29.34,18.83,58.17,6.55,45.25,barley
78.32,39.94,29.3,20.99,66.01,7.01,33.29,barley
77.36,34.35,29.19,21.41,42.17,7.32,47.97,barley
62.9,36.94,29.09,9.05,46.85,6.37,63.89,barley
81.68,38.21,29.07,12.15,45.84,6.09,53.97,barley
87.76,40.68,28.99,9.23,55.02,7.19,79.5,barley
74.63,29.03,28.98,13.74,64.13,6.42,44.75,barley
75.73,43.11,28.97,14.57,46.53,7.45,39.14,barley
55.06,42.95,28.92,12.8,62.3,6.07,93.2,barley
56.03,29.05,28.89,17.16,53.26,6.52,82.25,barley
77.81,38.76,28.68,22.4,43.48,7.43,51.98,barley
89.64,37.24,28.62,16.93,49.13,6.13,30.1,barley
49.8,43.32,28.42,11.31,55.5,6.01,30.54,barley
73.17,37.25,28.41,19.7,47.27,6.26,67.09,barley
80.51,41.1,28.35,8.99,44.87,7.34,78.02,barley
46.24,48.83,28.27,22.03,68.32,6.22,62.39,barley
61.5,45.19,28.26,12.9,63.67,6.67,85.89,barley
65.43,39.3,28.12,8.47,58.15,6.59,50.91,barley
87.38,48.01,28.05,17.45,61.64,7.41,91.71,barley
74.3,53.46,28.04,20.98,41.66,6.81,34.94,barley
64.47,40.38,28.03,15.28,54.12,7.06,95.84,barley
62.82,30.12,28.02,16.15,44.42,6.92,69.6,barley
41.89,44.3,27.88,8.84,46.93,7.2,89.6,barley
75.3,39.71,27.73,22.16,57.31,6.33,48.84,barley
65.19,46.26,27.47,13.19,50.03,6.04,53.87,barley
43.35,25.85,27.34,22.1,52.48,7.08,94.28,barley
87.9,40.89,27.26,16.01,60.39,6.11,49.23,barley
65.21,50.97,27.24,9.26,50.69,7.12,68.55,barley
86.68,51.02,27.01,20.45,58.26,7.46,56.15,barley
45.17,37.95,26.9,16.26,47.6,7.41,93.42,barley
80.07,37.32,26.9,14.5,64.79,6.34,66.71,barley
79,48.14,26.84,22.76,57.78,6.57,65.14,barley
43.62,53.62,26.7,22.76,52.78,7.48,68.78,barley
58.59,25.78,26.65,20.49,46.04,6.12,63.21,barley
63.61,51.4,26.47,18.85,58.23,6.44,39.56,barley
80.56,30.92,26.41,18.82,52.15,7.4,36.23,barley
41.15,51.9,26.32,11.64,48.39,6.19,74.75,barley
45.84,33.19,26.29,15.29,67.25,6.16,80.42,barley
71.69,52.44,26.26,18.64,42.36,6.91,41.48,barley
40.01,32.24,26.25,12.01,64.18,6.42,43.41,barley
82.83,36.88,25.97,14.8,51.57,7.37,83.34,barley
71.13,25.3,25.85,15.86,68.52,6.58,59.71,barley
82.8,38.04,25.79,11.06,63.06,6.4,83.71,barley
66.09,27.23,25.76,21.44,61.75,7.34,38.23,barley
62.22,32.69,25.71,18.72,40.01,7.21,35.55,barley
77.24,30.05,25.7,15.37,48.59,6.37,75.17,barley
63,43.21,25.65,20.88,69.02,6.4,64.64,barley
45.63,53.02,25.51,12.04,52.2,6.57,85.63,barley
50.56,34.4,25.37,22.43,51.92,6.37,61.39,barley
73.48,54.12,25.27,17.55,52.73,6.67,47.79,barley
74.32,27.09,25.25,21.69,46.82,7.26,49.55,barley
81.41,35.06,25.21,19.39,64.78,6.15,46.79,barley
61.17,40.45,25.12,18.61,65.58,6.39,64.41,barley
88.4,52.44,25.01,9.94,42.56,7.36,43.55,barley
84.1,37.82,24.87,8.2,56.79,6.79,80.35,barley
48.04,54.35,24.76,15.8,50.92,6.96,39.03,barley
85.75,40.99,24.74,19.13,63.8,6.48,90,barley
61.47,39.12,24.72,8.5,68.41,6.36,46.8,barley
76.36,54.42,24.67,11.61,46.35,7.19,43.08,barley
84.5,35.38,24.63,8.41,59.37,6.96,53.84,barley
85.29,40.49,24.61,22.75,62.72,7.1,79.64,barley
89.79,33.66,24.48,11.86,68.08,6.78,55.54,barley
75.39,26.87,24.42,8.13,58.93,6.67,39.4,barley
68.52,26.61,24.21,17.96,46.23,6.76,68.14,barley
63.62,26.37,24.2,12.43,69.15,6.5,63.74,barley
74.98,37.36,24.15,18.65,55.74,6.96,53.66,barley
68.32,47.9,24.1,11.66,66.47,6.03,82.69,barley
64.83,33.53,24.01,18.07,41.63,7.12,52.23,barley
86.16,45.68,23.81,13.71,57.77,7.25,33.06,barley
73.2,32.65,23.81,8.94,49.16,6.24,42.18,barley
67.57,35.79,23.77,17.43,55.75,6.3,61.63,barley
68.59,52.22,23.67,16.54,66.38,6.62,63.74,barley
59.72,25.04,23.6,16.55,60.25,6.63,81.15,barley
54.5,43.87,23.54,18.48,48.5,6,38.89,barley
77.45,33.17,23.53,12.03,67.62,6.87,67.34,barley
86.23,40.51,23.51,16.45,43.81,6.89,63.77,barley
81.57,42.97,23.45,9.5,67.29,7,88.05,barley
76.78,44.91,23.4,19.53,55.01,7.34,94.39,barley
89.77,25.68,23.39,17.75,64.62,6.43,46.74,barley
50.95,26.1,23.24,13.42,64.08,6.86,65.89,barley
75.13,33.94,23.16,20.51,59.32,6.07,55.2,barley
67.48,51.63,23.14,21.16,46.3,6.59,52.16,barley
51.87,40.37,23.13,14.15,54.63,6.98,96.54,barley
75.25,38.53,23.02,19.32,40.94,7.31,39.71,barley
79.85,42.71,22.91,16.77,61.08,7.19,74.04,barley
85.34,42.62,22.56,15.2,62.69,7.19,64.62,barley
67.22,53.88,22.27,13.85,46.76,6.29,39.86,barley
64.12,46.09,22.04,11.1,46.44,7.11,43.24,barley
68.42,38.19,22.02,15.44,64.62,6.92,88.25,barley
54.48,42.32,21.98,11.06,52.22,7.41,56.41,barley
80.39,32.39,21.9,10.11,65.76,6.95,47.72,barley
59.68,30.76,21.84,17.45,69.68,6.25,33.27,barley
77.37,39.21,21.74,23.32,68.28,7.18,99.39,barley
40.01,40.33,21.41,12.42,61.21,6.09,88.75,barley
51.8,46.92,21.21,9.52,40.2,6.23,34.83,barley
75.43,31.45,21.21,11.22,45.36,6.51,59.29,barley
68.29,43.47,21.19,14.45,59.47,7.05,74.67,barley
88.2,36.53,21.17,8.5,51.64,6.24,31.63,barley
56.71,49.54,21.15,21.93,55.38,6.6,64.8,barley
63.85,44.27,21.15,17.94,63.34,6.75,55.03,barley
42.76,49.62,21.13,13.87,56.27,6.22,82.24,barley
51.68,32.9,21.13,9.97,69.59,6.47,38.07,barley
63.33,26.58,21.13,19.47,56.14,6.76,47.02,barley
43.33,54.96,20.74,21.36,50.96,7.26,68.82,barley
71.17,26.69,20.72,15.2,49.98,6.66,48.39,barley
64.7,28.55,20.41,12.85,60.94,7.19,50.7,barley
89.51,31.28,20.35,23.96,48.43,7,42.37,barley
85.08,52.79,20.27,9.21,47.51,7,92.18,barley
51.83,51.69,20.27,11.22,68.77,6.92,48.32,barley
63.69,38.4,20.21,21.11,50.79,6.81,77.41,barley
84.81,49.2,20.11,13.12,52.65,6.34,43.97,barley
42,77,25,34.036792,67.211138,7.32698,61.838761,blackgram
43,77,25,27.483949,63.915303,6.756612,68.458904,blackgram
57,77,25,25.757048,60.065349,7.217884,66.531737,blackgram
58,75,25,25.255962,61.366697,7.261792,68.646851,blackgram
60,75,25,25.702263,61.975537,7.435839,69.435401,blackgram
41,74,25,33.841453,66.312842,6.525494,73.4055,blackgram
39,73,25,25.512073,61.486691,7.234483,68.514588,blackgram
39,73,25,25.756698,61.589943,7.258764,65.280015,blackgram
42,73,25,33.920007,68.702669,6.511133,73.947991,blackgram
42,73,25,34.036792,67.211138,6.501869,73.235736,blackgram
24,72,25,28.687883,60.065349,6.952263,74.915595,blackgram
45,72,25,34.446702,67.36805,6.500145,71.904567,blackgram
38,71,25,27.825928,67.779546,6.919244,74.012297,blackgram
52,71,25,27.742748,68.539971,7.261792,68.646851,blackgram
26,69,25,27.604085,60.065349,7.035269,74.915595,blackgram
56,67,25,32.579382,66.406826,7.563161,63.420626,blackgram
57,67,25,32.34744,66.614528,7.551364,64.558823,blackgram
30,65,25,32.887338,64.594574,7.706509,71.505695,blackgram
30,65,25,33.490771,62.733172,6.847383,65.453285,blackgram
30,64,25,32.613286,64.575339,7.549656,68.646183,blackgram
50,64,25,28.840792,63.372307,6.734447,70.254967,blackgram
54,64,25,30.88648,68.532298,7.730413,65.288844,blackgram
37,63,25,32.741473,66.206138,7.478027,61.795088,blackgram
38,63,25,32.426491,66.726706,7.471473,60.417903,blackgram
44,63,25,29.58949,65.9136,6.928899,67.530212,blackgram
37,62,25,25.685767,69.090478,6.726469,61.192509,blackgram
38,62,25,29.578127,67.779546,7.453975,69.438955,blackgram
38,62,25,32.747739,67.779546,7.453975,63.377844,blackgram
20,60,25,27.325421,69.090478,6.726469,61.192509,blackgram
41,60,25,27.301215,62.324839,6.500145,67.999851,blackgram
20,59,25,28.30696,69.961,6.554742,60.417903,blackgram
41,58,25,27.423108,63.173127,6.524289,68.538185,blackgram
42,58,25,27.458536,62.90021,6.513621,69.460209,blackgram
40,57,25,27.309308,63.121315,6.520424,67.911944,blackgram
43,57,25,26.95904,64.951089,6.724104,71.814499,blackgram
43,56,25,29.214807,67.174419,7.489489,72.75755,blackgram
44,56,25,29.18013,65.28699,7.2328,70.809172,blackgram
43,55,25,29.151765,68.052251,7.156599,68.792293,blackgram
44,55,25,29.632105,65.9136,7.421608,71.16332,blackgram
39,73,24,25.658425,61.182358,7.224059,69.286078,blackgram
40,73,24,26.613974,61.830175,7.300623,69.706356,blackgram
25,71,24,28.495387,60.448484,7.187722,74.915595,blackgram
21,67,24,33.490771,62.733172,7.551364,65.453285,blackgram
51,66,24,28.756297,61.655762,7.077537,65.617161,blackgram
29,65,24,32.872675,65.920964,7.653736,72.208215,blackgram
38,64,24,33.721648,69.176072,7.586746,61.28285,blackgram
20,62,24,29.363587,66.770943,7.353877,61.912087,blackgram
21,62,24,33.490771,62.733172,6.847383,65.453285,blackgram
21,62,24,33.517191,63.146217,6.880308,65.208139,blackgram
27,62,24,28.630055,66.770943,7.353877,62.273734,blackgram
50,62,24,28.581157,63.153056,6.952347,70.128776,blackgram
20,61,24,27.264917,68.149903,6.693161,61.978326,blackgram
20,59,24,28.32677,69.222002,6.831785,61.188126,blackgram
42,59,24,27.36524,63.351496,6.549525,70.787104,blackgram
42,59,24,26.917181,62.620783,6.926798,69.812593,blackgram
47,58,24,27.659918,62.675625,7.128543,69.627877,blackgram
43,57,24,28.370175,64.551714,7.420497,70.813502,blackgram
42,79,23,27.531193,63.076001,6.767063,68.736268,blackgram
42,79,23,32.817052,66.156651,6.781842,68.56508,blackgram
42,79,23,27.716783,63.291034,6.781842,68.56508,blackgram
55,78,23,33.22447,63.148173,6.623988,64.479424,blackgram
42,75,23,26.700721,69.133041,7.652373,66.408504,blackgram
41,74,23,26.364072,64.183014,7.466242,69.124168,blackgram
20,68,23,25.549606,63.954255,7.707332,63.183053,blackgram
28,65,23,28.386865,61.888711,7.405176,74.244591,blackgram
29,65,23,28.437764,61.515926,7.378173,74.915595,blackgram
20,62,23,33.441421,63.45751,6.850442,67.309251,blackgram
20,61,23,27.990965,67.750665,6.935479,61.42748,blackgram
43,61,23,26.268285,61.547025,7.411315,70.857156,blackgram
48,58,23,27.77461,62.103263,7.584641,69.460095,blackgram
50,58,23,27.813269,62.504605,7.596802,69.755555,blackgram
33,80,22,28.570061,65.717658,6.593962,70.086643,blackgram
33,80,22,28.554015,65.774421,6.602561,70.076044,blackgram
55,79,22,31.371039,62.631177,7.775306,68.258825,blackgram
40,78,22,25.519309,60.922735,6.573127,71.397596,blackgram
41,78,22,27.849553,61.419597,6.795245,69.543344,blackgram
43,78,22,30.866723,62.847632,7.719637,72.811046,blackgram
40,77,22,25.331628,60.60741,6.767283,70.424414,blackgram
55,77,22,27.440033,62.993035,6.661871,72.506698,blackgram
55,77,22,31.434506,62.993035,7.760618,64.776515,blackgram
33,76,22,33.04688,68.012329,6.690655,68.917544,blackgram
44,76,22,27.264589,68.012329,7.775306,68.917544,blackgram
34,75,22,30.576898,63.171281,7.087539,74.233587,blackgram
44,75,22,30.03284,64.148005,7.574562,71.210069,blackgram
42,73,22,34.084313,66.893555,6.522807,70.833054,blackgram
43,73,22,29.67539,64.34054,7.72547,69.002948,blackgram
52,71,22,27.742748,68.539971,6.593962,71.786153,blackgram
31,68,22,29.664602,62.730389,6.621486,61.696234,blackgram
48,68,22,28.709092,62.179715,7.178673,64.325128,blackgram
49,68,22,28.568406,61.532786,7.127064,63.497263,blackgram
29,66,22,33.726583,63.057125,7.703154,71.9494,blackgram
49,66,22,29.042175,61.576992,6.989396,64.085509,blackgram
54,66,22,30.285856,68.207374,7.775306,68.032277,blackgram
55,66,22,30.904933,68.934326,7.715112,67.244749,blackgram
55,66,22,30.912195,68.794274,7.747775,66.638306,blackgram
28,65,22,28.503707,62.860218,7.392539,72.343742,blackgram
29,65,22,29.105719,62.343411,6.730756,63.947111,blackgram
49,65,22,29.384408,61.608924,6.88995,64.510435,blackgram
22,64,22,27.694548,67.984343,6.865583,73.02496,blackgram
22,64,22,32.033176,63.275434,6.940401,66.174249,blackgram
21,63,22,25.097374,67.728379,6.859409,74.616499,blackgram
28,63,22,28.551829,67.020784,7.347271,61.493573,blackgram
39,63,22,25.097374,63.599486,6.972977,64.727971,blackgram
40,62,22,25.956654,63.19371,7.38021,69.306037,blackgram
55,62,22,31.434506,66.637972,7.538631,64.776515,blackgram
42,61,22,26.272744,62.288149,7.418651,70.232076,blackgram
42,61,22,26.272744,61.300905,7.418651,70.232076,blackgram
42,59,22,26.249523,62.084657,7.419554,71.32867,blackgram
48,59,22,28.367264,60.267282,7.446523,71.660032,blackgram
60,59,22,31.868473,66.742175,7.191523,74.222386,blackgram
60,59,22,31.640802,66.788392,7.204182,74.19668,blackgram
51,56,22,28.570061,65.717658,6.593962,70.086643,blackgram
23,55,22,34.165997,69.953052,7.444445,65.902153,blackgram
24,78,21,33.394388,62.936929,6.808042,63.57446,blackgram
25,78,21,27.161591,66.760172,7.040056,69.851123,blackgram
40,78,21,25.097374,62.037559,6.500145,71.00231,blackgram
41,78,21,25.366542,60.504477,6.615823,70.899067,blackgram
41,78,21,25.198577,60.373327,6.581313,70.887872,blackgram
55,78,21,33.394388,62.936929,6.602888,63.57446,blackgram
33,77,21,30.329922,65.629719,7.012855,71.646313,blackgram
34,77,21,33.061681,69.034547,6.660224,61.045407,blackgram
42,77,21,26.685422,61.534282,6.886801,70.986968,blackgram
44,77,21,32.639187,61.300905,7.32698,61.838761,blackgram
48,77,21,25.365861,66.637972,7.538631,61.838761,blackgram
52,77,21,32.817052,61.300905,6.814301,68.839249,blackgram
41,76,21,27.264589,60.373327,7.775306,68.917544,blackgram
44,76,21,31.609989,62.425172,7.424746,65.539317,blackgram
45,76,21,27.036258,68.812737,7.775306,68.976573,blackgram
33,75,21,33.04688,68.938756,6.690655,62.302783,blackgram
34,75,21,32.968475,69.623218,6.644513,63.867872,blackgram
34,74,21,34.103001,68.158281,6.680225,64.318921,blackgram
45,74,21,30.176637,64.168582,7.548313,71.084457,blackgram
32,73,21,31.936467,69.503796,6.878329,60.417903,blackgram
35,72,21,33.690876,64.412932,7.673537,67.301513,blackgram
35,72,21,34.036195,64.287914,7.741419,66.855109,blackgram
32,71,21,33.909329,65.372292,7.752878,66.527663,blackgram
36,71,21,34.385835,65.63347,7.742278,68.89882,blackgram
33,70,21,32.539757,63.970594,7.346508,65.503568,blackgram
29,67,21,29.791811,63.387892,6.621324,63.021699,blackgram
53,66,21,30.754324,68.236984,7.733735,65.689466,blackgram
25,65,21,33.863512,68.592323,6.880246,70.141514,blackgram
25,65,21,33.863512,68.592323,6.880246,69.244641,blackgram
29,65,21,29.948765,62.77524,6.663803,64.72278,blackgram
30,65,21,33.998138,61.898674,6.558256,65.94738,blackgram
52,65,21,30.794583,68.250134,7.756386,66.172844,blackgram
54,65,21,30.71667,67.624015,7.183302,66.315799,blackgram
27,64,21,32.463253,68.10614,7.532015,73.720384,blackgram
27,64,21,32.84213,68.684015,7.543804,73.671662,blackgram
28,64,21,32.815119,68.338319,7.417223,72.979699,blackgram
29,64,21,28.264173,61.294371,7.43133,73.900816,blackgram
35,64,21,29.791811,63.536045,6.500145,63.021699,blackgram
53,64,21,32.712729,65.664464,6.800801,69.323565,blackgram
26,63,21,33.04171,68.387842,7.597245,73.32137,blackgram
21,62,21,33.563146,63.017808,6.804574,66.956639,blackgram
25,62,21,26.73434,68.139997,7.040056,67.150964,blackgram
25,62,21,26.37402,66.369598,7.191266,66.613628,blackgram
25,61,21,27.522966,65.96405,6.892928,64.594272,blackgram
42,61,21,26.53723,62.704722,7.328038,70.571439,blackgram
48,61,21,30.284966,61.692951,6.628265,65.628595,blackgram
39,60,21,34.898149,63.599486,6.972977,64.727971,blackgram
40,60,21,32.842874,63.090982,6.929772,64.418193,blackgram
60,60,21,30.797302,65.710448,6.924543,74.224938,blackgram
43,59,21,26.683367,64.504584,7.581104,72.094493,blackgram
59,59,21,30.539703,67.011915,7.265406,74.072359,blackgram
50,55,21,28.104596,63.554961,6.687489,69.760758,blackgram
21,80,20,28.206673,68.270852,7.35087,64.328871,blackgram
22,80,20,28.858314,67.931237,7.357015,66.554575,blackgram
20,79,20,27.903218,64.419909,6.820392,67.852679,blackgram
21,79,20,28.574206,68.080828,7.376337,64.038586,blackgram
56,77,20,33.414306,63.29757,6.588404,65.864246,blackgram
42,75,20,32.712578,61.889953,7.270557,60.793275,blackgram
57,75,20,27.925806,60.664175,7.202669,67.418637,blackgram
22,68,20,33.953091,63.954255,7.42353,63.183053,blackgram
28,68,20,33.669898,61.238122,7.618791,72.823441,blackgram
43,68,20,29.578127,66.175877,7.497469,69.438955,blackgram
50,68,20,28.741625,60.686785,7.164092,64.447321,blackgram
24,67,20,30.258207,63.935768,7.053672,67.052196,blackgram
44,67,20,30.336099,65.000504,7.592011,71.224942,blackgram
40,65,20,30.529784,65.793102,6.726475,61.589054,blackgram
52,65,20,32.817052,66.156651,6.814301,68.839249,blackgram
52,65,20,32.815373,66.157778,6.814361,68.838568,blackgram
52,65,20,29.676759,66.763771,7.159377,65.852652,blackgram
30,64,20,30.329922,65.629719,6.573532,71.646313,blackgram
30,64,20,33.864294,61.570725,6.573532,68.021998,blackgram
44,63,20,27.219566,61.307979,6.819618,63.834652,blackgram
23,62,20,27.820873,66.837202,7.174976,64.986004,blackgram
27,61,20,26.879139,67.91615,7.056025,67.493788,blackgram
29,61,20,26.87187,61.613673,6.804254,63.021699,blackgram
43,61,20,26.763815,60.553567,6.801732,64.086669,blackgram
43,61,20,26.87187,61.613673,6.804254,63.51822,blackgram
44,61,20,27.151665,61.388889,6.812015,64.47676,blackgram
22,60,20,29.561552,67.883863,7.0852,73.917678,blackgram
34,60,20,31.357308,66.175877,7.322555,63.856689,blackgram
51,57,20,27.986381,63.442868,7.10692,70.365146,blackgram
22,55,20,33.745557,69.933741,7.401703,61.164413,blackgram
22,55,20,33.953091,69.961,7.42353,61.163505,blackgram
24,80,19,29.602533,69.961,6.805156,68.332159,blackgram
24,80,19,30.489629,69.961,6.885129,68.023185,blackgram
24,80,19,29.678925,69.085455,6.808042,65.664366,blackgram
24,80,19,29.678925,67.998036,6.808042,65.664366,blackgram
24,80,19,30.673559,69.640714,6.934188,63.335071,blackgram
34,80,19,31.493383,63.056364,6.521218,71.48327,blackgram
35,80,19,30.101923,65.272922,6.74061,70.752407,blackgram
22,79,19,28.308008,67.607701,7.380703,63.185138,blackgram
37,79,19,27.543848,69.347863,7.143943,69.408782,blackgram
38,79,19,27.562092,68.708902,7.105743,69.319776,blackgram
21,78,19,27.161591,66.760172,6.92009,69.851123,blackgram
42,77,19,29.126365,60.065349,6.500145,71.024823,blackgram
41,75,19,28.452074,61.691478,6.652766,71.964665,blackgram
56,75,19,31.743795,60.065349,7.332375,68.970975,blackgram
57,75,19,32.524635,64.504949,7.261288,64.843353,blackgram
47,74,19,28.522203,63.74249,7.042009,72.569824,blackgram
20,72,19,32.476483,64.348487,7.397191,65.820457,blackgram
25,72,19,33.863512,64.348487,7.397191,65.820457,blackgram
20,71,19,32.597723,64.499631,7.353015,64.894919,blackgram
23,70,19,30.608848,64.291802,7.221915,66.825898,blackgram
25,68,19,29.399827,64.255107,7.10845,67.476773,blackgram
28,68,19,34.574025,61.3392,7.695125,72.471105,blackgram
28,68,19,34.63881,61.385979,7.699507,72.431691,blackgram
40,68,19,34.357891,64.616593,7.733912,69.867066,blackgram
34,67,19,34.946616,64.962051,7.18431,68.270161,blackgram
35,67,19,31.760698,60.065349,7.775306,74.915595,blackgram
34,66,19,32.970305,60.181221,7.586642,73.446787,blackgram
34,66,19,32.50167,60.530916,7.47339,73.038248,blackgram
32,65,19,34.946616,64.218897,7.168904,70.128442,blackgram
33,65,19,33.880899,60.065349,7.775306,71.94396,blackgram
21,63,19,29.58949,68.321768,6.928899,61.711114,blackgram
40,63,19,30.810678,68.039214,6.726023,63.372824,blackgram
52,63,19,29.58949,68.321768,6.928899,67.530212,blackgram
53,63,19,29.390256,69.961,6.919198,69.278047,blackgram
57,63,19,30.782605,65.919038,7.384675,62.194265,blackgram
59,63,19,31.586702,60.065349,6.500642,65.168462,blackgram
36,62,19,25.549401,68.278591,7.126962,73.895761,blackgram
53,61,19,28.592371,66.962031,7.051908,66.343867,blackgram
21,59,19,32.696627,68.207776,7.260962,73.074043,blackgram
58,58,19,28.634923,67.123071,7.35469,62.444714,blackgram
59,58,19,31.705786,61.488833,6.986289,67.991584,blackgram
23,57,19,32.839638,67.998036,7.251001,73.404527,blackgram
59,56,19,31.764324,63.206917,7.309183,69.835651,blackgram
22,55,19,33.868738,69.793465,7.435349,60.417903,blackgram
59,55,19,31.743795,62.510077,7.332375,68.970975,blackgram
32,80,18,31.829088,63.011608,6.529495,73.043391,blackgram
37,80,18,28.372339,69.961,7.211329,71.526533,blackgram
52,77,18,27.112784,67.213944,7.286382,61.032935,blackgram
29,76,18,28.541724,64.209777,6.706506,70.863408,blackgram
49,76,18,27.053652,67.701753,7.393632,60.469384,blackgram
39,75,18,28.002484,63.378277,6.500145,74.915595,blackgram
40,75,18,30.415885,67.663238,6.744412,63.024732,blackgram
41,74,18,28.757518,61.027015,6.599147,73.376868,blackgram
50,74,18,26.997387,62.9991,6.509154,74.091259,blackgram
50,74,18,27.035944,67.557596,7.394914,60.688147,blackgram
48,72,18,31.673762,67.576148,7.081957,74.915595,blackgram
21,71,18,31.924345,64.938566,7.21089,67.973123,blackgram
20,70,18,31.547434,62.681036,7.074679,68.148976,blackgram
20,70,18,32.263265,64.87714,7.363585,62.399364,blackgram
24,69,18,29.79425,65.015704,7.284881,65.531038,blackgram
39,68,18,34.006737,64.282003,7.702254,70.073036,blackgram
54,68,18,31.579189,69.961,7.226975,63.132748,blackgram
25,67,18,29.71041,63.068903,7.052027,71.067019,blackgram
53,67,18,31.601246,68.972991,7.388513,62.518629,blackgram
26,66,18,31.244889,68.214344,7.043188,68.467716,blackgram
53,66,18,32.062592,68.232309,7.164372,63.493716,blackgram
39,65,18,30.301605,68.803366,6.799406,65.398062,blackgram
25,63,18,26.73434,60.132637,7.040056,66.690968,blackgram
31,63,18,29.952367,67.096094,7.22122,64.642797,blackgram
40,63,18,30.415885,67.663238,6.744412,63.024732,blackgram
59,63,18,31.655312,60.132637,6.526692,66.690968,blackgram
20,62,18,29.363587,64.987429,7.366543,61.912087,blackgram
43,62,18,26.691945,62.776038,7.018731,63.497058,blackgram
59,62,18,31.171954,61.093621,6.657536,66.091448,blackgram
20,61,18,29.394699,65.959513,7.3623,64.172464,blackgram
55,61,18,27.52121,68.052382,7.284154,71.267471,blackgram
25,59,18,31.7964,67.957276,7.25491,70.834059,blackgram
46,59,18,27.964927,65.176551,6.787269,72.316462,blackgram
50,59,18,30.36746,61.522508,6.641818,67.870433,blackgram
44,58,18,28.036441,65.066017,6.814411,72.495077,blackgram
51,58,18,29.777904,61.560032,7.298485,70.876883,blackgram
53,58,18,27.915301,64.498883,6.689675,71.759544,blackgram
51,56,18,28.127878,64.209777,6.706506,70.863408,blackgram
58,56,18,30.21162,64.005819,7.380303,70.255378,blackgram
49,55,18,28.418433,64.642266,6.778307,72.0952,blackgram
21,79,17,27.247665,66.101231,6.92009,62.318421,blackgram
55,79,17,27.247665,69.693664,6.596719,62.318421,blackgram
58,79,17,27.247665,66.101231,7.041741,62.318421,blackgram
24,78,17,31.0911,69.941402,7.377901,61.191649,blackgram
32,78,17,30.134711,63.583717,6.753393,70.65718,blackgram
25,76,17,31.741054,68.635254,7.241149,62.306174,blackgram
44,76,17,31.741054,64.511368,7.33893,62.306174,blackgram
26,75,17,31.788631,69.306865,7.194865,64.183886,blackgram
49,75,17,26.338217,62.312008,6.500145,74.915595,blackgram
41,74,17,28.754583,60.075256,6.594167,74.915595,blackgram
50,74,17,27.100533,63.360856,6.540821,73.849499,blackgram
50,74,17,27.100533,69.693664,6.540821,70.271847,blackgram
50,73,17,27.031075,63.185706,6.558319,73.846017,blackgram
20,72,17,31.776817,69.018529,7.397191,65.820457,blackgram
21,72,17,31.521047,66.557237,7.580527,61.711114,blackgram
52,72,17,27.699509,69.334551,7.081512,72.251683,blackgram
47,71,17,31.560265,67.741946,7.105469,73.678226,blackgram
39,70,17,34.946616,66.789524,7.477479,71.010763,blackgram
20,68,17,29.842712,61.83634,6.500145,73.510077,blackgram
20,68,17,30.11873,60.116808,6.578715,71.729804,blackgram
40,68,17,34.126298,65.148775,7.73315,70.40795,blackgram
43,68,17,29.578127,66.175877,7.504608,73.58664,blackgram
33,67,17,33.862181,66.362866,7.444691,71.470054,blackgram
53,67,17,28.474423,69.018529,7.296972,69.527441,blackgram
53,67,17,31.776817,69.018529,7.296972,61.468929,blackgram
32,66,17,34.946616,65.26774,7.162358,70.141514,blackgram
36,66,17,30.085454,66.101231,6.668239,67.136744,blackgram
39,66,17,34.299946,63.460265,7.775306,69.967685,blackgram
58,66,17,34.946616,65.26774,7.041741,62.318421,blackgram
20,65,17,28.962183,62.393564,6.500145,72.670325,blackgram
50,65,17,27.100533,63.360856,6.540821,71.505695,blackgram
32,64,17,34.946616,65.267328,6.997731,70.896211,blackgram
29,63,17,30.026299,67.888116,7.261543,66.472646,blackgram
29,63,17,29.451801,65.297226,7.053125,66.154194,blackgram
33,63,17,28.570061,65.717658,7.261543,70.086643,blackgram
40,63,17,30.101693,66.593296,6.931536,63.699837,blackgram
47,63,17,27.614442,67.272981,6.680538,74.915595,blackgram
37,62,17,25.685767,69.84354,7.121255,74.620687,blackgram
56,62,17,25.685767,69.84354,7.152272,66.371712,blackgram
59,62,17,31.585603,60.132231,6.511581,67.679631,blackgram
25,61,17,27.219359,64.011762,7.119252,63.738805,blackgram
40,61,17,30.949082,65.148775,7.73315,62.787309,blackgram
46,61,17,27.675961,66.298198,6.722213,72.502101,blackgram
27,60,17,26.417683,63.646983,7.026795,64.421771,blackgram
57,60,17,26.237731,66.614528,7.504608,73.58664,blackgram
57,60,17,26.237731,67.885214,7.504608,73.58664,blackgram
55,59,17,27.977667,65.221851,7.371375,72.710527,blackgram
60,59,17,31.868473,65.26774,7.191523,70.141514,blackgram
34,58,17,28.546224,60.181221,7.586642,73.446787,blackgram
45,58,17,27.163776,66.102919,6.576545,74.617519,blackgram
59,58,17,28.546224,66.313941,7.368319,62.834699,blackgram
53,57,17,31.495633,60.065349,6.992611,70.307619,blackgram
58,57,17,28.427827,66.509085,7.327973,64.4914,blackgram
58,57,17,29.246978,65.123708,7.268262,62.404146,blackgram
59,56,17,31.728302,62.027611,7.304783,69.042208,blackgram
58,79,16,27.247665,65.335381,7.041741,62.262425,blackgram
54,77,16,28.694961,63.252702,7.151949,72.539512,blackgram
56,77,16,28.318446,62.181175,7.501049,66.362141,blackgram
57,77,16,28.825316,62.87753,7.100775,64.483241,blackgram
55,76,16,34.373291,69.693664,6.596719,63.299008,blackgram
56,76,16,28.544163,60.333635,7.576675,63.755703,blackgram
56,76,16,28.272659,61.189562,7.513151,63.299008,blackgram
56,76,16,28.147519,61.789217,7.455598,63.17929,blackgram
57,75,16,32.286365,64.640685,6.992572,65.713279,blackgram
57,74,16,32.455297,64.057281,6.954427,65.321389,blackgram
40,73,16,33.369844,65.677182,6.874142,64.895175,blackgram
58,73,16,33.369844,65.677182,6.874142,64.895175,blackgram
53,72,16,29.58766,63.671745,7.507496,72.205585,blackgram
22,71,16,33.972798,63.478229,7.401722,62.01508,blackgram
52,71,16,27.742748,68.539971,7.075886,71.786153,blackgram
52,71,16,28.434406,68.314025,7.129452,71.265473,blackgram
52,71,16,28.570061,68.539971,7.075886,70.086643,blackgram
55,71,16,33.537493,66.197447,7.244939,66.259014,blackgram
59,71,16,33.34343,65.351796,6.862076,66.898217,blackgram
59,71,16,34.11556,65.0328,6.603096,64.449934,blackgram
60,71,16,27.733969,67.748839,7.087949,74.915595,blackgram
23,70,16,33.551684,63.343359,7.344081,61.841812,blackgram
51,70,16,33.622635,66.806528,7.527983,65.72978,blackgram
52,70,16,27.161591,66.760172,6.92009,69.851123,blackgram
52,70,16,33.668554,66.604169,7.534812,67.325206,blackgram
53,70,16,28.50404,66.758845,7.30473,71.44659,blackgram
59,70,16,33.668554,62.510077,7.534812,67.325206,blackgram
35,69,16,32.65656,60.065349,7.585096,71.515302,blackgram
27,68,16,29.517333,66.449668,7.074778,69.949351,blackgram
56,68,16,32.587642,69.118897,6.684681,71.291973,blackgram
57,68,16,33.775613,69.961,6.500145,69.734876,blackgram
24,67,16,29.247753,67.404823,7.15772,69.040705,blackgram
26,67,16,29.107131,67.905774,7.176208,67.833459,blackgram
55,67,16,34.373291,69.693664,6.596719,70.271847,blackgram
55,67,16,34.306052,69.398895,6.686223,69.990708,blackgram
55,67,16,34.373291,64.511368,6.596719,63.465465,blackgram
26,66,16,29.058057,68.010868,7.201129,67.841844,blackgram
36,66,16,30.216694,68.780015,6.696956,63.727425,blackgram
53,66,16,34.946616,69.961,6.557669,73.015567,blackgram
37,65,16,29.969035,69.961,6.697745,70.167054,blackgram
54,65,16,34.215916,69.75191,6.582804,71.107165,blackgram
34,64,16,28.375393,63.612751,6.502126,68.829299,blackgram
45,63,16,26.548923,64.485146,6.829517,73.738119,blackgram
47,63,16,27.440033,67.104644,6.661871,72.506698,blackgram
47,63,16,27.483774,66.955128,6.673058,72.505845,blackgram
44,62,16,26.544172,63.730693,7.194881,63.479678,blackgram
57,62,16,31.476448,60.945304,6.539939,67.553626,blackgram
35,61,16,31.141725,63.349366,7.525406,65.927655,blackgram
59,61,16,26.578543,67.598214,7.775306,74.915595,blackgram
34,60,16,30.799743,66.57744,7.080272,66.09878,blackgram
34,60,16,31.319656,64.352838,7.320829,63.930689,blackgram
34,60,16,31.357308,64.249921,7.322555,63.856689,blackgram
34,60,16,31.344053,64.29798,7.314415,63.844976,blackgram
33,59,16,31.353481,64.29779,7.333737,62.591524,blackgram
35,59,16,30.133329,65.335112,7.382933,64.957041,blackgram
56,59,16,26.490351,67.880088,7.484022,74.801807,blackgram
52,58,16,30.640958,61.145086,7.167436,71.369475,blackgram
52,58,16,28.840792,61.145086,7.167436,70.254967,blackgram
52,58,16,26.417683,63.646983,7.026795,64.421771,blackgram
59,58,16,27.71289,67.182118,7.381074,61.134787,blackgram
53,56,16,28.720962,65.676823,7.507079,62.462105,blackgram
50,55,16,27.458536,65.335381,7.581443,69.460209,blackgram
50,55,16,28.814607,65.335381,7.581443,62.262425,blackgram
50,55,16,28.814607,65.335381,7.581443,62.262425,blackgram
54,80,15,29.975673,64.806372,7.480662,72.898314,blackgram
47,79,15,27.440033,67.104644,7.454532,72.506698,blackgram
56,79,15,29.4844,63.199153,7.454532,71.890907,blackgram
30,78,15,28.211134,61.872568,6.75343,69.56043,blackgram
30,78,15,27.403948,64.902412,7.165491,68.289182,blackgram
56,78,15,29.65948,62.434112,7.380743,70.543531,blackgram
24,77,15,31.683724,69.099005,7.225282,60.663943,blackgram
31,77,15,28.414,63.324243,7.010857,68.293207,blackgram
25,76,15,31.741054,64.511368,7.33893,62.306174,blackgram
29,76,15,28.541724,64.202015,7.025608,69.688623,blackgram
50,76,15,27.213111,63.33077,6.526501,74.915595,blackgram
58,76,15,25.255962,64.202015,7.025608,68.646851,blackgram
25,75,15,31.572078,67.988489,7.256995,62.124179,blackgram
30,75,15,28.891274,64.964724,7.278471,71.682075,blackgram
56,75,15,30.201572,60.065349,7.152272,66.371712,blackgram
57,75,15,29.981831,60.065349,7.156769,60.417903,blackgram
48,74,15,27.100255,62.097139,6.553211,71.722333,blackgram
53,74,15,29.434638,64.943294,7.517097,72.178182,blackgram
58,74,15,33.448253,65.698302,6.890487,64.320704,blackgram
49,72,15,31.307018,69.961,7.056597,74.915595,blackgram
49,72,15,32.797668,68.779941,7.137005,74.869608,blackgram
49,72,15,31.558463,67.835638,7.137005,74.869608,blackgram
54,72,15,28.593279,63.891841,7.591405,73.484466,blackgram
58,71,15,27.825928,67.586188,6.919244,74.012297,blackgram
58,71,15,27.825928,67.586188,6.596719,74.012297,blackgram
23,70,15,34.600825,63.112968,7.403623,60.417903,blackgram
29,70,15,30.334997,63.547189,6.872594,74.166991,blackgram
50,70,15,32.447743,65.775731,7.363939,72.350669,blackgram
57,69,15,30.609578,68.482194,6.78212,72.422023,blackgram
32,67,15,34.946616,65.484986,7.188183,72.141423,blackgram
36,66,15,29.892884,68.65339,6.648146,67.422509,blackgram
36,66,15,30.085454,69.34812,6.668239,67.136744,blackgram
57,66,15,34.489715,69.692169,6.591756,72.05835,blackgram
36,65,15,28.352548,62.820931,6.505417,72.899037,blackgram
29,64,15,30.074314,67.714728,7.260697,64.923464,blackgram
35,64,15,28.474423,63.536045,6.500145,69.527441,blackgram
43,63,15,27.65648,64.360557,7.347278,64.205386,blackgram
43,63,15,27.012037,64.439371,7.342915,63.818704,blackgram
44,63,15,30.949082,64.233641,7.402892,63.465465,blackgram
44,63,15,26.42333,64.511368,7.33893,63.465465,blackgram
44,63,15,26.591463,64.28405,7.316259,63.038506,blackgram
45,63,15,26.751328,65.563057,7.358768,64.067912,blackgram
57,63,15,30.126383,64.199335,7.136693,60.458712,blackgram
40,62,15,29.710125,64.165917,7.352956,65.013007,blackgram
41,62,15,29.384003,64.149285,7.358975,65.241944,blackgram
44,62,15,26.42333,66.637972,7.538631,65.816559,blackgram
48,62,15,25.365861,66.637972,7.538631,65.816559,blackgram
32,61,15,31.572295,65.676133,7.355947,61.520425,blackgram
46,61,15,27.536228,68.062551,6.635486,74.915595,blackgram
58,61,15,30.949082,64.233641,7.402892,62.787309,blackgram
34,60,15,31.465076,65.48467,7.300385,62.711634,blackgram
34,60,15,31.503953,64.814491,7.303085,60.417903,blackgram
49,60,15,25.816021,67.788556,7.673207,64.076147,blackgram
55,60,15,32.797668,68.779941,7.163044,64.114111,blackgram
29,56,15,28.127878,63.547189,6.872594,74.166991,blackgram
27,79,85,17.065793,17.540241,5.996932,70.871506,chickpea
42,79,85,17.141861,17.066243,6.129534,83.746067,chickpea
42,79,85,17.223852,15.820693,6.129534,76.57581,chickpea
54,78,85,17.339754,16.803292,8.041224,85.098853,chickpea
45,77,85,17.180976,14.637534,6.077796,76.685598,chickpea
54,77,85,17.141861,17.066243,7.829211,83.746067,chickpea
42,76,85,17.223852,19.685385,6.129534,76.57581,chickpea
44,76,85,20.186494,19.6372,7.150681,78.260396,chickpea
55,76,85,17.232925,18.112767,7.849281,82.942227,chickpea
45,75,85,20.777485,18.969334,6.943199,78.89381,chickpea
44,74,85,20.187981,19.586509,7.166164,78.327054,chickpea
44,74,85,18.888525,14.994511,7.150681,78.260396,chickpea
44,74,85,20.186494,19.6372,7.150681,78.260396,chickpea
26,73,85,18.904863,18.168972,6.456587,71.001928,chickpea
31,73,85,19.84442,14.25804,6.297035,89.438975,chickpea
42,73,85,20.215509,18.647739,7.452888,79.561528,chickpea
55,73,85,19.011923,14.405485,7.346119,93.030476,chickpea
57,73,85,18.493112,14.72115,7.3581,91.945954,chickpea
22,72,85,18.868056,15.658092,6.391174,88.51049,chickpea
22,72,85,17.091042,18.251421,6.391174,87.274449,chickpea
24,72,85,18.729631,19.181973,6.545889,80.64054,chickpea
33,72,85,18.782496,18.257462,7.169073,68.608426,chickpea
23,71,85,19.002294,17.008109,6.919119,82.989687,chickpea
32,71,85,20.627675,14.440089,6.403982,92.066303,chickpea
22,69,85,19.228377,15.20825,6.313266,89.491362,chickpea
40,69,85,19.760496,16.981191,8.254804,79.85179,chickpea
49,69,85,18.493112,15.361435,7.263119,91.945954,chickpea
37,66,85,20.931753,18.714832,7.06479,88.458569,chickpea
37,66,85,20.931753,18.912954,6.456148,78.069108,chickpea
58,66,85,20.993736,14.440089,6.403982,93.552801,chickpea
23,63,85,18.361594,19.969789,8.811498,78.652607,chickpea
23,62,85,19.11033,17.357045,8.475356,82.716627,chickpea
23,62,85,18.974248,19.516122,8.490127,80.710874,chickpea
27,62,85,18.19737,14.710705,7.3581,91.945954,chickpea
57,62,85,17.924058,19.535807,8.311682,73.888008,chickpea
22,60,85,18.839291,14.740719,7.811998,94.781896,chickpea
22,60,85,18.784128,14.813597,7.746028,94.724013,chickpea
22,60,85,18.907092,14.994209,7.672532,94.024226,chickpea
42,60,85,19.030253,18.667256,6.129534,94.70992,chickpea
33,58,85,17.887765,18.72832,5.996932,68.814051,chickpea
39,58,85,17.887765,15.405897,8.104396,68.549329,chickpea
39,58,85,17.887765,15.405897,5.996932,68.549329,chickpea
38,57,85,17.746334,16.856475,6.034943,68.822387,chickpea
44,57,85,19.483168,19.6372,7.150681,80.498629,chickpea
56,57,85,19.178168,17.255029,6.610964,73.971328,chickpea
23,56,85,18.208104,17.328374,6.539186,79.549911,chickpea
24,56,85,18.199036,17.413332,6.545889,80.64054,chickpea
51,56,85,20.269923,14.782844,6.827038,88.111789,chickpea
52,56,85,20.118745,14.442283,6.817124,88.681686,chickpea
24,55,85,18.044694,17.194042,6.548365,79.341723,chickpea
50,55,85,19.828715,14.25804,6.609207,87.336156,chickpea
33,75,84,19.462104,18.72832,7.217018,68.814051,chickpea
43,73,84,19.870073,19.25055,6.893067,80.368708,chickpea
23,72,84,19.020613,17.131591,6.920251,79.926981,chickpea
28,72,84,18.729631,19.181973,6.481783,71.580102,chickpea
39,71,84,20.281559,16.395352,8.140825,82.523397,chickpea
24,70,84,18.326116,17.130472,6.712897,82.087546,chickpea
58,70,84,19.483985,17.36308,6.696355,77.467527,chickpea
58,70,84,20.65432,16.608208,6.231049,74.663112,chickpea
59,70,84,17.334868,18.74927,7.550808,82.617347,chickpea
60,70,84,17.547457,17.659856,7.526399,83.896923,chickpea
60,69,84,18.934559,19.969789,6.605505,84.744667,chickpea
24,64,84,19.465268,19.125658,8.245658,79.522024,chickpea
23,60,84,18.517341,15.166065,7.426972,94.444071,chickpea
38,60,84,17.334868,18.74927,8.868741,82.617347,chickpea
57,60,84,19.103428,17.261845,6.586777,75.491012,chickpea
59,60,84,19.030253,18.667256,7.690962,94.70992,chickpea
38,58,84,17.576094,15.457015,5.989061,68.450438,chickpea
52,57,84,20.302661,14.437566,6.822063,87.146426,chickpea
41,56,84,17.646855,15.72158,6.03591,70.793342,chickpea
26,80,83,17.084985,16.145658,7.5286,71.310073,chickpea
27,79,83,17.145924,17.765062,6.303086,71.835573,chickpea
27,76,83,19.128294,14.922415,6.289614,89.618578,chickpea
27,76,83,19.265467,14.859027,6.324421,89.059551,chickpea
31,74,83,19.186213,16.54249,6.25556,70.253717,chickpea
42,74,83,19.020613,17.131591,7.545258,65.78042,chickpea
42,74,83,19.258256,14.280419,7.545258,65.78042,chickpea
57,74,83,18.297002,15.092395,7.336909,89.884972,chickpea
25,73,83,18.686841,17.521726,7.527445,80.60874,chickpea
55,73,83,18.537596,14.25804,7.371272,92.789382,chickpea
27,72,83,18.420393,18.899337,6.329997,71.073345,chickpea
47,72,83,18.202395,14.865718,7.378833,80.365517,chickpea
42,70,83,18.109488,17.324252,6.781511,79.859335,chickpea
60,68,83,19.120652,18.434758,6.620901,85.529502,chickpea
60,68,83,20.995022,16.367356,6.303126,73.568413,chickpea
56,67,83,18.897802,16.718266,8.255451,69.095125,chickpea
40,65,83,19.221416,16.172009,6.445627,68.817012,chickpea
36,64,83,20.400713,19.371975,6.424897,75.864973,chickpea
58,63,83,18.314753,19.148318,8.076688,72.259816,chickpea
59,62,83,18.576659,19.220082,8.104396,72.949404,chickpea
57,61,83,19.313333,16.503784,6.565705,76.518083,chickpea
32,60,83,19.691417,19.442254,8.829273,91.760716,chickpea
56,60,83,19.174024,17.458131,6.948542,75.519403,chickpea
28,59,83,17.510779,17.122768,6.169707,92.196023,chickpea
23,58,83,17.589518,17.189776,6.38242,80.814345,chickpea
53,58,83,19.143631,15.164737,7.06647,85.261221,chickpea
35,57,83,19.588697,17.878921,7.503553,81.591221,chickpea
35,57,83,19.483168,17.445346,7.476801,80.498629,chickpea
60,57,83,19.120652,17.445346,7.476801,80.498629,chickpea
36,56,83,18.576659,19.220082,7.452671,72.949404,chickpea
36,56,83,18.897802,19.761829,7.452671,69.095125,chickpea
38,55,83,19.627509,18.42159,8.458632,75.684977,chickpea
59,55,83,20.326132,17.321143,8.758235,81.539804,chickpea
27,79,82,17.065793,17.540241,6.307005,70.871506,chickpea
28,79,82,20.566019,16.107479,6.654425,83.759371,chickpea
43,79,82,18.426068,17.560215,7.052923,78.598988,chickpea
27,78,82,17.024985,17.770521,6.442413,69.902991,chickpea
43,77,82,17.393433,15.692411,5.988993,75.691012,chickpea
55,77,82,17.024985,17.256211,7.640909,85.939486,chickpea
28,76,82,20.566019,14.25804,6.654425,83.759371,chickpea
30,76,82,20.265676,17.941861,7.828847,79.757992,chickpea
31,76,82,20.824845,17.850571,7.59928,79.205092,chickpea
31,76,82,20.824845,17.850571,6.35874,79.205092,chickpea
29,75,82,18.983903,19.706226,6.343685,69.791634,chickpea
30,75,82,19.653568,18.041795,8.080147,80.363238,chickpea
33,75,82,20.522937,16.713142,8.006661,65.113656,chickpea
23,73,82,18.978281,16.575654,6.976776,82.197508,chickpea
23,73,82,19.666962,16.692397,7.14441,78.729115,chickpea
28,72,82,17.573433,18.514515,8.469772,82.77365,chickpea
22,71,82,18.812177,17.504752,6.898746,77.468316,chickpea
26,71,82,19.508681,15.264033,7.474878,82.116622,chickpea
43,70,82,18.280521,18.437585,6.876874,78.725001,chickpea
49,70,82,20.65432,15.361435,6.231049,81.787105,chickpea
58,70,82,20.526639,17.306486,6.2712,70.719328,chickpea
41,69,82,20.022247,16.602968,6.755765,68.983144,chickpea
41,69,82,20.023815,16.632945,6.715587,68.978065,chickpea
49,69,82,18.315615,15.361435,7.263119,81.787105,chickpea
58,69,82,19.89512,17.307801,8.120654,92.846854,chickpea
60,69,82,18.696314,16.64862,8.161324,69.240338,chickpea
27,68,82,17.065793,17.540241,6.307005,70.871506,chickpea
36,67,82,19.601088,15.931438,6.644256,84.559696,chickpea
30,65,82,20.714244,15.278241,7.103798,76.778887,chickpea
30,65,82,20.61743,15.298323,7.12552,76.704528,chickpea
22,64,82,19.489743,17.172603,6.474025,87.513128,chickpea
58,64,82,18.117369,18.594592,8.096787,72.896125,chickpea
57,62,82,19.615226,18.519207,7.8957,94.781896,chickpea
32,60,82,19.502049,19.59548,8.868741,92.762269,chickpea
32,60,82,19.503698,18.480719,8.817637,90.385395,chickpea
31,59,82,19.418191,19.056507,8.789341,92.805307,chickpea
35,59,82,19.132166,17.220496,7.058372,78.848001,chickpea
40,58,82,17.982207,15.227505,6.016176,69.356185,chickpea
35,57,82,19.151459,19.536694,7.431404,69.399157,chickpea
37,55,82,19.461585,17.902374,8.226938,78.875287,chickpea
37,55,82,19.455918,18.022359,8.423874,78.449106,chickpea
37,55,82,19.455918,16.428918,8.423874,78.449106,chickpea
45,79,81,19.572267,19.360542,7.79408,81.158378,chickpea
28,75,81,19.016081,16.717525,7.928815,82.682685,chickpea
30,75,81,20.377092,17.307553,7.533461,80.146035,chickpea
30,75,81,19.41792,16.805723,6.408859,68.495285,chickpea
30,75,81,19.417897,16.804722,6.408438,68.495119,chickpea
31,75,81,20.995022,18.033322,7.569528,80.254087,chickpea
28,74,81,18.012723,18.309681,8.753795,81.985688,chickpea
32,73,81,20.450786,15.403121,5.988993,92.683737,chickpea
54,72,81,17.106198,19.479161,7.831387,93.315851,chickpea
27,71,81,18.764434,19.772704,6.498523,67.973654,chickpea
31,71,81,20.946129,15.130526,5.988993,94.781896,chickpea
40,69,81,19.926973,16.22282,6.682672,70.849459,chickpea
57,69,81,17.183018,16.48722,8.075896,72.291092,chickpea
58,69,81,20.725367,19.401222,8.75495,94.781896,chickpea
34,68,81,20.656918,15.845726,8.081095,72.786242,chickpea
42,68,81,19.794339,16.057674,7.230969,71.269898,chickpea
43,68,81,17.478094,17.93254,6.7616,78.920602,chickpea
57,68,81,17.170126,17.304577,8.081095,72.786242,chickpea
60,68,81,20.995022,16.591734,6.100553,76.273831,chickpea
31,67,81,19.857236,15.456009,7.296087,76.120651,chickpea
35,66,81,19.371011,15.774581,6.138244,85.248199,chickpea
49,66,81,17.451713,14.25804,7.727011,72.957369,chickpea
22,65,81,19.58495,16.84774,6.667608,87.234906,chickpea
30,64,81,20.697054,14.903507,7.090193,76.23572,chickpea
35,64,81,18.236191,16.656125,6.090165,74.925318,chickpea
58,64,81,19.947289,14.762767,6.498065,78.531827,chickpea
22,63,81,19.290703,16.799157,6.456607,88.006114,chickpea
47,63,81,17.371386,14.25804,7.681762,71.738106,chickpea
58,63,81,19.813445,14.697653,6.5155,78.965147,chickpea
20,62,81,18.583907,14.359316,6.475885,87.879213,chickpea
45,61,81,19.68559,16.089323,6.518462,81.066832,chickpea
58,61,81,19.813445,16.062401,6.489389,81.528427,chickpea
29,60,81,17.196447,15.677499,6.139141,93.884134,chickpea
32,60,81,19.691417,19.442254,6.138244,91.760716,chickpea
55,60,81,19.237563,17.611914,6.496837,75.42065,chickpea
58,59,81,18.034726,19.016578,8.436571,70.757876,chickpea
28,58,81,17.47501,16.543148,6.180427,93.350343,chickpea
28,58,81,17.638357,16.75681,6.375645,93.233189,chickpea
58,57,81,20.478724,17.038986,8.752028,80.667636,chickpea
30,56,81,19.417897,19.86013,6.408438,73.50734,chickpea
54,56,81,18.836811,16.055078,7.226941,88.08586,chickpea
26,79,80,17.253109,15.979967,7.401208,69.464783,chickpea
26,79,80,17.024985,18.18253,6.237388,68.299897,chickpea
36,79,80,20.020227,14.982145,7.785332,88.618519,chickpea
42,79,80,19.932238,19.67838,7.872607,80.42347,chickpea
31,76,80,20.995022,17.932361,7.615394,78.797271,chickpea
32,76,80,20.091262,16.283541,7.265472,66.725048,chickpea
34,76,80,20.656918,15.845726,7.5286,71.310073,chickpea
34,76,80,20.656918,15.845726,7.985417,65.238111,chickpea
29,74,80,17.429784,18.373759,8.868741,84.390943,chickpea
29,74,80,19.829553,16.643519,7.452973,81.296675,chickpea
27,73,80,19.147106,15.978786,7.306767,82.390424,chickpea
30,71,80,20.284886,19.840778,7.325294,69.853505,chickpea
31,71,80,20.440882,14.25804,6.369466,87.732944,chickpea
60,71,80,17.573146,19.394559,7.55407,80.64488,chickpea
31,70,80,19.723695,15.634292,6.11372,94.781896,chickpea
59,69,80,19.088307,17.870775,8.153534,69.46587,chickpea
59,69,80,19.079377,17.867549,8.165359,69.406191,chickpea
31,68,80,20.656104,19.969789,7.315463,66.921395,chickpea
36,67,80,19.398674,14.781143,6.11468,85.455816,chickpea
58,67,80,20.781082,18.942366,8.60253,93.416154,chickpea
30,66,80,20.832963,15.102863,7.122111,76.937876,chickpea
36,66,80,18.243938,17.658269,6.060765,75.289726,chickpea
58,66,80,20.584578,19.138119,8.260059,91.800188,chickpea
36,65,80,18.293239,16.890776,6.131893,75.196359,chickpea
36,65,80,18.287201,16.679216,6.051091,74.874456,chickpea
37,65,80,18.450935,16.476652,6.319376,74.834216,chickpea
54,62,80,17.489117,16.390554,7.489545,79.457583,chickpea
32,58,80,20.134799,18.907152,8.597659,94.189976,chickpea
33,57,80,19.54824,16.951932,7.499925,79.394704,chickpea
57,55,80,20.751098,17.320138,8.748064,84.622222,chickpea
59,55,80,20.347602,16.840244,8.553071,81.341619,chickpea
60,55,80,20.899883,16.642433,8.450673,82.140036,chickpea
43,80,79,19.437134,18.774948,7.805323,79.977648,chickpea
43,79,79,19.407517,18.980305,7.806748,80.250646,chickpea
37,78,79,19.952648,14.826331,7.786366,88.681031,chickpea
35,74,79,20.500961,16.409413,7.988033,65.113656,chickpea
39,74,79,17.683206,16.814554,7.72964,85.628346,chickpea
27,73,79,19.162883,15.835007,7.354973,82.697668,chickpea
34,73,79,17.222697,16.021962,7.837286,74.767076,chickpea
52,73,79,17.257695,18.74944,7.840339,94.002872,chickpea
53,73,79,17.184179,19.869168,7.858589,94.055276,chickpea
35,72,79,17.812058,15.946726,7.737317,76.781497,chickpea
30,71,79,20.165462,19.583372,7.202671,69.504167,chickpea
34,71,79,17.927806,15.856229,7.728998,74.638728,chickpea
35,71,79,18.172452,15.946887,7.610713,73.978017,chickpea
39,71,79,20.281559,16.895743,8.766129,82.254558,chickpea
30,70,79,20.269423,19.969789,7.313122,69.644492,chickpea
31,70,79,20.888187,15.835007,6.492546,90.462283,chickpea
33,68,79,19.997982,15.174774,6.284659,87.402913,chickpea
30,67,79,17.166064,14.424575,6.204091,72.326675,chickpea
34,66,79,19.152844,18.132097,7.136437,78.433497,chickpea
36,66,79,18.326336,18.050466,6.574816,76.960913,chickpea
36,66,79,18.319767,17.820312,6.486913,76.610716,chickpea
36,66,79,18.309922,17.475362,6.355165,76.08585,chickpea
43,66,79,19.46234,15.22539,7.976608,74.585651,chickpea
56,66,79,17.614605,16.198422,8.24264,78.119956,chickpea
58,66,79,20.993736,19.334704,8.718193,93.552801,chickpea
58,66,79,20.367204,16.895743,8.766129,82.254558,chickpea
51,65,79,19.399383,16.59195,8.702453,76.391271,chickpea
55,64,79,17.522744,16.519685,7.791343,78.811882,chickpea
53,63,79,17.653727,17.188187,7.434845,78.797683,chickpea
43,62,79,19.797807,16.026853,6.701012,80.938536,chickpea
52,62,79,17.544961,16.487348,7.535964,81.696436,chickpea
52,62,79,17.257695,19.516122,7.840339,80.710874,chickpea
27,60,79,19.030253,18.667256,7.354973,94.70992,chickpea
52,60,79,18.591908,18.234907,8.380185,89.609825,chickpea
52,60,79,19.453399,18.234907,8.380185,75.631757,chickpea
53,59,79,19.308621,18.034175,8.353005,75.751061,chickpea
58,57,79,17.804285,18.40164,8.655807,70.272174,chickpea
27,56,79,20.995022,19.86013,7.354973,73.50734,chickpea
59,56,79,20.399347,17.169732,8.537954,83.352309,chickpea
24,55,79,17.897664,15.417342,6.690925,73.945595,chickpea
52,55,79,17.302879,18.234907,6.649196,75.631757,chickpea
59,55,79,20.367204,16.895743,8.766129,82.254558,chickpea
59,55,79,20.367204,18.904269,8.766129,82.254558,chickpea
25,79,78,17.372579,15.862227,7.310683,68.153518,chickpea
47,79,78,17.483954,15.658092,6.609697,65.113656,chickpea
47,79,78,17.483954,14.760145,6.609697,65.113656,chickpea
26,78,78,17.345942,16.334669,6.929931,68.235303,chickpea
36,78,78,19.986868,15.427161,7.816957,90.358099,chickpea
28,77,78,17.535188,14.25804,7.758022,72.480884,chickpea
60,77,78,20.712193,15.480832,7.778592,72.944667,chickpea
38,76,78,19.155937,15.414757,7.704626,88.645708,chickpea
33,75,78,18.921149,16.724859,7.523888,69.465644,chickpea
28,74,78,18.793997,18.50611,7.934915,85.123935,chickpea
42,72,78,17.040578,16.339291,7.443367,90.036941,chickpea
60,70,78,18.798217,17.196024,8.239016,70.033584,chickpea
52,68,78,17.485041,16.960706,6.896552,86.05078,chickpea
53,68,78,17.558773,18.311345,6.911786,85.761848,chickpea
22,67,78,17.166064,14.424575,6.204091,72.326675,chickpea
56,67,78,17.574456,16.718266,8.255451,77.818914,chickpea
38,66,78,18.302291,19.915091,7.106849,78.785569,chickpea
47,66,78,17.405747,14.530804,8.051236,75.85656,chickpea
48,65,78,17.437327,14.338474,7.861128,73.09267,chickpea
35,64,78,17.928459,14.27328,7.496645,85.373788,chickpea
37,64,78,17.859081,14.449931,7.438055,88.28103,chickpea
52,64,78,20.24164,17.163947,8.711997,79.014146,chickpea
57,64,78,17.091042,18.251421,7.496645,87.274449,chickpea
23,63,78,17.214265,14.68158,6.360906,73.472115,chickpea
44,63,78,19.314736,16.018399,6.707472,80.540502,chickpea
56,62,78,17.508595,16.587009,7.464358,79.883301,chickpea
59,62,78,20.793654,19.691264,7.011863,93.896618,chickpea
20,61,78,18.628926,14.989253,6.114808,91.721871,chickpea
45,61,78,19.532651,16.209617,6.532475,81.654812,chickpea
45,61,78,19.486493,16.062401,6.489389,81.528427,chickpea
52,61,78,19.608245,17.854092,8.451479,75.989758,chickpea
60,61,78,20.712193,19.836433,6.317153,94.036599,chickpea
20,60,78,18.17235,14.70086,6.35874,90.776071,chickpea
20,60,78,18.213602,14.778258,6.36235,90.673897,chickpea
20,60,78,18.329821,14.996313,6.372521,90.386044,chickpea
46,60,78,19.201656,15.606833,6.518086,80.27112,chickpea
44,59,78,20.675265,19.85389,7.599033,84.78344,chickpea
54,59,78,19.025236,15.601341,6.101605,80.52945,chickpea
59,58,78,18.902294,18.314067,7.996421,79.960718,chickpea
50,57,78,18.970972,16.990622,8.067435,79.306785,chickpea
25,56,78,17.662758,15.16716,6.697154,75.704601,chickpea
52,56,78,18.682871,16.716251,7.907488,81.51396,chickpea
57,56,78,17.341502,18.756263,8.86148,67.954544,chickpea
58,56,78,20.707629,16.903337,8.737748,83.629782,chickpea
58,56,78,19.867146,17.10553,8.526226,81.933686,chickpea
24,55,78,17.302879,15.154059,6.649196,75.577904,chickpea
34,55,78,20.656918,15.845726,6.649196,75.577904,chickpea
49,55,78,18.655801,16.177727,7.863114,81.707693,chickpea
60,55,78,20.67894,16.774361,8.794183,82.948637,chickpea
43,80,77,17.182484,15.22539,7.976608,72.850173,chickpea
47,80,77,17.182484,16.428918,7.561108,72.850173,chickpea
49,80,77,17.541282,16.702258,7.457391,70.533818,chickpea
20,79,77,18.549886,16.025427,7.648675,76.325652,chickpea
30,78,77,18.899112,15.804022,7.714428,89.702357,chickpea
37,78,77,17.024985,14.826331,7.786366,88.551231,chickpea
24,77,77,17.893628,18.876883,8.657963,77.879902,chickpea
30,77,77,17.056775,14.790266,8.223172,90.391806,chickpea
54,77,77,18.369526,19.56381,7.829211,83.746067,chickpea
35,76,77,19.364994,16.295529,8.411715,68.236963,chickpea
46,76,77,18.235675,19.685385,6.967843,83.748793,chickpea
30,75,77,19.435024,18.63937,7.103514,91.560895,chickpea
28,74,77,19.375145,17.160184,7.221443,85.348598,chickpea
41,73,77,17.320545,17.646963,7.359502,87.378834,chickpea
53,73,77,19.713597,18.096657,7.325451,73.644765,chickpea
27,72,77,19.278582,15.635034,7.458718,84.295119,chickpea
39,72,77,17.376141,16.841984,7.384554,90.866873,chickpea
40,72,77,19.952648,14.826331,7.485996,88.551231,chickpea
40,72,77,17.024985,16.988612,7.485996,88.551231,chickpea
31,70,77,20.888187,14.323138,6.492546,90.462283,chickpea
31,70,77,20.888187,15.480832,7.778592,72.944667,chickpea
34,70,77,18.467522,16.083095,7.59293,73.098905,chickpea
50,70,77,19.387712,16.945934,6.683625,82.931563,chickpea
20,69,77,20.023815,16.632945,6.715587,68.978065,chickpea
21,68,77,17.343403,14.25804,6.443345,70.420239,chickpea
25,68,77,19.983624,15.089255,7.624716,86.036325,chickpea
25,68,77,20.093406,15.112796,7.701446,85.749049,chickpea
52,68,77,17.292266,17.75313,6.888606,86.105557,chickpea
57,68,77,18.493112,14.72115,7.701446,85.749049,chickpea
36,67,77,18.369526,19.56381,7.152811,79.263577,chickpea
37,67,77,18.466648,18.999854,7.14684,79.175504,chickpea
41,67,77,18.900561,16.480281,7.120165,78.782026,chickpea
42,67,77,18.994244,15.936294,7.114405,78.697072,chickpea
55,67,77,17.46284,17.137785,8.27662,77.904184,chickpea
59,67,77,20.995022,19.387434,8.551286,93.27569,chickpea
22,66,77,17.066315,15.442903,6.20511,69.004075,chickpea
56,64,77,20.995022,18.936973,8.485424,94.247118,chickpea
51,63,77,18.211636,14.832866,6.929163,75.5994,chickpea
53,63,77,19.928438,17.066636,8.5989,76.730039,chickpea
27,62,77,18.19737,17.808524,8.868741,77.927987,chickpea
27,62,77,18.19737,14.710705,6.576416,70.181852,chickpea
43,62,77,19.46234,15.22539,6.576416,74.585651,chickpea
54,61,77,18.811981,15.216182,6.206582,77.542942,chickpea
60,61,77,20.995022,19.478154,6.293351,90.297207,chickpea
26,59,77,17.795069,14.910106,6.609149,72.608749,chickpea
40,59,77,19.020144,15.19165,6.939796,92.649853,chickpea
53,59,77,18.768521,15.483752,6.667546,78.70187,chickpea
59,59,77,19.045349,19.106839,6.992833,90.923928,chickpea
30,58,77,18.726494,15.278241,7.103798,81.201765,chickpea
57,58,77,18.726494,17.584064,7.978997,81.201765,chickpea
59,57,77,19.717024,17.388607,8.43392,84.959068,chickpea
59,57,77,18.615154,17.917902,8.012042,81.27336,chickpea
50,56,77,20.943703,19.742488,8.002787,74.396086,chickpea
55,56,77,18.288787,18.011228,8.025733,81.93344,chickpea
23,55,77,17.158602,15.217193,6.538952,78.50464,chickpea
48,55,77,18.745751,16.297063,7.849894,81.697039,chickpea
56,55,77,17.024985,17.793685,8.083009,88.791354,chickpea
58,55,77,17.024985,18.817842,8.714429,68.981666,chickpea
47,80,76,17.182484,16.428918,7.966605,72.850173,chickpea
46,79,76,17.810307,14.300764,6.631082,65.560338,chickpea
22,78,76,17.848517,19.091729,8.621663,76.324707,chickpea
23,78,76,17.77848,18.358496,8.450468,75.638352,chickpea
25,78,76,17.480426,15.75594,7.228963,66.969806,chickpea
25,78,76,20.093406,15.112796,7.228963,66.969806,chickpea
31,78,76,17.572121,14.999275,8.519976,89.310507,chickpea
31,78,76,19.624163,18.714832,7.06479,88.458569,chickpea
40,77,76,20.55612,16.19223,8.317523,69.780011,chickpea
39,76,76,19.968375,15.573244,8.135901,69.157591,chickpea
46,76,76,18.445525,19.969789,6.692983,81.296153,chickpea
26,74,76,19.692862,16.020709,7.077729,84.118595,chickpea
51,73,76,17.789081,19.182679,7.649322,94.781896,chickpea
52,73,76,19.462376,17.152104,7.258091,75.613733,chickpea
48,72,76,19.285124,18.229559,6.71548,85.050877,chickpea
48,72,76,19.432336,17.515981,6.822231,84.617465,chickpea
50,72,76,18.729631,19.86013,7.966605,71.580102,chickpea
42,71,76,18.994244,17.638794,6.613072,78.697072,chickpea
49,71,76,19.710983,17.638794,6.613072,85.579254,chickpea
34,69,76,18.179855,15.494256,8.031717,74.839956,chickpea
53,69,76,19.968775,17.201163,8.070244,75.617258,chickpea
37,67,76,18.420259,18.952246,7.155395,83.802968,chickpea
39,66,76,19.968375,15.22539,8.135901,74.585651,chickpea
35,65,76,18.030489,14.25804,7.513204,84.169247,chickpea
53,65,76,20.191378,16.419983,8.719961,77.337954,chickpea
35,63,76,17.815645,17.607566,7.714153,90.820976,chickpea
48,63,76,17.024985,14.62636,7.993734,71.360776,chickpea
20,60,76,17.824352,14.25804,6.389012,92.599324,chickpea
38,60,76,18.650541,17.808524,8.868741,77.927987,chickpea
38,60,76,18.650541,17.808524,6.231049,74.663112,chickpea
54,60,76,18.811981,15.216182,6.206582,77.927987,chickpea
42,58,76,19.414587,16.783341,7.338265,87.703974,chickpea
50,57,76,20.741184,19.592528,8.034703,73.857138,chickpea
50,56,76,20.995022,19.86013,7.966605,73.50734,chickpea
59,56,76,18.178088,18.056034,8.221777,81.210286,chickpea
30,80,75,18.848881,16.995494,8.188945,90.043876,chickpea
29,79,75,17.065793,15.480832,6.307005,70.871506,chickpea
31,79,75,17.503611,16.107479,8.204862,89.731194,chickpea
31,79,75,18.820225,16.107479,8.204862,89.731194,chickpea
32,79,75,18.689494,15.23148,8.221137,88.603372,chickpea
28,78,75,17.580272,15.071504,7.468065,75.099161,chickpea
30,78,75,17.699029,14.916075,7.784619,72.412864,chickpea
29,77,75,17.503611,15.480832,7.778592,72.944667,chickpea
34,76,75,18.359852,15.764658,8.700564,71.237597,chickpea
36,76,75,18.381204,16.638052,8.736338,70.520567,chickpea
38,76,75,20.008252,15.509709,8.11774,69.344163,chickpea
28,75,75,19.240949,19.049373,6.934668,90.962947,chickpea
29,75,75,19.624163,18.714832,7.06479,88.458569,chickpea
29,75,75,19.744289,19.234292,7.071328,87.813408,chickpea
29,75,75,19.624163,18.980305,7.806748,80.250646,chickpea
28,74,75,19.406199,18.703895,6.985218,88.831736,chickpea
49,73,75,20.392411,18.207439,6.458662,83.929046,chickpea
51,72,75,18.888525,14.994511,7.104225,80.111338,chickpea
51,72,75,18.888525,17.93254,6.7616,78.920602,chickpea
50,71,75,20.42491,18.051594,6.427429,88.876787,chickpea
51,71,75,18.656576,15.319458,7.069903,81.092932,chickpea
51,71,75,18.756835,14.531135,7.11736,78.239484,chickpea
22,67,75,17.317706,14.25804,6.173494,75.078849,chickpea
42,66,75,19.168592,16.565704,7.037733,79.026838,chickpea
34,65,75,17.754688,17.891544,7.729118,89.964687,chickpea
37,64,75,18.137948,17.902625,7.662507,90.611605,chickpea
42,62,75,18.179123,18.904269,7.010571,81.849975,chickpea
46,62,75,19.357219,14.950066,6.435875,79.17651,chickpea
37,61,75,19.366633,17.964698,8.847738,77.491544,chickpea
42,61,75,18.434873,19.247393,6.930222,82.31698,chickpea
38,60,75,18.25846,15.994368,7.402658,90.130082,chickpea
36,58,75,18.369526,19.56381,7.168096,89.609825,chickpea
37,58,75,18.83616,17.646906,8.868741,80.963925,chickpea
40,58,75,18.591908,14.779596,7.168096,89.609825,chickpea
40,58,75,18.591908,14.779596,7.168096,89.609825,chickpea
40,58,75,18.591908,19.181973,7.168096,71.580102,chickpea
50,57,75,20.995022,19.969789,7.968855,73.140386,chickpea
57,57,75,17.091042,19.761829,7.785039,87.274449,chickpea
57,57,75,17.091042,18.251421,7.785039,87.274449,chickpea
53,56,75,20.987238,19.969789,7.993283,73.041084,chickpea
51,55,75,20.995022,19.969789,8.005768,72.725083,chickpea
30,30,35,25.008724,95.59224,6.001936,165.809218,coconut
31,30,35,25.008724,99.147849,6.132526,159.444743,coconut
36,30,35,28.157069,95.350954,6.163774,181.329221,coconut
30,29,35,25.008724,96.024182,5.980522,170.987208,coconut
30,29,35,26.771925,90.04071,6.092438,137.879482,coconut
31,29,35,27.171732,92.479799,6.139462,142.156102,coconut
31,29,35,27.187228,92.199068,6.137103,141.322058,coconut
24,27,35,28.385039,95.113203,5.557712,189.671135,coconut
24,27,35,28.87863,96.385808,6.338721,145.058312,coconut
29,25,35,28.357507,91.645093,5.542874,160.730699,coconut
2,21,35,25.028872,91.537209,6.293662,179.824894,coconut
7,21,35,25.600337,94.658306,5.855458,165.824873,coconut
7,21,35,25.760117,94.658306,5.764812,131.245141,coconut
7,21,35,26.768051,90.973268,5.675413,131.090008,coconut
14,21,35,29.525014,91.911853,6.121006,194.310027,coconut
2,20,35,25.008724,93.890534,6.063514,174.051118,coconut
15,20,35,29.638502,93.400423,5.967801,196.707215,coconut
32,20,35,26.521664,98.382277,5.868285,144.62617,coconut
32,20,35,26.521664,98.382277,5.588655,144.62617,coconut
10,18,35,27.797977,99.64573,6.381975,181.694228,coconut
10,17,35,27.880099,99.866024,6.406137,181.335435,coconut
14,15,35,26.005894,95.777192,6.136527,131.305799,coconut
33,15,35,27.058265,96.663552,6.027707,224.700695,coconut
33,15,35,26.665419,90.559325,5.815517,217.31828,coconut
34,15,35,27.818593,90.017345,5.719731,220.804368,coconut
33,14,35,27.148653,96.663552,6.027707,149.24335,coconut
33,14,35,27.148653,96.663552,6.027707,149.24335,coconut
34,14,35,27.338858,93.01057,6.25096,146.950271,coconut
24,13,35,29.047736,93.668682,6.368798,216.674568,coconut
16,12,35,26.088928,97.254832,6.308206,134.45632,coconut
18,12,35,26.139584,96.385808,6.338721,131.338794,coconut
19,11,35,26.132499,95.374879,6.237519,131.918779,coconut
31,11,35,29.869083,95.822455,6.330496,151.298565,coconut
19,10,35,26.029969,97.099998,6.317725,135.704497,coconut
3,9,35,26.916419,99.846716,6.318553,225.632366,coconut
4,9,35,26.998416,99.645185,6.291446,224.074703,coconut
25,7,35,28.385039,99.188437,5.557712,189.671135,coconut
26,7,35,29.329884,99.786062,5.50158,190.392032,coconut
37,7,35,28.385039,95.163337,5.557712,189.671135,coconut
1,6,35,25.965451,98.673079,6.019817,151.303014,coconut
1,6,35,27.022692,95.719354,6.231663,147.168246,coconut
29,30,34,25.132271,96.115321,5.99424,167.331071,coconut
34,30,34,27.082825,97.001555,6.141502,182.448235,coconut
34,30,34,29.039244,94.453116,6.091569,177.589834,coconut
35,30,34,28.297476,95.411228,6.141502,182.448235,coconut
35,30,34,27.412968,93.0581,6.205639,181.107932,coconut
35,29,34,28.245665,91.627411,6.375228,180.252794,coconut
12,28,34,28.04144,96.592527,5.680792,151.348276,coconut
30,28,34,27.459079,92.194545,6.114485,141.998856,coconut
15,27,34,28.690702,99.419799,6.202246,225.414176,coconut
17,27,34,28.87863,93.284153,6.203377,195.411502,coconut
24,27,34,28.87863,95.113203,6.203377,145.058312,coconut
27,27,34,25.215151,97.03391,5.950827,165.81468,coconut
39,27,34,26.509086,94.484145,6.203377,145.058312,coconut
24,26,34,28.675145,94.428757,6.191155,144.055476,coconut
25,26,34,29.077812,94.959058,6.23369,146.297453,coconut
28,24,34,27.928861,92.901091,5.59147,161.522671,coconut
36,23,34,27.801254,97.384377,5.867539,143.405616,coconut
14,22,34,29.482973,91.81653,6.101703,195.267752,coconut
35,22,34,27.448888,97.659173,5.790742,143.741725,coconut
7,21,34,25.951348,94.684316,5.758862,132.794298,coconut
4,20,34,25.309866,92.107436,6.155905,177.453115,coconut
6,20,34,25.998485,94.812279,5.740596,131.226598,coconut
7,20,34,26.159191,93.950909,5.894851,133.439045,coconut
31,20,34,27.106745,99.551862,5.638656,146.569629,coconut
19,15,34,26.296449,99.658092,5.685889,215.919505,coconut
21,15,34,27.683615,96.787565,5.991871,217.090971,coconut
34,15,34,27.058265,91.105104,5.677283,224.700695,coconut
23,14,34,29.440229,93.538809,6.372974,217.750804,coconut
32,14,34,26.263878,96.659289,6.128176,152.242319,coconut
31,13,34,26.793238,96.093241,6.158885,147.736432,coconut
32,13,34,26.822121,96.288802,6.093831,199.60133,coconut
5,12,34,29.176091,95.287952,5.552693,183.827931,coconut
26,10,34,28.756852,93.265318,5.914686,198.362649,coconut
27,10,34,29.052928,98.730395,6.184399,192.546923,coconut
35,10,34,28.963183,95.163337,6.165085,182.448235,coconut
26,9,34,27.688959,97.887591,6.470466,154.659011,coconut
28,9,34,28.038895,98.418173,6.462652,155.282748,coconut
23,8,34,28.489471,96.378381,5.681559,200.664964,coconut
23,7,34,26.105512,91.524212,5.852038,134.127967,coconut
24,7,34,28.770618,96.057393,5.78465,197.083813,coconut
26,7,34,28.58011,98.850841,5.565419,187.66651,coconut
8,6,34,29.205226,96.631741,6.251246,174.627861,coconut
22,6,34,29.548846,90.017345,5.973278,201.329867,coconut
31,6,34,27.058265,91.105104,5.677283,224.700695,coconut
37,5,34,25.794905,93.841506,5.779033,152.423871,coconut
0,30,33,28.0124,98.189548,5.855317,173.078401,coconut
13,29,33,28.356404,96.146356,5.678849,150.690581,coconut
17,29,33,26.141621,93.284153,5.973853,142.940323,coconut
39,29,33,28.130115,95.648076,6.143663,151.07619,coconut
13,28,33,28.130115,95.648076,5.686973,151.07619,coconut
13,28,33,28.385039,99.188437,5.686973,151.07619,coconut
24,26,33,29.042293,95.819169,6.339956,146.396462,coconut
38,24,33,27.542732,94.590861,6.362544,150.201214,coconut
38,24,33,28.269181,95.922729,5.983563,143.180643,coconut
38,24,33,28.289051,97.003964,5.973853,142.940323,coconut
38,24,33,28.329684,98.209996,5.969148,141.877193,coconut
37,22,33,28.485575,96.754321,6.025212,143.687146,coconut
0,19,33,27.132601,95.23798,6.234458,204.720657,coconut
10,18,33,25.682626,94.017065,5.881386,170.954069,coconut
9,17,33,25.008724,95.845251,5.845343,177.021531,coconut
8,16,33,26.12806,97.380174,6.261248,177.525172,coconut
8,15,33,28.973187,98.09861,5.50158,213.901102,coconut
8,15,33,28.97357,98.097677,5.502034,213.898992,coconut
8,15,33,25.035124,98.09861,5.50158,174.796583,coconut
24,14,33,29.380725,93.275657,6.36622,218.524185,coconut
32,14,33,27.812046,95.447456,5.836553,204.080695,coconut
8,13,33,28.973187,98.09861,5.832608,201.825863,coconut
31,13,33,27.638349,95.487634,5.859719,205.546311,coconut
31,13,33,29.699523,95.212244,6.342464,148.300369,coconut
0,12,33,27.718029,95.813811,5.556812,131.52893,coconut
30,12,33,28.5988,95.073237,6.380031,147.084372,coconut
17,10,33,27.376509,94.645104,6.153856,131.657223,coconut
26,10,33,28.272981,92.730412,6.070718,204.960368,coconut
26,10,33,28.84271,96.936495,6.218572,198.823486,coconut
26,10,33,28.272981,96.936495,6.070718,198.823486,coconut
27,10,33,27.811328,97.484106,6.465906,154.062122,coconut
34,10,33,27.058265,97.484106,6.465906,224.700695,coconut
37,10,33,29.045456,98.932362,5.988581,225.632366,coconut
23,9,33,28.579091,96.17355,5.632012,203.290165,coconut
8,8,33,27.805209,93.598446,6.043898,171.967778,coconut
22,8,33,28.435729,95.884041,5.665785,203.928371,coconut
22,7,33,28.31046,95.83312,5.67051,205.288099,coconut
22,7,33,26.493964,91.576946,5.854022,133.886373,coconut
23,7,33,28.853629,94.114087,5.867835,204.507572,coconut
23,7,33,26.878471,90.017345,5.831403,137.908742,coconut
39,7,33,27.620289,94.187911,6.357322,152.824733,coconut
8,6,33,28.278043,93.647613,6.095261,171.945796,coconut
8,6,33,29.28725,93.647613,5.868285,132.149118,coconut
12,6,33,28.232761,92.650299,6.175427,172.092928,coconut
23,6,33,29.180326,92.730412,6.02579,204.960368,coconut
24,6,33,28.327517,90.017345,6.374947,168.248054,coconut
36,6,33,25.797962,95.51684,5.756207,156.92249,coconut
38,5,33,25.905299,94.9896,5.860117,148.857625,coconut
39,5,33,25.995965,95.932533,5.926711,145.928656,coconut
0,30,32,27.6336,95.905957,5.688079,165.475434,coconut
14,30,32,28.952859,99.183296,6.245474,223.528195,coconut
28,30,32,28.437923,91.184032,5.845694,146.550794,coconut
0,29,32,28.059124,98.367098,5.868256,171.65164,coconut
12,28,32,27.581649,95.372488,5.755942,147.729712,coconut
13,28,32,27.449769,97.672956,5.809759,154.913383,coconut
15,28,32,28.84271,99.643285,6.218572,224.401668,coconut
28,28,32,28.81869,95.367225,5.556585,185.427811,coconut
14,27,32,28.94294,99.178071,6.202259,223.327279,coconut
28,27,32,28.940997,93.00109,5.764615,191.772309,coconut
28,27,32,28.940997,94.313884,5.740055,191.772309,coconut
28,27,32,28.850653,93.155312,5.779269,191.742581,coconut
32,26,32,26.323085,99.148894,5.786836,206.908902,coconut
7,23,32,25.722543,94.401298,5.76885,131.090008,coconut
9,17,32,25.949517,93.405487,5.842318,172.054049,coconut
26,16,32,29.494621,93.891431,6.351182,218.982875,coconut
7,15,32,25.237754,96.172306,6.196882,175.302464,coconut
7,15,32,25.035124,95.8974,6.182233,174.796583,coconut
7,15,32,25.122366,95.659646,6.149801,174.534918,coconut
8,15,32,29.342994,99.793861,5.569325,218.361704,coconut
16,15,32,29.554534,96.594608,6.367513,209.845664,coconut
20,14,32,26.23052,99.157949,5.699095,218.728528,coconut
26,13,32,28.270895,94.615211,6.147395,218.400689,coconut
30,13,32,28.988271,91.900689,6.457139,146.876388,coconut
7,12,32,29.039928,95.79269,5.668108,184.302335,coconut
7,11,32,29.259029,95.112947,5.542169,184.76245,coconut
7,11,32,29.758783,94.324577,5.50158,180.738454,coconut
17,11,32,28.740133,93.396765,5.620734,156.765082,coconut
18,11,32,28.653595,93.777589,5.69948,156.513243,coconut
27,11,32,27.966527,97.819332,6.467703,154.284604,coconut
32,11,32,27.519836,96.748406,5.854242,203.185744,coconut
37,10,32,28.963183,95.163337,6.165085,222.803013,coconut
26,9,32,25.949036,94.738605,6.470466,144.157111,coconut
27,8,32,27.006484,96.461689,5.627861,144.333132,coconut
28,8,32,27.581698,97.041121,5.520162,149.0947,coconut
24,7,32,29.025742,93.529657,6.008186,207.05708,coconut
25,7,32,28.588821,92.473076,6.044903,207.380859,coconut
39,7,32,27.343195,93.361775,5.571163,152.3745,coconut
7,6,32,27.082825,95.112947,5.542169,171.757554,coconut
7,6,32,29.067714,94.658347,6.319228,148.428567,coconut
24,6,32,28.113215,90.017345,6.387068,172.481364,coconut
28,6,32,28.940997,93.00109,5.764615,191.772309,coconut
38,6,32,26.48509,94.137413,6.009451,151.546185,coconut
26,5,32,25.949036,93.841506,5.779033,144.157111,coconut
39,5,32,25.472314,96.505753,6.155009,139.792434,coconut
40,5,32,26.070108,96.703622,5.98117,143.533473,coconut
1,30,31,25.860001,94.077289,6.344388,211.216982,coconut
17,30,31,29.473946,91.104833,5.779111,223.275637,coconut
27,30,31,28.283071,90.745672,5.558031,151.745704,coconut
27,30,31,28.985453,90.739668,5.71812,148.839837,coconut
0,28,31,28.925306,95.429028,5.63454,167.242443,coconut
10,28,31,26.447523,94.802624,5.898557,140.809822,coconut
0,26,31,25.070725,95.021568,5.547933,192.903631,coconut
28,26,31,29.039281,90.760968,5.5732,192.187984,coconut
9,25,31,29.306283,97.491618,6.143121,219.432504,coconut
30,25,31,26.312706,98.62048,5.804965,208.118138,coconut
0,22,31,25.312069,94.677589,5.938681,185.254111,coconut
21,20,31,25.600337,99.72401,5.855458,165.824873,coconut
0,19,31,25.517913,94.384206,6.271953,178.729772,coconut
2,18,31,25.626971,94.136903,6.163393,177.042951,coconut
10,18,31,27.893329,99.483844,6.385766,179.83995,coconut
9,17,31,26.27518,93.486052,5.716653,170.717666,coconut
19,16,31,27.10482,96.692211,5.742986,161.483732,coconut
9,15,31,25.047471,95.337806,6.184906,173.396754,coconut
30,15,31,27.734864,95.452933,5.886996,207.960415,coconut
6,13,31,27.311557,90.739668,5.71812,201.825863,coconut
17,13,31,29.53391,95.963366,6.340139,213.92924,coconut
29,13,31,27.789396,94.644083,5.866064,207.687283,coconut
0,12,31,27.709059,95.999591,5.551981,131.090008,coconut
7,11,31,29.266803,96.270601,5.50158,181.682414,coconut
7,11,31,29.869083,93.836447,5.577017,180.919887,coconut
17,11,31,28.639124,95.775652,5.50158,157.794812,coconut
22,11,31,28.435729,95.884041,5.665785,134.841907,coconut
30,11,31,29.672623,92.574743,6.470466,133.096642,coconut
32,11,31,25.06872,93.314104,6.205932,134.841907,coconut
32,11,31,29.487153,92.56975,6.452424,131.365529,coconut
32,11,31,29.516116,92.564929,6.461226,131.211617,coconut
0,10,31,27.883932,95.833705,5.538589,131.460316,coconut
27,10,31,28.324001,97.579848,6.066992,201.411341,coconut
27,10,31,29.216753,93.513318,6.209686,195.242806,coconut
3,9,31,26.916419,99.846716,6.318553,225.632366,coconut
34,9,31,28.122248,96.211018,6.112735,222.276107,coconut
23,7,31,28.103441,90.470558,6.461054,173.675055,coconut
39,7,31,27.017019,93.944661,5.535811,151.906493,coconut
23,6,31,28.15787,91.077593,6.403769,168.85997,coconut
24,6,31,28.091558,91.695544,6.155094,176.321123,coconut
34,6,31,27.949777,96.766298,5.824497,177.874767,coconut
40,6,31,28.702651,97.749408,5.841626,156.074451,coconut
40,6,31,26.683471,95.823636,6.140016,146.310653,coconut
0,5,31,25.070725,95.021568,5.98117,192.903631,coconut
39,5,31,27.101347,93.699799,5.551963,150.950263,coconut
40,5,31,26.362928,96.283516,6.057003,144.859303,coconut
1,30,30,25.978893,94.568816,6.34126,211.118625,coconut
2,30,30,26.001751,94.799984,6.331052,209.540094,coconut
17,30,30,29.49929,91.663602,5.82637,224.580139,coconut
17,30,30,27.270521,94.516403,6.37084,224.5443,coconut
19,30,30,29.565492,91.408963,5.826381,224.831573,coconut
31,30,30,25.392411,90.986176,5.558807,178.811608,coconut
3,29,30,27.187228,92.199068,6.137103,141.322058,coconut
8,29,30,25.856764,91.482138,6.114612,140.230819,coconut
26,29,30,28.963524,93.876837,5.535461,148.136086,coconut
27,29,30,28.377949,90.017345,5.920982,152.469658,coconut
27,29,30,28.704837,91.040266,5.738455,148.882219,coconut
8,28,30,27.572835,94.904857,5.70841,145.929894,coconut
8,28,30,25.516185,94.334654,6.015672,135.127249,coconut
7,26,30,25.749478,94.502661,5.968406,134.706422,coconut
18,25,30,26.738255,99.489185,5.659937,164.939586,coconut
30,24,30,26.310356,98.439963,5.787247,208.531035,coconut
3,23,30,29.869083,98.143528,5.881477,218.823655,coconut
3,23,30,29.701432,95.657544,6.078807,215.196804,coconut
39,22,30,28.089352,99.981876,5.902504,181.535397,coconut
0,19,30,25.899231,97.097619,6.215282,184.100502,coconut
18,19,30,27.73641,93.729433,6.247453,163.446958,coconut
18,19,30,27.566724,91.91438,6.208944,161.748061,coconut
29,19,30,28.3492,96.542243,5.913809,210.324558,coconut
29,18,30,29.144465,95.028255,5.996688,210.373861,coconut
37,18,30,27.635513,99.348549,6.384884,157.917154,coconut
28,16,30,29.239608,95.186994,6.041538,212.717843,coconut
16,15,30,25.035124,96.304843,6.182233,209.845399,coconut
38,15,30,27.864286,93.289563,5.7026,193.90369,coconut
16,14,30,29.709313,96.304843,6.374668,209.845399,coconut
16,14,30,25.565678,96.304843,6.374668,199.793634,coconut
31,14,30,26.898541,97.133431,5.729863,215.381604,coconut
37,14,30,29.709313,94.313884,6.374668,209.845399,coconut
37,14,30,27.929271,90.017345,5.712806,192.431756,coconut
38,14,30,26.924495,91.20106,5.570745,194.902214,coconut
38,14,30,26.924495,95.212244,5.570745,148.300369,coconut
23,13,30,28.916601,93.224852,5.85807,189.172228,coconut
1,12,30,27.754298,95.946438,5.562224,131.090008,coconut
32,12,30,25.392411,98.089512,5.579845,218.080385,coconut
31,11,30,29.869083,95.137908,6.258698,134.533478,coconut
33,11,30,29.207733,95.185088,6.470466,131.090008,coconut
37,11,30,27.635513,99.348549,6.384884,218.005571,coconut
28,10,30,29.869083,91.147234,6.305741,192.767858,coconut
28,10,30,25.035124,95.8974,6.305741,192.767858,coconut
29,10,30,29.65207,91.151201,6.251572,192.925158,coconut
27,9,30,25.844352,94.447588,6.470466,142.923726,coconut
27,8,30,26.446001,98.299378,6.008386,221.225817,coconut
31,8,30,27.187228,98.299378,6.137103,141.322058,coconut
15,6,30,29.576725,90.017345,5.82359,132.557961,coconut
34,6,30,27.082825,97.001555,5.948343,171.757554,coconut
37,6,30,27.678734,97.327692,5.894193,166.924326,coconut
38,6,30,25.549633,96.927868,5.826381,224.831573,coconut
39,5,30,27.588985,95.134351,5.64681,154.278216,coconut
39,5,30,26.977863,96.001763,5.50158,150.136032,coconut
40,5,30,28.062905,96.528544,5.738988,157.512543,coconut
40,5,30,27.327307,93.199492,5.50158,146.200928,coconut
18,30,29,26.762749,92.860569,6.420019,224.590366,coconut
18,30,29,26.762749,92.860569,6.420019,224.590366,coconut
18,30,29,26.228697,96.232031,6.394759,217.938998,coconut
31,30,29,26.585804,90.986176,5.558807,178.811608,coconut
37,30,29,26.327674,93.887153,6.151066,205.055618,coconut
39,29,29,26.509086,94.484145,6.143663,199.87784,coconut
39,29,29,26.479545,94.582139,6.153041,199.875204,coconut
1,26,29,27.022692,98.803136,5.671549,147.168246,coconut
19,26,29,27.132601,95.23798,6.234458,204.720657,coconut
19,26,29,26.931419,98.803136,5.671549,166.571288,coconut
10,24,29,27.558218,99.981876,5.735364,145.929894,coconut
27,24,29,26.614235,96.973008,6.142011,191.006688,coconut
28,24,29,26.608226,96.830778,6.142105,191.513643,coconut
36,24,29,25.044963,90.988936,5.55193,220.038499,coconut
5,23,29,26.135346,92.975422,5.89975,209.846581,coconut
21,23,29,25.937292,96.168268,5.722369,166.353241,coconut
38,23,29,27.397782,99.734126,5.72085,174.68295,coconut
15,22,29,28.321389,93.25376,5.61292,147.620547,coconut
27,22,29,28.832149,92.171704,6.000249,145.417239,coconut
28,22,29,29.869083,93.112834,5.942971,148.812181,coconut
35,22,29,25.823068,94.721136,5.705131,223.843379,coconut
38,22,29,25.008724,91.578007,5.636783,225.632366,coconut
40,22,29,27.558218,99.981876,5.735364,174.625648,coconut
40,22,29,27.518833,99.812352,5.756355,174.504371,coconut
8,21,29,26.997998,94.375709,5.617421,213.305201,coconut
25,21,29,29.075503,91.463941,5.901024,190.168607,coconut
18,19,29,27.593768,92.485196,6.206078,162.843274,coconut
18,19,29,27.611693,92.49945,6.196925,162.748233,coconut
37,19,29,27.593768,93.841506,5.779033,162.843274,coconut
21,18,29,27.68258,92.947911,6.18824,164.596615,coconut
29,17,29,29.203949,95.669973,5.959493,211.250627,coconut
29,17,29,29.869083,96.119378,5.842743,203.32756,coconut
27,15,29,28.832149,98.09861,6.000249,145.417239,coconut
11,14,29,28.001643,93.014597,5.772372,146.041788,coconut
16,14,29,28.799227,96.758707,6.272913,218.19601,coconut
16,14,29,29.670936,97.719034,6.342161,211.877862,coconut
16,14,29,29.709313,98.803136,6.374668,209.845399,coconut
16,14,29,29.811784,94.778075,6.456675,206.810262,coconut
37,14,29,27.97498,90.017345,5.608774,199.25856,coconut
6,13,29,27.311557,99.96906,5.832608,201.825863,coconut
0,12,29,27.806771,96.387161,5.562727,131.090008,coconut
21,11,29,28.002197,95.152948,5.966006,218.221317,coconut
22,11,29,28.033806,95.016306,5.955743,218.005571,coconut
24,10,29,27.518809,96.081154,5.972818,219.050042,coconut
31,10,29,25.958363,95.652546,5.779191,216.676002,coconut
31,10,29,25.974788,95.581822,5.784976,216.635244,coconut
25,7,29,28.385039,99.188437,5.557712,174.625648,coconut
38,7,29,28.056233,94.852727,6.145672,154.305855,coconut
39,7,29,27.435375,94.315732,6.355448,151.478623,coconut
39,7,29,26.762749,92.860569,6.362544,150.201214,coconut
39,7,29,27.542732,94.590861,6.362544,150.201214,coconut
16,6,29,28.343587,90.450586,5.834532,137.054793,coconut
16,6,29,29.28725,91.956149,5.868285,132.149118,coconut
36,5,29,27.939103,92.711907,5.630234,153.549017,coconut
38,5,29,28.102187,97.559445,5.855714,163.489829,coconut
40,5,29,28.484449,97.768655,5.820979,160.389421,coconut
17,29,28,29.172353,91.315143,5.793362,210.750746,coconut
37,29,28,26.64262,95.751897,6.20891,172.164706,coconut
8,27,28,25.555568,91.51317,5.705819,210.87992,coconut
21,25,28,27.125606,99.37152,5.6846,168.094706,coconut
25,23,28,26.490288,96.194593,6.191009,190.780537,coconut
27,23,28,26.180011,96.797428,6.090068,185.436466,coconut
37,23,28,25.612944,94.313884,5.740055,224.320676,coconut
37,23,28,26.931419,98.803136,5.671549,166.571288,coconut
39,23,28,27.32835,98.992475,5.857871,173.917831,coconut
27,22,28,29.016732,93.694274,5.776162,146.201347,coconut
25,21,28,27.716284,94.094611,6.083924,190.112576,coconut
27,21,28,28.160173,92.567285,6.201391,143.395348,coconut
19,19,28,27.340815,92.297798,6.245774,162.118456,coconut
29,17,28,28.098801,94.638554,5.742661,218.023386,coconut
23,14,28,29.280438,90.303293,5.971797,185.408117,coconut
10,13,28,29.699523,94.010144,6.342464,148.300369,coconut
27,10,28,27.811328,97.484106,5.740055,224.320676,coconut
1,9,28,29.012569,94.189558,5.562912,156.673255,coconut
10,9,28,29.012569,94.010144,6.282955,150.050031,coconut
28,9,28,26.813193,90.631255,6.119126,217.401921,coconut
30,9,28,27.132132,91.625177,6.131854,216.981114,coconut
29,8,28,26.870376,91.725463,6.100429,214.412887,coconut
30,8,28,26.81946,90.130128,6.069952,215.403645,coconut
15,7,28,29.286114,91.994024,5.832818,131.090008,coconut
16,6,28,28.946945,94.854647,5.659819,133.116236,coconut
17,30,27,29.03065,90.790939,5.894027,205.572037,coconut
21,30,27,25.008724,90.017345,5.855096,159.227013,coconut
40,30,27,26.567338,94.079396,6.097227,200.409844,coconut
20,29,27,25.098977,92.360995,6.047044,157.759263,coconut
20,27,27,26.631625,94.833498,5.604184,166.829875,coconut
21,27,27,26.711827,98.870878,5.729145,165.241848,coconut
10,24,27,27.572835,94.904857,5.70841,145.929894,coconut
17,24,27,28.289051,90.790939,5.973853,205.572037,coconut
20,22,27,27.764275,91.67547,6.037122,191.947241,coconut
38,22,27,25.597947,94.409187,5.776243,222.816478,coconut
31,21,27,25.781314,97.904255,6.258946,202.196569,coconut
32,20,27,25.470594,97.414475,6.420741,199.18275,coconut
15,19,27,28.474544,92.162206,5.566604,145.562569,coconut
15,18,27,28.431873,91.44835,5.613921,147.003806,coconut
26,18,27,29.17979,92.907365,5.836075,142.143,coconut
26,18,27,27.459078,92.907365,5.836075,142.143,coconut
26,18,27,27.459078,93.396765,5.620734,142.143,coconut
22,16,27,29.17979,90.272143,6.006785,188.925208,coconut
34,15,27,25.035124,95.8974,6.182233,174.796583,coconut
13,14,27,28.689572,92.778402,5.882311,147.522229,coconut
20,13,27,25.098977,95.212244,6.342464,157.759263,coconut
28,11,27,27.412967,91.088439,6.406077,166.976397,coconut
7,9,27,28.523104,94.06873,6.047832,152.212784,coconut
10,9,27,27.89352,96.189501,6.127461,148.287203,coconut
11,7,27,29.04195,95.865564,6.033906,177.693633,coconut
25,7,27,28.385039,99.188437,6.047044,157.759263,coconut
30,6,27,29.869083,90.017345,5.735765,153.923752,coconut
34,6,27,25.847263,90.926695,5.86074,147.888899,coconut
19,30,26,29.565492,91.309248,5.826381,224.831573,coconut
20,30,26,25.008724,95.59224,5.547595,167.0471,coconut
16,29,26,25.955715,94.003944,6.123508,187.830057,coconut
17,29,26,26.141621,93.284153,6.071897,195.411502,coconut
8,28,26,25.662401,92.680369,6.012457,135.458358,coconut
20,28,26,26.379785,91.49883,5.547595,167.0471,coconut
36,28,26,25.516185,95.789231,6.254496,135.127249,coconut
36,27,26,26.584139,95.789231,6.254496,171.62623,coconut
36,27,26,26.584139,93.00109,5.764615,171.62623,coconut
8,26,26,25.547599,91.641948,5.702485,212.867626,coconut
9,24,26,27.51917,95.645203,5.712368,147.04462,coconut
23,21,26,26.454887,94.484145,6.143663,149.222026,coconut
23,21,26,26.454887,93.450426,5.901496,149.222026,coconut
30,21,26,25.738329,97.508136,6.393581,198.346812,coconut
32,21,26,25.708214,97.140796,6.397917,199.806357,coconut
21,20,26,27.028233,92.976718,5.805109,148.157096,coconut
25,20,26,27.507227,92.146569,5.871785,143.558208,coconut
31,20,26,25.565678,97.613615,6.443169,199.793634,coconut
17,19,26,28.321047,91.780168,5.588809,146.200195,coconut
15,18,26,28.387349,91.948925,5.591412,145.597964,coconut
16,18,26,28.436471,91.813207,5.568366,145.541441,coconut
18,18,26,28.222968,92.052215,5.626844,144.799084,coconut
25,12,26,28.15994,99.214088,6.470466,137.937018,coconut
25,12,26,28.569735,95.679067,6.436314,134.837035,coconut
29,12,26,27.302892,91.256809,6.409066,166.111045,coconut
1,8,26,27.51363,94.189558,5.562912,156.673255,coconut
39,7,26,25.767714,96.251481,6.183395,192.04588,coconut
30,6,26,29.30742,93.191162,5.851881,161.681581,coconut
31,6,26,29.128591,91.309248,5.741367,157.238855,coconut
34,5,26,29.143678,90.970152,5.777769,156.429985,coconut
19,29,25,26.254191,94.184964,6.068038,196.788193,coconut
37,27,25,26.560518,95.957176,6.10534,177.607327,coconut
9,26,25,25.651254,92.397043,5.713967,217.320684,coconut
30,26,25,27.151161,91.488895,6.413185,166.571288,coconut
36,26,25,27.038254,92.144797,6.294407,176.300025,coconut
13,23,25,26.081466,99.222439,5.644847,136.578508,coconut
14,23,25,26.185524,92.730412,5.612123,135.418622,coconut
14,23,25,26.185524,96.966379,5.612123,135.418622,coconut
15,21,25,27.197213,94.650283,5.592456,139.96833,coconut
17,19,25,28.299681,91.801095,5.535777,147.932692,coconut
30,13,25,27.151161,91.488895,6.413185,164.918222,coconut
31,12,25,26.892183,91.47327,6.443522,160.328566,coconut
14,8,25,26.870376,96.966379,6.100429,214.412887,coconut
27,8,25,27.006484,96.652487,6.081568,144.333132,coconut
10,7,25,28.815831,96.549961,6.092549,178.483212,coconut
36,7,25,25.796708,96.805917,6.155198,191.456747,coconut
11,6,25,28.153588,99.790001,6.151358,185.859329,coconut
11,6,25,28.691648,96.652487,6.081568,178.963546,coconut
11,6,25,28.691648,96.652487,6.342464,148.300369,coconut
38,6,25,25.549633,96.927868,6.156259,191.299616,coconut
39,6,25,25.008724,98.498986,6.244085,192.032639,coconut
39,6,25,25.008724,93.886211,6.296542,186.681458,coconut
12,5,25,28.761691,96.251239,6.079574,177.993484,coconut
32,5,25,29.316534,90.26398,5.768601,154.212455,coconut
100,40,35,27.564418,54.410941,6.955787,177.816092,coffee
100,40,35,27.597336,54.73077,6.983867,177.323142,coffee
100,40,35,27.564418,56.468296,7.288212,137.704405,coffee
103,40,35,27.923744,55.951926,7.210955,177.672224,coffee
118,40,35,26.350342,58.506502,7.460175,121.55863,coffee
118,40,35,26.405009,58.835278,7.446961,121.338832,coffee
119,40,35,26.863409,58.772808,7.425843,123.205282,coffee
84,39,35,23.981433,61.109351,6.959404,161.52791,coffee
84,39,35,23.177144,52.13864,6.959404,117.311356,coffee
118,39,35,23.655527,50.823094,6.205413,180.477852,coffee
82,38,35,23.244601,52.572429,7.101447,119.43144,coffee
83,38,35,25.708227,52.886671,7.189156,136.732509,coffee
95,37,35,25.673242,51.290436,6.348338,196.273637,coffee
95,37,35,27.313171,68.423339,6.348338,192.428814,coffee
83,36,35,26.735062,55.551648,7.189156,140.630521,coffee
87,36,35,27.35184,57.451662,6.830941,118.410993,coffee
88,35,35,27.559065,58.457429,6.784461,117.938999,coffee
89,34,35,27.779993,58.489848,6.889368,117.411084,coffee
90,34,35,27.239957,57.926396,6.579356,119.639188,coffee
115,34,35,26.669735,64.151678,6.349079,148.624979,coffee
117,34,35,26.560278,56.768532,6.759212,152.061623,coffee
113,33,35,26.782816,62.964446,6.592365,156.060114,coffee
86,32,35,26.19834,59.559757,6.518378,192.724998,coffee
86,31,35,27.012073,60.766453,6.485761,191.450893,coffee
84,30,35,26.193556,54.072784,6.323492,162.031749,coffee
85,30,35,26.916298,62.040493,6.452091,189.482022,coffee
82,29,35,26.673772,52.242263,6.246872,156.15439,coffee
85,29,35,26.766726,50.440629,6.047205,156.833873,coffee
106,29,35,23.117437,52.333844,6.731469,154.090021,coffee
86,28,35,26.345242,56.495222,6.804006,152.783815,coffee
87,28,35,26.560278,57.162181,6.759212,152.061623,coffee
107,28,35,26.452885,55.322227,6.759212,152.061623,coffee
87,27,35,26.58319,57.307186,6.932194,152.272496,coffee
106,21,35,25.627355,57.041511,7.428524,188.550654,coffee
106,21,35,25.728764,57.33108,7.424824,185.835965,coffee
120,20,35,23.90477,50.04557,7.11408,130.475975,coffee
102,19,35,24.3768,68.893728,6.722773,175.903919,coffee
104,19,35,23.513383,69.56145,6.710776,172.451165,coffee
109,19,35,23.649113,69.948073,6.593192,176.856661,coffee
105,18,35,23.526481,68.440307,6.743417,171.883994,coffee
106,18,35,23.059519,68.081104,6.587078,177.04471,coffee
106,18,35,23.613458,66.79351,6.694975,172.323817,coffee
119,40,34,23.452742,54.576851,6.875117,117.792936,coffee
84,39,34,23.059519,50.917723,6.874807,117.696618,coffee
99,39,34,26.76476,54.268857,6.764328,177.287548,coffee
116,38,34,25.11711,50.04557,6.020947,194.877348,coffee
116,38,34,23.292503,50.04557,6.020947,183.468585,coffee
83,36,34,23.613779,52.079647,6.979604,122.593112,coffee
84,36,34,26.735062,55.551648,6.119892,140.630521,coffee
103,34,34,26.697819,50.33376,7.117236,126.32338,coffee
112,34,34,25.904272,61.765927,6.594859,153.827805,coffee
113,33,34,26.00374,62.14451,6.559817,153.477776,coffee
111,32,34,25.467437,69.351612,6.392048,171.376446,coffee
114,32,34,26.476268,66.214849,6.261991,176.244447,coffee
117,32,34,26.272418,52.127394,6.758793,127.175293,coffee
88,31,34,27.485444,59.754579,6.251697,197.619456,coffee
108,31,34,23.527575,52.902386,6.756205,154.428679,coffee
117,31,34,23.664888,58.700027,6.509724,120.247426,coffee
118,31,34,27.54823,62.881792,6.766184,181.417081,coffee
118,31,34,27.54823,62.881792,6.123796,181.417081,coffee
82,29,34,26.867412,52.744857,6.301041,153.839021,coffee
111,29,34,23.569605,50.563397,6.136287,130.379712,coffee
89,28,34,25.812835,57.50051,6.687031,152.767775,coffee
116,28,34,23.443723,60.395233,6.423211,122.210325,coffee
80,25,34,26.954913,64.8233,6.85602,123.747921,coffee
89,25,34,23.078954,63.658615,7.432322,136.302777,coffee
89,25,34,23.078954,63.658615,7.184802,129.876544,coffee
113,22,34,25.88025,55.961543,7.279262,175.306019,coffee
118,22,34,24.244139,64.076068,7.112633,120.018999,coffee
87,21,34,26.560278,57.162181,7.234258,119.632411,coffee
118,21,34,24.385346,64.725431,7.234258,119.632411,coffee
105,20,34,25.4527,56.698786,7.441343,188.627945,coffee
114,20,34,25.973321,56.025349,7.230563,177.191226,coffee
116,20,34,23.292503,50.563397,6.020947,183.468585,coffee
120,20,34,23.569605,50.563397,6.906125,130.379712,coffee
120,20,34,23.569605,50.563397,6.906125,130.379712,coffee
103,19,34,27.065597,54.362559,6.282033,130.727687,coffee
97,18,34,26.534778,55.373438,6.23614,129.17477,coffee
105,18,34,23.059519,68.494626,6.600322,177.076242,coffee
111,17,34,27.629755,61.260026,6.392048,196.649266,coffee
86,40,33,26.138787,52.263117,7.432322,136.302777,coffee
86,40,33,26.138787,52.263117,7.432322,136.302777,coffee
116,40,33,24.913705,54.153192,7.042089,129.548114,coffee
118,40,33,24.497058,54.245818,6.852041,120.667375,coffee
120,40,33,24.238506,54.303296,6.734105,115.156401,coffee
95,39,33,27.292361,68.854677,6.370137,192.418261,coffee
97,39,33,24.427329,67.158249,6.962762,167.94507,coffee
81,38,33,25.808023,52.631008,7.191039,137.759453,coffee
114,37,33,23.059519,67.553549,6.89615,164.579549,coffee
117,37,33,23.238057,50.470733,6.026764,185.402072,coffee
119,37,33,25.042207,53.443488,6.743861,119.905669,coffee
104,36,33,27.085842,61.683871,6.849306,177.790893,coffee
116,36,33,23.887372,65.737391,6.726276,160.125528,coffee
118,36,33,26.834264,61.416859,7.343201,119.612956,coffee
85,35,33,26.972516,62.018363,6.854011,133.112023,coffee
107,35,33,26.187877,51.573218,7.105214,127.611766,coffee
115,35,33,24.841733,64.117208,6.651212,157.127773,coffee
82,33,33,25.048082,52.295316,7.088279,135.737379,coffee
101,33,33,26.972516,62.018363,6.908671,142.861079,coffee
102,33,33,26.290541,63.004534,7.009555,143.23466,coffee
103,33,33,26.717174,50.501485,7.131436,126.807398,coffee
103,33,33,26.749809,50.581782,7.099016,126.760807,coffee
109,33,33,26.04098,68.062395,6.562293,174.183638,coffee
116,33,33,26.305935,52.219991,6.761968,129.214172,coffee
116,33,33,26.534714,52.981627,6.889167,124.196056,coffee
118,33,33,26.274906,52.103737,6.801865,127.842061,coffee
103,32,33,26.416461,63.699396,6.897927,144.494738,coffee
87,31,33,27.081027,60.434464,6.513999,189.801912,coffee
110,31,33,25.519567,69.827504,6.37721,171.252893,coffee
115,31,33,26.447831,50.755841,6.742199,128.185008,coffee
118,31,33,27.550358,62.594303,6.114799,182.326263,coffee
86,28,33,26.482181,56.521414,6.751038,155.294997,coffee
86,28,33,26.507499,58.563915,6.879535,151.452696,coffee
89,28,33,26.444141,53.838762,6.993236,175.372331,coffee
113,28,33,23.108415,60.977939,6.598466,124.462206,coffee
83,27,33,26.45682,63.576922,6.821796,124.073186,coffee
83,26,33,26.743292,65.341906,6.80449,120.099057,coffee
88,25,33,23.059519,64.692464,7.271482,125.627396,coffee
82,24,33,26.535432,67.096081,6.809594,120.649443,coffee
114,23,33,26.259627,56.928755,7.098073,177.60402,coffee
113,21,33,26.126772,56.26029,7.280553,178.005049,coffee
113,21,33,26.022414,55.83289,7.277423,176.902092,coffee
118,21,33,23.933145,62.283683,7.452417,120.664595,coffee
98,20,33,27.066214,56.375653,6.369854,130.557415,coffee
99,19,33,27.536455,55.516732,6.273742,130.637714,coffee
115,19,33,27.157185,50.835753,6.389901,124.421273,coffee
105,18,33,23.703824,60.97049,6.784573,139.536788,coffee
83,17,33,24.310873,59.860909,7.294039,129.321404,coffee
99,40,32,24.184712,69.948073,7.045543,163.270873,coffee
103,40,32,24.184712,69.948073,6.348316,163.270873,coffee
120,40,32,24.305977,54.362873,6.7218,115.156401,coffee
85,39,32,26.311311,53.214611,7.052588,137.554954,coffee
87,39,32,25.988901,52.786405,7.415599,138.247542,coffee
98,39,32,23.409017,69.948073,7.049493,163.188175,coffee
120,39,32,24.753458,54.646886,6.765026,131.821143,coffee
120,39,32,24.067738,54.673747,6.730049,115.680967,coffee
98,38,32,24.170446,69.495888,7.061924,163.448285,coffee
117,38,32,23.292503,67.062305,6.787659,183.468585,coffee
117,37,32,23.106938,67.062305,6.787659,162.576961,coffee
85,36,32,26.216616,53.688093,7.024979,134.055317,coffee
113,36,32,23.149907,67.926517,6.922899,159.272136,coffee
85,35,32,25.921691,53.669645,6.855193,134.035014,coffee
85,35,32,26.249282,54.286178,6.854011,133.112023,coffee
107,34,32,26.774637,66.413269,6.780064,177.774508,coffee
106,33,32,24.763808,65.212269,7.235403,144.070991,coffee
86,32,32,26.806204,58.652206,6.594606,190.847491,coffee
113,32,32,23.463933,53.029038,6.033716,187.991911,coffee
85,31,32,26.989712,60.279251,6.517987,193.460169,coffee
100,31,32,27.107922,61.553186,6.90413,143.272595,coffee
111,31,32,25.458631,69.462392,6.403238,173.00514,coffee
97,30,32,25.280395,60.777838,6.255213,199.473564,coffee
115,30,32,23.91887,64.615547,6.675686,122.329405,coffee
97,29,32,25.629831,60.250052,6.227183,198.027022,coffee
85,28,32,23.413927,52.00634,7.178951,168.213988,coffee
87,28,32,26.53019,56.447299,6.72561,153.130628,coffee
118,23,32,25.11711,68.480304,7.007332,122.839282,coffee
115,19,32,26.117408,55.280948,7.265622,179.200328,coffee
82,18,32,24.361494,56.551373,7.045308,136.256152,coffee
118,18,32,27.649611,51.11044,6.351824,122.839282,coffee
86,40,31,25.913282,52.155814,7.449555,136.715208,coffee
105,40,31,26.475257,54.483149,6.224307,137.825172,coffee
105,40,31,23.059519,64.150205,6.904779,124.631922,coffee
107,40,31,26.350342,52.978412,6.766184,153.120164,coffee
102,39,31,27.275456,55.274144,6.338026,142.0275,coffee
84,38,31,23.118115,51.684357,6.930972,116.045928,coffee
117,36,31,23.75333,66.567879,6.731495,162.785743,coffee
82,35,31,26.219042,53.936389,6.839319,132.464321,coffee
85,35,31,26.347273,54.541448,6.705925,134.628649,coffee
87,35,31,25.617012,57.664012,6.685091,154.902182,coffee
108,35,31,23.692871,61.109351,7.393826,144.657642,coffee
114,35,31,26.009773,59.524683,6.571234,153.200555,coffee
108,33,31,23.692871,66.760901,7.007332,194.877348,coffee
108,33,31,23.692871,66.760901,7.393826,144.657642,coffee
81,32,31,24.650902,52.127394,6.758793,127.175293,coffee
111,32,31,24.309106,64.514574,7.290813,144.059918,coffee
107,31,31,23.171246,52.978412,6.766184,153.120164,coffee
81,30,31,24.650902,51.939524,7.027586,135.138654,coffee
108,30,31,26.357709,56.181077,6.4319,163.62695,coffee
80,29,31,24.99873,51.383354,7.220311,140.308574,coffee
80,29,31,24.681588,51.046537,7.0615,131.33135,coffee
97,29,31,23.593023,54.369761,6.043331,191.398068,coffee
100,29,31,25.971691,60.595883,6.219955,199.473564,coffee
111,29,31,26.059684,52.310985,6.136287,161.343254,coffee
103,27,31,25.708227,52.886671,7.189156,126.175221,coffee
103,27,31,27.159985,51.591008,6.691541,126.175221,coffee
111,27,31,23.80477,55.677063,6.212468,191.621012,coffee
111,27,31,23.593023,55.27565,6.043331,191.398068,coffee
117,27,31,27.923744,67.192518,7.086536,115.156401,coffee
103,26,31,27.405635,50.04557,6.674261,127.593396,coffee
111,26,31,23.283579,56.048932,6.11022,189.573445,coffee
116,26,31,27.923744,67.91679,7.040496,115.261992,coffee
81,24,31,26.497858,66.647901,6.840601,120.586968,coffee
108,24,31,24.128325,56.181077,6.4319,147.275782,coffee
110,24,31,23.207928,57.492257,6.49382,143.6497,coffee
80,18,31,24.029525,58.848806,7.303033,134.680397,coffee
80,17,31,23.867325,58.775874,7.280415,137.634601,coffee
98,17,31,27.2094,56.395712,6.29269,130.904953,coffee
101,16,31,23.237613,67.425509,6.148233,183.018352,coffee
114,16,31,26.974169,64.013099,6.809301,186.973325,coffee
80,15,31,23.692871,68.00096,7.393826,161.894462,coffee
99,15,31,27.042417,66.760901,7.393826,144.657642,coffee
113,15,31,23.171246,63.553243,6.77923,190.244057,coffee
89,40,30,23.71272,57.110318,6.136299,168.972031,coffee
92,40,30,23.357232,55.187922,6.026287,171.697695,coffee
92,40,30,27.102104,55.749733,6.026287,139.501317,coffee
103,40,30,27.309018,55.196224,6.348316,141.483164,coffee
106,40,30,26.774637,66.413269,6.780064,177.774508,coffee
106,40,30,23.426116,64.106515,6.779984,122.684741,coffee
110,40,30,23.366708,63.648766,6.63516,121.572061,coffee
103,39,30,27.205043,55.513311,6.316758,141.871919,coffee
88,38,30,25.326134,59.289464,6.622524,156.033721,coffee
89,38,30,24.508258,58.061325,6.794543,162.245459,coffee
84,36,30,26.51076,54.969509,6.353463,139.779038,coffee
81,34,30,25.177877,62.262446,6.647766,135.011965,coffee
112,34,30,23.997843,66.433434,6.823336,122.487415,coffee
116,34,30,24.913705,62.262446,7.042089,129.548114,coffee
118,34,30,24.460917,66.026643,6.670014,163.014291,coffee
117,33,30,25.706175,53.960094,6.938032,126.084713,coffee
118,33,30,24.131797,67.225123,6.362608,173.322839,coffee
119,33,30,24.310788,67.149256,6.376781,172.195323,coffee
106,32,30,24.717156,52.154815,6.843696,149.869086,coffee
112,31,30,23.457055,67.202029,6.932364,122.343848,coffee
115,31,30,24.229847,67.377684,6.840928,122.407342,coffee
115,31,30,24.172191,66.865583,6.810292,122.392892,coffee
116,31,30,26.062888,66.157339,6.467731,166.193263,coffee
117,31,30,27.572247,63.422307,6.162701,181.173085,coffee
96,30,30,26.070145,59.312825,6.345238,199.473564,coffee
112,30,30,26.228104,53.000101,6.140257,160.826257,coffee
114,30,30,23.734869,69.768263,6.768478,124.0196,coffee
80,29,30,24.183976,51.698077,7.107449,135.147641,coffee
80,29,30,25.101474,50.857317,7.013383,132.403328,coffee
82,29,30,24.877815,52.264322,7.006715,134.26021,coffee
98,29,30,25.640044,61.032735,6.217974,199.473564,coffee
110,29,30,23.700021,55.678924,6.020947,189.075914,coffee
86,28,30,25.317007,68.414475,6.508896,169.004449,coffee
87,28,30,25.60154,68.66258,6.536677,168.83836,coffee
87,28,30,25.569457,68.442105,6.545553,168.83028,coffee
97,28,30,25.60154,68.66258,6.536677,185.156806,coffee
97,28,30,25.60154,68.66258,6.536677,139.861943,coffee
101,28,30,26.546012,51.520516,6.638998,127.479062,coffee
115,28,30,25.885567,59.659423,6.800269,188.876211,coffee
104,26,30,24.407267,62.656926,6.410993,148.697736,coffee
109,26,30,23.059519,56.958184,6.020947,198.596992,coffee
117,26,30,27.923744,67.969109,7.079851,115.232553,coffee
99,24,30,26.585241,56.34938,6.178589,127.988153,coffee
113,21,30,26.022414,55.196224,6.348316,176.902092,coffee
105,19,30,23.71804,60.210587,6.760892,140.826643,coffee
101,18,30,23.483566,66.05369,6.43859,187.14771,coffee
103,18,30,24.507924,58.581221,6.710801,145.807657,coffee
104,18,30,23.603016,60.396475,6.779833,140.937042,coffee
106,17,30,23.059519,59.397872,6.648914,144.758488,coffee
99,16,30,23.526521,65.443409,6.392792,186.17282,coffee
99,16,30,23.529721,65.210717,6.379909,186.131739,coffee
103,16,30,23.984323,62.896337,6.597586,184.483119,coffee
80,15,30,23.24506,69.013596,6.697959,161.647205,coffee
109,15,30,26.835112,64.771209,6.52455,193.209385,coffee
104,40,29,27.425582,55.804632,6.334455,140.974926,coffee
91,39,29,26.385698,56.843765,6.91757,152.203504,coffee
94,39,29,27.094836,56.21966,7.076563,149.837637,coffee
95,39,29,27.351526,55.99375,7.134114,148.981252,coffee
96,39,29,27.347566,55.919443,7.0609,148.282644,coffee
108,39,29,27.713408,56.552039,6.396914,142.575149,coffee
109,39,29,26.564007,60.34203,6.586281,145.459823,coffee
109,39,29,23.078901,65.584448,6.710911,121.292693,coffee
110,39,29,26.021777,62.77874,6.949118,144.660132,coffee
112,39,29,26.124922,63.374792,6.726529,147.80353,coffee
112,39,29,26.124922,67.096081,6.809594,120.649443,coffee
87,38,29,25.204068,57.883705,6.652643,156.145726,coffee
87,38,29,25.204068,67.377684,6.840928,122.407342,coffee
107,38,29,27.351526,55.99375,6.351182,148.981252,coffee
107,38,29,23.692871,57.566957,7.393826,145.105065,coffee
107,38,29,26.650693,57.566957,6.351182,145.105065,coffee
107,38,29,26.651036,57.565724,6.35118,145.10318,coffee
117,37,29,24.873097,55.56467,7.134167,126.777005,coffee
105,34,29,26.599671,51.15189,6.938086,145.910121,coffee
83,33,29,25.819414,53.96471,6.518675,138.217743,coffee
87,29,29,27.74577,54.369761,7.205079,139.861943,coffee
120,29,29,26.358883,64.738679,6.495604,162.176313,coffee
98,28,29,25.276078,57.204734,6.618853,198.754596,coffee
81,27,29,24.106143,53.604879,7.109007,165.082066,coffee
84,27,29,23.322932,53.003663,7.167093,168.264429,coffee
86,27,29,25.626642,69.254069,6.532028,169.634592,coffee
111,27,29,24.242081,56.79216,7.02655,193.968169,coffee
87,26,29,26.930279,53.05748,6.093419,191.288199,coffee
82,24,29,24.087575,53.547385,6.087294,184.2942,coffee
95,24,29,25.629656,56.133051,6.930804,135.21474,coffee
120,24,29,25.494916,51.634853,6.915245,197.627208,coffee
85,23,29,27.041058,63.275035,6.73386,196.387496,coffee
85,22,29,26.038592,61.508263,7.24836,199.473564,coffee
81,21,29,26.566228,61.919554,7.493192,190.531098,coffee
86,21,29,25.233659,61.537557,7.456671,192.15549,coffee
88,20,29,24.410541,65.645106,7.278917,184.652353,coffee
94,18,29,23.959494,65.721662,6.794512,183.999328,coffee
82,17,29,24.126528,59.294451,7.31334,135.861612,coffee
99,17,29,23.5452,64.085335,6.317607,185.933056,coffee
105,17,29,23.594296,59.737617,6.792446,143.444239,coffee
113,16,29,27.662829,60.818443,6.773767,197.369388,coffee
113,15,29,26.138787,52.263117,7.432322,190.244057,coffee
113,15,29,27.096172,63.553243,6.77923,190.244057,coffee
113,15,29,25.567483,60.492446,7.466901,190.225784,coffee
113,15,29,27.096172,63.553243,7.45646,177.317616,coffee
90,37,28,25.107367,56.499869,6.546395,159.522985,coffee
84,36,28,26.735062,55.551648,6.119892,140.630521,coffee
105,36,28,27.278672,50.356692,6.977067,145.987972,coffee
88,35,28,27.559065,60.516002,6.724689,194.175547,coffee
104,35,28,27.510061,50.666872,6.983732,143.995555,coffee
101,33,28,23.114387,62.018363,6.703271,142.861079,coffee
106,32,28,23.059519,50.219269,7.09193,170.250023,coffee
88,31,28,25.7368,55.978724,6.664225,139.267213,coffee
119,30,28,26.085952,64.899233,6.487794,164.810701,coffee
119,30,28,26.357709,64.57578,6.505204,163.62695,coffee
108,29,28,23.059519,58.869209,6.542763,192.206215,coffee
109,29,28,23.26317,61.032735,6.724689,194.175547,coffee
109,29,28,23.26317,60.516002,6.724689,194.175547,coffee
114,27,28,24.994518,57.932502,7.162802,192.873682,coffee
114,27,28,24.950632,57.849307,7.127748,192.827476,coffee
114,27,28,25.012419,57.907298,7.170319,192.751393,coffee
92,25,28,24.489627,57.403091,7.184541,141.497525,coffee
84,24,28,26.535432,67.096081,6.119892,120.649443,coffee
89,24,28,26.604555,63.281496,7.014495,195.305441,coffee
100,24,28,25.595353,57.729208,7.101661,195.773325,coffee
110,24,28,25.257322,68.051418,7.00262,195.11496,coffee
120,24,28,26.355111,51.957249,6.621296,194.313254,coffee
87,23,28,26.223674,62.265946,6.979591,193.746197,coffee
117,23,28,23.483548,52.66513,6.881481,136.879753,coffee
120,23,28,25.603373,51.722918,6.654498,199.473564,coffee
120,23,28,25.673242,51.290436,6.877799,196.273637,coffee
120,23,28,25.737992,50.04557,6.670711,196.049272,coffee
116,22,28,23.832921,51.875734,6.897775,141.874169,coffee
83,21,28,25.567483,60.492446,7.466901,190.225784,coffee
87,21,28,26.33378,57.3647,6.979591,193.746197,coffee
89,21,28,24.464745,65.879228,7.065379,185.347759,coffee
108,20,28,26.445167,55.667422,7.193101,144.252553,coffee
81,17,28,23.523912,68.1099,6.67584,163.037816,coffee
108,17,28,27.347824,60.858413,6.61826,191.135273,coffee
112,17,28,27.629755,61.260026,6.777418,196.649266,coffee
112,17,28,27.590466,61.372925,6.781013,196.62156,coffee
80,15,28,23.114387,68.00096,6.703271,161.894462,coffee
100,15,28,27.317443,56.237431,6.057516,130.078342,coffee
102,15,28,27.537507,55.027068,6.355856,165.579959,coffee
86,40,27,26.138787,50.406094,6.97384,136.302777,coffee
114,38,27,26.740359,61.321528,6.491779,151.56228,coffee
86,37,27,25.356954,58.618133,6.656207,157.112743,coffee
102,36,27,26.846196,51.637155,6.860666,143.920371,coffee
103,36,27,27.195102,55.500958,6.658138,140.39206,coffee
116,36,27,27.623529,57.770822,6.124625,154.665891,coffee
96,34,27,25.093137,53.752806,6.411485,167.319111,coffee
94,33,27,26.366299,52.257385,6.559817,177.317616,coffee
117,32,27,26.272418,56.636362,6.758793,127.175293,coffee
106,31,27,23.310625,50.197672,6.704434,158.712838,coffee
109,31,27,23.059519,50.406094,6.97384,164.497188,coffee
97,29,27,27.74577,54.369761,7.205079,139.861943,coffee
97,29,27,27.444912,54.569982,7.213011,139.656092,coffee
110,29,27,24.726116,61.801247,6.793665,193.700893,coffee
111,29,27,27.834318,63.47618,6.954759,191.421907,coffee
110,28,27,25.714451,62.66953,6.840264,193.380227,coffee
98,27,27,24.713841,51.291425,7.23811,197.643971,coffee
99,27,27,24.720609,51.616594,7.287004,199.473564,coffee
105,27,27,24.713841,51.291425,6.743417,197.643971,coffee
86,26,27,27.004929,54.199534,6.206351,192.611699,coffee
86,26,27,27.131404,52.893683,6.081173,192.428038,coffee
89,26,27,24.443909,67.629256,7.47787,179.576766,coffee
93,26,27,24.592457,56.468296,7.288212,137.704405,coffee
94,26,27,26.366299,52.257385,7.45646,177.317616,coffee
99,26,27,25.280536,57.731601,7.061245,196.341229,coffee
101,26,27,24.592457,56.468296,6.908671,137.704405,coffee
111,26,27,24.199998,58.029754,7.442561,185.688402,coffee
96,23,27,25.909299,57.574235,7.169538,194.02237,coffee
93,22,27,26.13239,57.464111,7.217772,192.77814,coffee
95,22,27,23.8092,61.030756,6.049828,185.630915,coffee
100,22,27,23.654656,59.54809,6.180385,180.917728,coffee
88,21,27,24.430119,66.024112,7.231167,181.636827,coffee
92,21,27,24.050744,63.10872,6.698774,183.256577,coffee
105,19,27,26.630507,51.342753,7.314973,171.08085,coffee
98,18,27,27.560886,68.492999,6.516312,167.435807,coffee
116,17,27,27.590666,59.73651,7.014573,188.945388,coffee
80,16,27,23.059519,67.71938,6.710392,157.912128,coffee
100,16,27,27.089269,56.186015,6.751824,168.223819,coffee
99,15,27,25.595353,57.729208,6.501157,195.773325,coffee
99,15,27,27.417112,56.636362,7.167093,168.264429,coffee
99,15,27,26.978031,58.145758,6.517879,167.635753,coffee
99,15,27,27.042417,57.279275,6.501157,165.687212,coffee
99,15,27,27.417112,56.636362,6.086922,127.92461,coffee
103,40,26,24.312745,55.196224,6.089444,184.410393,coffee
97,36,26,24.231597,54.290961,6.381334,159.963242,coffee
107,36,26,26.452885,55.322227,6.119892,140.630521,coffee
114,36,26,27.179959,59.205669,6.020947,154.699665,coffee
97,35,26,24.91461,53.741447,6.33461,166.254931,coffee
97,35,26,26.452885,55.322227,7.23507,144.686134,coffee
101,35,26,26.708975,53.741447,6.33461,158.860889,coffee
117,35,26,24.967033,56.916329,7.233746,124.170724,coffee
117,34,26,27.246266,60.171862,6.262741,158.571244,coffee
109,33,26,23.059519,50.316741,6.965641,165.415591,coffee
111,33,26,24.652762,53.268688,6.691168,161.741456,coffee
81,32,26,26.391526,62.567911,7.070517,146.016102,coffee
100,32,26,25.234661,57.531615,6.043486,124.226174,coffee
101,32,26,24.320837,59.194274,6.020947,122.836354,coffee
110,32,26,23.059519,52.054017,6.874874,170.651543,coffee
120,32,26,25.673242,51.290436,6.877799,124.226174,coffee
101,31,26,26.610963,69.721014,6.868391,159.032119,coffee
101,31,26,26.708975,69.711841,6.861235,158.860889,coffee
103,30,26,25.775285,69.835726,6.945291,154.685175,coffee
86,29,26,26.6925,52.711234,6.475564,190.843365,coffee
86,28,26,26.876577,52.787754,6.310156,191.507979,coffee
101,28,26,26.708975,69.711841,6.937353,192.712124,coffee
111,28,26,27.773633,64.478587,6.937353,192.712124,coffee
86,26,26,27.55624,53.770452,6.020947,188.112768,coffee
89,26,26,26.28242,55.380524,7.118068,190.608476,coffee
96,26,26,26.430183,51.139908,7.449632,179.726143,coffee
91,25,26,24.5346,66.997654,7.482414,180.505926,coffee
95,25,26,26.342688,52.332179,7.472625,175.972719,coffee
100,25,26,26.187791,57.140636,6.062456,125.841371,coffee
82,24,26,24.312745,53.572856,6.089444,184.410393,coffee
101,24,26,24.128325,56.181077,6.861235,147.275782,coffee
116,24,26,24.312745,53.572856,6.423211,122.210325,coffee
113,23,26,26.515004,63.45235,7.131338,193.208577,coffee
119,23,26,25.900356,50.599413,6.863027,195.793815,coffee
90,22,26,26.5285,56.27321,6.973211,191.843674,coffee
97,22,26,23.605675,59.688491,6.07419,185.156806,coffee
116,22,26,23.605675,59.688491,6.020947,185.156806,coffee
90,21,26,26.212923,57.857993,7.293738,191.429541,coffee
91,21,26,26.33378,57.3647,7.261314,191.654941,coffee
99,21,26,24.711214,57.632601,6.507291,182.27839,coffee
107,21,26,26.452885,55.322227,7.23507,144.686134,coffee
90,20,26,26.019568,57.066946,7.275773,192.678706,coffee
104,20,26,27.227837,52.952618,7.493192,175.726027,coffee
114,20,26,25.556567,62.670878,7.279057,193.586623,coffee
114,20,26,25.524448,62.400097,7.272413,193.545881,coffee
88,19,26,24.278628,65.368923,7.222674,180.914967,coffee
100,16,26,27.542656,57.707498,6.03599,127.162064,coffee
100,15,26,27.21988,56.996036,6.070933,125.980738,coffee
116,37,25,27.025919,60.343964,6.208255,158.014449,coffee
119,37,25,27.923744,60.770025,6.138076,151.256404,coffee
107,36,25,23.955298,61.20274,6.989541,162.422364,coffee
116,36,25,27.578476,58.525343,6.17209,156.681037,coffee
116,36,25,27.578476,58.525343,7.189156,136.732509,coffee
104,35,25,23.552417,61.45106,7.092019,165.891996,coffee
106,35,25,23.887738,61.032415,6.950798,160.364214,coffee
108,35,25,23.981433,61.109351,6.971963,161.52791,coffee
117,35,25,24.826966,56.29218,7.231092,122.603296,coffee
82,34,25,26.07972,52.120706,6.836195,189.487881,coffee
117,34,25,24.838462,56.768532,7.2127,124.413504,coffee
82,33,25,25.801904,50.977603,6.773072,191.85197,coffee
85,33,25,26.208114,52.50988,6.910824,189.094482,coffee
85,33,25,27.560886,68.492999,6.516312,189.094482,coffee
103,33,25,27.102104,55.749733,6.911066,139.501317,coffee
103,33,25,27.560886,68.492999,6.911066,139.501317,coffee
103,33,25,27.161954,56.034205,6.92602,138.539171,coffee
106,33,25,26.334595,57.511275,6.718991,136.065134,coffee
81,31,25,26.132844,64.834928,7.400269,149.186892,coffee
80,30,25,26.240922,65.643814,7.487267,148.37712,coffee
80,29,25,26.333457,64.931949,7.493192,146.535231,coffee
99,29,25,27.923744,53.815846,7.198441,136.100049,coffee
112,29,25,27.598067,64.173551,6.971516,191.104781,coffee
111,28,25,27.884856,64.292827,6.948561,192.4062,coffee
111,28,25,27.818469,64.476262,6.952146,191.619797,coffee
116,28,25,27.578476,58.525343,6.17209,156.681037,coffee
92,27,25,24.315117,55.519261,7.341893,134.374048,coffee
87,26,25,27.059186,53.473028,6.071918,191.758057,coffee
91,25,25,24.840484,66.914466,7.483702,182.407477,coffee
94,24,25,26.372156,52.811185,7.451505,175.804695,coffee
109,23,25,25.11711,68.480304,7.007332,194.877348,coffee
113,23,25,27.096172,63.553243,6.77923,139.367075,coffee
116,23,25,23.412371,52.269947,6.86972,139.367075,coffee
97,22,25,23.494589,58.498191,6.088279,188.857729,coffee
101,22,25,23.059519,58.434074,6.171338,191.253492,coffee
105,21,25,27.324814,55.476163,7.119381,147.88196,coffee
115,21,25,25.836148,60.670997,7.30697,194.886881,coffee
131,50,25,25.903121,80.879046,7.601408,99.931008,cotton
133,50,25,25.7218,81.196662,7.569455,99.931008,cotton
112,49,25,25.689595,77.90621,6.470135,66.194268,cotton
112,49,25,25.488516,77.624696,6.510486,63.235676,cotton
104,48,25,23.089371,75.902538,7.008048,89.753946,cotton
116,48,25,25.512198,78.072057,6.476864,66.274509,cotton
132,48,25,24.715555,81.34529,7.216254,92.380769,cotton
106,47,25,23.215239,83.534441,7.21452,69.785919,cotton
107,47,25,23.449847,76.660985,7.11222,87.70582,cotton
134,47,25,24.329376,78.461728,7.224204,89.579569,cotton
108,46,25,23.655194,82.321437,7.062253,70.607375,cotton
117,46,25,24.185862,78.51207,7.839849,69.311536,cotton
125,46,25,24.386253,82.36818,6.725409,61.136935,cotton
126,46,25,24.438474,77.054355,6.757458,60.796459,cotton
126,46,25,24.438474,81.698017,6.757458,60.796459,cotton
107,45,25,23.086593,83.555461,7.227746,71.840807,cotton
119,45,25,23.390193,77.291968,7.970331,70.113052,cotton
127,45,25,24.436423,81.406902,6.756963,60.653817,cotton
116,44,25,24.808205,78.43965,7.676124,68.938922,cotton
116,43,25,25.08139,78.971529,7.84267,69.126441,cotton
117,43,25,24.414459,78.287476,7.868504,69.803769,cotton
117,43,25,24.688548,78.51207,7.839849,69.311536,cotton
120,42,25,23.760303,77.322058,7.99468,69.07125,cotton
105,41,25,24.065475,81.07853,6.647903,72.274966,cotton
108,41,25,22.000851,84.607696,6.165736,86.723354,cotton
109,41,25,22.74514,79.14024,7.214278,74.182701,cotton
107,40,25,24.162726,84.87669,6.020691,92.882727,cotton
111,40,25,24.484692,84.44932,6.187456,90.943425,cotton
111,40,25,24.399803,83.932501,6.161913,87.823847,cotton
110,39,25,22.606121,77.34264,6.732109,78.584885,cotton
110,39,25,22.606121,77.34264,7.208795,75.136172,cotton
111,39,25,23.122884,79.039187,7.125517,72.18119,cotton
112,39,25,23.367574,82.211069,6.727525,90.709021,cotton
109,38,25,23.583916,76.167177,7.474051,79.17863,cotton
110,38,25,23.09278,78.963803,7.217891,77.71107,cotton
111,38,25,22.800041,77.738231,7.272917,87.066216,cotton
113,38,25,22.000851,79.47271,7.388266,90.422242,cotton
113,38,25,22.782496,79.47271,7.238567,64.614442,cotton
102,37,25,25.314685,77.917571,5.907931,72.829021,cotton
120,35,25,23.802513,81.590644,7.348399,99.931008,cotton
136,35,25,22.605397,80.735746,7.607833,88.874632,cotton
127,53,24,22.21507,76.178519,6.12794,70.405576,cotton
106,49,24,23.038879,76.470398,6.983396,90.647707,cotton
120,47,24,22.318719,79.19732,7.288377,90.802236,cotton
133,47,24,24.402289,79.19732,7.231325,90.802236,cotton
136,47,24,23.761143,79.78941,7.392495,89.439456,cotton
133,46,24,24.37523,79.64339,7.372806,90.708177,cotton
109,45,24,23.113584,82.066373,7.262691,73.208675,cotton
117,44,24,23.062815,77.330499,7.988152,72.658905,cotton
118,43,24,23.981775,75.413602,7.922301,73.230115,cotton
120,43,24,22.37574,82.513807,6.508353,67.242834,cotton
107,42,24,22.000851,84.87669,6.053637,86.172896,cotton
107,42,24,22.046129,84.629783,6.144632,86.007587,cotton
111,42,24,24.247794,84.87669,6.187726,90.898245,cotton
106,41,24,22.000851,84.618953,6.342984,86.815601,cotton
101,39,24,22.484632,83.63579,7.325116,91.914518,cotton
111,39,24,24.187765,82.481041,6.177909,90.797906,cotton
123,39,24,25.033579,78.579468,7.359494,86.238089,cotton
123,39,24,25.007551,78.179521,7.453106,86.064119,cotton
123,39,24,25.007551,78.179521,7.976889,80.112721,cotton
124,39,24,25.147938,80.336728,6.948189,87.002469,cotton
108,38,24,23.410225,76.43837,7.442217,78.821996,cotton
108,38,24,23.333505,76.524646,7.419946,78.470331,cotton
121,38,24,23.410225,81.30681,7.442217,78.821996,cotton
121,36,24,23.664573,81.691051,7.352402,99.368984,cotton
121,36,24,23.664573,84.862757,6.925412,71.295811,cotton
136,36,24,22.74447,80.411985,7.59782,90.073266,cotton
105,60,23,22.92361,82.687385,7.637378,87.540049,cotton
105,60,23,23.533714,77.217056,6.207652,87.540049,cotton
106,60,23,24.114601,77.91309,6.280678,90.841632,cotton
103,58,23,23.659877,75.200918,6.164662,87.057633,cotton
128,53,23,22.419241,76.226753,6.345825,71.073835,cotton
132,50,23,23.566926,80.119049,7.416716,91.302667,cotton
132,50,23,25.115534,81.013285,7.348705,65.951298,cotton
131,49,23,25.019738,75.005393,6.777482,87.06035,cotton
133,48,23,24.983219,75.867496,6.808286,88.704923,cotton
132,47,23,25.367165,80.004353,7.32108,69.713027,cotton
133,47,23,24.887381,75.621372,6.827355,89.760504,cotton
133,47,23,23.533714,77.217056,7.231325,87.540049,cotton
115,46,23,22.359187,83.196759,6.580772,67.713191,cotton
117,45,23,22.460356,82.315903,6.668596,66.973878,cotton
118,45,23,23.370444,77.431989,7.977651,71.678707,cotton
118,45,23,22.462446,79.891931,6.653254,65.661985,cotton
114,44,23,22.000851,83.981289,6.805389,67.755845,cotton
118,44,23,22.589882,80.708185,7.197029,68.877785,cotton
118,44,23,22.354302,81.967766,6.698637,68.328293,cotton
118,44,23,22.147996,82.75282,6.682404,67.132096,cotton
118,44,23,22.084583,82.829041,6.69169,67.064598,cotton
118,44,23,22.084778,82.828249,6.691561,67.063123,cotton
119,43,23,22.177775,83.868594,6.70001,66.004909,cotton
123,43,23,22.362277,82.291997,6.678327,69.161896,cotton
132,43,23,24.325231,80.467633,7.634233,90.534375,cotton
102,41,23,22.423981,84.87669,7.285785,91.604576,cotton
114,41,23,25.271876,82.077524,6.754919,93.54786,cotton
118,41,23,22.084583,84.557947,6.69169,93.465956,cotton
123,41,23,25.259857,77.150009,7.514086,87.793419,cotton
101,40,23,24.970151,77.345131,6.06779,71.684937,cotton
110,40,23,22.894733,77.560589,6.901753,76.757209,cotton
114,40,23,25.536761,81.136687,6.753978,95.42626,cotton
131,40,23,23.657241,81.136687,6.753978,95.42626,cotton
111,39,23,22.387212,77.886944,6.838456,75.0507,cotton
124,39,23,25.184312,79.436166,7.277143,84.169424,cotton
126,38,23,25.362438,83.632761,6.176716,88.436189,cotton
131,38,23,25.536761,81.136687,6.753978,90.454718,cotton
109,36,23,25.400592,76.53238,7.524708,88.436189,cotton
108,35,23,25.385052,75.463181,6.222439,60.653817,cotton
121,35,23,23.869965,81.759925,7.352958,99.931008,cotton
104,60,22,23.486366,77.649025,6.222175,85.513452,cotton
129,60,22,24.584531,79.124042,5.947449,71.946081,cotton
129,60,22,24.49253,79.009673,5.954457,71.886267,cotton
104,57,22,23.317285,76.733671,6.515991,89.268135,cotton
133,57,22,23.438462,75.660288,7.967867,84.113544,cotton
100,55,22,22.697565,75.950847,6.958309,93.69797,cotton
105,53,22,22.882397,76.668146,6.913473,93.007774,cotton
106,53,22,24.769881,77.677024,6.012305,79.793406,cotton
100,52,22,22.420475,84.557947,6.114526,67.080226,cotton
107,51,22,24.865608,78.220808,5.983076,79.568663,cotton
103,49,22,25.77705,80.666625,6.219531,79.039246,cotton
131,49,22,25.498482,79.975158,7.306919,67.059619,cotton
131,49,22,23.500099,79.975158,6.219469,67.059619,cotton
134,48,22,23.969334,80.059911,7.205316,90.62725,cotton
107,46,22,23.347331,78.420268,6.203245,83.688738,cotton
113,46,22,24.119523,80.216038,7.99468,73.45353,cotton
121,46,22,22.53446,81.462509,6.431249,64.570683,cotton
133,46,22,24.968865,75.262459,6.759748,87.855378,cotton
107,45,22,23.086593,83.555461,7.227746,71.840807,cotton
121,45,22,22.459429,81.30681,6.443785,64.230266,cotton
136,42,22,25.050541,83.885286,7.808237,89.365007,cotton
100,41,22,22.420475,84.557947,7.318802,93.465956,cotton
112,41,22,24.917777,80.277351,7.26325,97.648857,cotton
114,41,22,24.860711,80.945044,7.255187,96.082756,cotton
132,41,22,24.291449,81.024534,7.810866,90.416946,cotton
136,41,22,23.38456,80.467521,7.99468,89.603744,cotton
111,39,22,22.928874,80.438041,6.203661,89.333813,cotton
111,39,22,22.603616,80.350905,6.135025,88.573955,cotton
111,39,22,22.603616,80.350905,6.135025,88.573955,cotton
113,38,22,22.603616,78.583201,6.36473,74.941366,cotton
124,38,22,24.58514,82.042405,7.757978,96.439536,cotton
125,38,22,25.54982,82.034673,6.913285,80.251549,cotton
105,36,22,25.299324,76.358871,6.113815,65.774982,cotton
107,36,22,25.016798,75.638259,6.196742,64.125338,cotton
118,36,22,24.246369,80.565509,7.36985,98.404682,cotton
102,53,21,23.03814,76.110215,6.913679,91.496975,cotton
105,53,21,22.413818,78.062826,6.955851,88.51388,cotton
123,53,21,25.785445,75.005393,6.913679,91.395789,cotton
103,51,21,22.870516,83.613551,7.042085,91.694943,cotton
102,49,21,24.693155,84.844225,6.253344,89.799462,cotton
130,49,21,24.732898,77.621426,6.083109,99.931008,cotton
102,47,21,24.693155,84.844225,6.253344,89.799462,cotton
110,47,21,23.315205,81.136772,6.054378,78.670134,cotton
107,46,21,23.449438,77.931022,6.208824,84.065596,cotton
126,46,21,25.849973,76.04204,6.43169,69.080567,cotton
123,44,21,23.370444,77.431989,7.977651,91.395789,cotton
123,44,21,25.785445,75.005393,7.641117,91.395789,cotton
123,44,21,22.10719,75.005393,6.36473,74.941366,cotton
100,42,21,23.016121,82.950073,7.544058,94.897699,cotton
112,40,21,24.156222,80.47311,6.861347,93.592877,cotton
125,39,21,25.031496,82.212766,7.954629,95.019132,cotton
125,39,21,25.081124,82.42571,7.688011,94.031944,cotton
113,38,21,25.135296,79.468694,7.263591,96.760822,cotton
123,38,21,25.767456,83.726051,6.716395,76.74002,cotton
128,38,21,24.887377,82.007074,7.99468,92.876769,cotton
114,37,21,25.849973,80.134564,6.363406,69.450721,cotton
115,37,21,24.657065,79.770976,7.382167,97.72397,cotton
115,37,21,24.659793,79.765697,7.382249,97.719448,cotton
118,37,21,22.680659,81.551852,6.201578,73.22382,cotton
126,37,21,25.849973,84.168552,6.614486,77.034212,cotton
136,37,21,22.663432,80.936382,7.588212,89.188965,cotton
136,37,21,23.121743,84.87669,6.907473,73.788185,cotton
107,36,21,25.293272,75.744745,6.194933,62.995696,cotton
107,36,21,25.292501,75.666533,6.205264,62.641742,cotton
128,36,21,25.992374,81.261076,6.391338,77.380374,cotton
124,60,20,23.532634,84.394881,6.19788,78.905723,cotton
126,60,20,24.058766,81.311036,6.079332,75.760336,cotton
134,60,20,25.025561,79.759069,6.758023,89.80078,cotton
135,60,20,25.766009,84.846945,6.560662,93.646969,cotton
128,57,20,22.424209,80.40376,7.860717,89.852769,cotton
131,56,20,22.008171,81.838961,7.762648,92.236452,cotton
131,56,20,22.318719,83.8613,7.762648,65.35747,cotton
112,53,20,22.51381,76.10589,5.996468,65.60514,cotton
122,53,20,23.718635,77.423534,7.992267,79.149175,cotton
107,52,20,24.813451,78.515021,5.96313,79.05013,cotton
107,52,20,24.771834,78.508107,5.993855,77.576653,cotton
115,52,20,22.841391,75.083838,6.126449,69.097605,cotton
122,52,20,23.692334,76.45595,7.970811,79.453513,cotton
101,51,20,22.838017,84.563146,7.066878,90.66835,cotton
103,51,20,22.802131,84.146684,7.046607,91.638956,cotton
104,49,20,23.005795,83.967329,7.001091,94.47661,cotton
101,48,20,24.632627,84.66568,6.25649,90.307489,cotton
133,48,20,23.562135,81.688523,6.450013,99.905748,cotton
129,47,20,24.412123,80.803438,6.281914,98.604574,cotton
104,46,20,22.759474,75.762318,5.959322,80.012617,cotton
106,46,20,23.438217,78.633888,6.200672,81.150721,cotton
131,46,20,24.752115,81.284276,6.34149,99.134161,cotton
105,45,20,24.092918,79.18361,6.032627,78.003517,cotton
117,42,20,24.353957,82.584924,7.127162,99.581043,cotton
100,41,20,25.001719,80.539658,7.318802,93.465956,cotton
100,41,20,22.092209,76.208011,7.422246,85.570908,cotton
112,41,20,24.901907,80.36652,7.241021,97.060874,cotton
113,41,20,25.001719,80.539658,7.256878,96.32601,cotton
113,41,20,25.001719,81.730491,6.72045,86.762879,cotton
100,40,20,22.45146,76.256749,7.432044,86.849987,cotton
100,40,20,22.456453,76.355924,7.419518,86.766261,cotton
101,40,20,22.964409,76.567879,7.200804,89.000949,cotton
110,40,20,23.55404,77.479679,6.617302,80.142272,cotton
111,40,20,23.232459,79.005091,6.117105,83.969608,cotton
117,40,20,25.474585,77.436303,7.176216,92.622719,cotton
127,40,20,25.775948,83.51313,7.745108,91.413581,cotton
100,39,20,22.000851,79.10189,7.337705,88.205941,cotton
113,38,20,25.001719,80.539658,6.36473,74.941366,cotton
113,38,20,22.10719,78.583201,6.36473,74.941366,cotton
107,37,20,23.094603,77.535322,7.237708,65.826169,cotton
113,37,20,25.033002,79.043687,7.393441,97.10087,cotton
133,37,20,24.571575,76.448116,6.988275,93.259394,cotton
135,37,20,23.03816,84.87669,6.917088,72.178948,cotton
140,37,20,22.827583,84.87669,7.159722,73.845553,cotton
136,36,20,23.095956,84.862757,6.925412,71.295811,cotton
109,35,20,25.106922,76.167256,6.307527,64.194982,cotton
126,60,19,24.289793,82.730348,6.508122,77.57464,cotton
127,60,19,24.445055,83.814303,6.545123,89.997232,cotton
131,60,19,25.212885,79.540161,7.414937,86.689173,cotton
130,59,19,25.072787,82.502579,6.520404,93.510427,cotton
132,58,19,24.246593,78.982521,7.290545,88.443986,cotton
133,57,19,23.542347,75.982033,7.947011,84.125367,cotton
134,57,19,24.386535,75.005393,7.99468,86.58843,cotton
108,56,19,24.712525,77.729311,7.238567,85.249633,cotton
117,54,19,23.300927,76.26812,6.197896,67.858582,cotton
124,54,19,24.206388,82.512014,6.46146,79.086968,cotton
111,53,19,23.96436,78.027631,6.419537,84.631489,cotton
113,53,19,22.000851,79.47271,7.388266,84.631489,cotton
117,53,19,22.614438,75.035636,6.10241,65.861573,cotton
119,53,19,23.705082,76.726364,7.99468,76.516505,cotton
121,53,19,23.513087,76.726214,7.976889,80.112721,cotton
121,53,19,23.513087,76.726214,6.854559,80.039958,cotton
130,53,19,23.524122,78.516602,6.438865,62.00927,cotton
100,52,19,23.459691,82.447775,7.903529,93.501536,cotton
101,52,19,23.200586,83.117213,7.565867,92.767605,cotton
108,52,19,24.164023,84.87669,6.932215,61.946261,cotton
111,52,19,23.788665,76.571719,6.416351,86.6177,cotton
116,52,19,22.942767,75.371706,6.114526,67.080226,cotton
116,52,19,22.981442,75.407391,6.119533,67.067752,cotton
132,52,19,23.780512,83.038788,7.827878,61.946261,cotton
132,52,19,24.164023,76.74339,6.436692,61.946261,cotton
140,52,19,24.147295,75.882986,6.114526,69.915635,cotton
103,51,19,22.704486,84.183534,7.040419,92.221615,cotton
106,51,19,24.912113,78.303567,5.976994,78.611801,cotton
122,51,19,23.636187,78.550497,7.937391,83.061243,cotton
102,50,19,23.649747,80.392688,7.80207,92.470249,cotton
115,50,19,22.850507,84.87669,6.136719,67.159975,cotton
117,50,19,25.992374,77.054355,7.368258,66.483393,cotton
118,50,19,22.956041,82.337337,6.360812,66.483393,cotton
118,50,19,22.94049,82.305068,6.36341,66.41284,cotton
123,50,19,22.956041,82.337337,7.453106,66.483393,cotton
126,50,19,24.694571,81.735888,6.628723,78.584944,cotton
126,50,19,23.438217,78.633888,6.200672,78.584944,cotton
104,49,19,22.297379,82.611552,6.847288,90.981469,cotton
100,46,19,24.151261,75.539022,6.390056,66.214381,cotton
102,46,19,23.038613,82.912115,6.578385,82.652447,cotton
102,46,19,22.770764,82.599331,6.631005,81.495434,cotton
107,46,19,23.277336,78.119051,6.19901,79.667079,cotton
129,46,19,22.770764,79.124042,5.947449,71.946081,cotton
108,45,19,24.367663,84.87669,6.92085,66.839732,cotton
107,44,19,22.829207,80.088931,6.852794,66.623713,cotton
107,43,19,22.426733,81.534808,6.745104,65.544758,cotton
135,43,19,25.072787,81.730491,6.72045,86.762879,cotton
100,39,19,22.654275,79.019067,7.520246,89.457033,cotton
130,39,19,24.031188,75.62574,6.884651,90.534747,cotton
108,38,19,22.674172,78.737124,7.088316,64.897709,cotton
109,38,19,24.608816,75.005393,7.749267,64.52461,cotton
116,38,19,24.712525,75.683397,7.97909,85.249633,cotton
131,38,19,23.86814,75.683397,6.814342,90.454718,cotton
133,38,19,23.86814,75.683397,6.814342,90.454718,cotton
133,38,19,23.542347,75.982033,6.176716,88.436189,cotton
133,38,19,23.86814,75.683397,7.947011,84.125367,cotton
134,37,19,23.029853,84.87669,6.907925,69.314777,cotton
106,36,19,22.782496,77.51235,7.238567,81.150721,cotton
108,36,19,23.513087,77.51235,7.976889,64.614442,cotton
108,36,19,22.782496,77.51235,7.238567,64.614442,cotton
110,36,19,22.192938,79.392154,7.107211,66.271049,cotton
114,36,19,22.782496,81.136687,6.753978,95.42626,cotton
105,35,19,23.246387,79.622131,7.516085,62.4123,cotton
132,35,19,24.491126,82.244158,7.057693,61.946261,cotton
138,35,19,24.095972,82.058602,6.680598,88.174581,cotton
100,60,18,25.080431,81.616773,6.743123,80.011271,cotton
106,60,18,23.645719,77.63186,6.76196,95.422355,cotton
107,60,18,22.740181,76.9456,6.515276,99.719355,cotton
121,60,18,23.835289,82.419919,6.238686,80.163444,cotton
130,60,18,24.349209,78.595712,7.585588,84.442825,cotton
122,59,18,23.547544,83.69982,6.261202,79.853683,cotton
122,59,18,23.500099,83.63489,6.219469,79.813282,cotton
127,59,18,23.960652,84.697932,6.802051,81.838505,cotton
101,58,18,25.668914,81.381033,6.652144,78.595958,cotton
106,58,18,22.963978,78.427658,6.953534,96.514434,cotton
121,58,18,23.100495,82.483535,6.181592,80.805566,cotton
100,56,18,25.445884,84.387487,6.792767,77.462594,cotton
134,56,18,23.808346,83.919026,6.691268,70.973583,cotton
134,56,18,23.808346,83.919026,6.691268,70.973583,cotton
115,55,18,24.496561,77.815424,7.528913,85.071201,cotton
137,55,18,23.063754,76.423716,7.99468,83.575041,cotton
111,52,18,23.964313,76.591759,6.105398,80.961573,cotton
134,52,18,23.964313,76.591759,7.99468,76.130906,cotton
132,51,18,23.848024,83.124308,6.676905,89.122851,cotton
100,48,18,23.652978,83.469185,7.838834,64.532652,cotton
105,48,18,23.300794,75.337269,7.490376,93.068624,cotton
104,47,18,23.965635,76.976967,7.633437,90.756167,cotton
121,47,18,23.484723,78.885002,7.701871,73.858599,cotton
121,47,18,24.634559,75.005393,6.300669,62.980768,cotton
100,46,18,24.185862,76.04204,6.43169,69.080567,cotton
130,46,18,25.072787,82.502579,6.520404,69.080567,cotton
102,45,18,23.19137,83.15573,6.602449,81.374985,cotton
140,45,18,25.530827,76.53238,5.801048,62.513887,cotton
102,44,18,23.495199,83.557651,6.581822,81.287977,cotton
105,44,18,22.87123,80.146896,6.665911,66.438186,cotton
101,43,18,24.587442,84.87669,6.586523,81.222821,cotton
107,43,18,22.426733,81.534808,6.745104,65.544758,cotton
108,43,18,22.740669,81.303394,6.682022,66.190285,cotton
128,43,18,25.419075,78.706411,6.755967,74.793815,cotton
107,41,18,23.955421,81.235369,6.307675,81.008268,cotton
111,41,18,23.643284,78.125867,6.105398,80.961573,cotton
136,41,18,23.650153,81.868534,6.697871,88.055058,cotton
108,39,18,24.141456,78.650415,7.194622,63.797162,cotton
110,39,18,24.547953,75.397527,7.76626,63.880799,cotton
128,39,18,24.501228,77.730435,6.995803,87.940573,cotton
140,39,18,22.475931,76.995113,6.031885,79.352291,cotton
111,38,18,24.833966,78.239965,7.99468,62.773376,cotton
113,38,18,25.258665,79.226722,7.39246,99.931008,cotton
114,38,18,24.519792,75.651816,7.931705,63.335378,cotton
138,38,18,22.893197,80.575753,6.419278,74.740021,cotton
101,37,18,22.92361,82.687385,7.637378,92.919151,cotton
110,37,18,23.239886,78.289243,6.97928,66.047303,cotton
111,37,18,25.002227,77.868135,7.094076,65.086191,cotton
126,37,18,24.350018,76.044979,7.146081,93.701719,cotton
126,37,18,25.849973,82.687385,6.614486,77.034212,cotton
127,37,18,24.876637,76.300504,7.041066,91.922347,cotton
131,37,18,23.719146,75.459301,6.812202,91.181521,cotton
109,36,18,25.400592,76.53238,7.524708,62.513887,cotton
109,36,18,25.327064,76.01029,7.523662,61.515311,cotton
128,36,18,23.956873,84.690155,7.22748,65.328777,cotton
131,35,18,24.491126,81.381033,7.057693,78.595958,cotton
131,35,18,24.491126,82.244158,7.057693,64.029494,cotton
134,35,18,25.142435,80.542146,7.335763,61.574289,cotton
108,60,17,22.758057,76.757684,6.558903,97.766006,cotton
114,60,17,25.320237,80.134564,7.425041,69.450721,cotton
123,60,17,24.866163,82.185505,6.960989,78.785104,cotton
125,60,17,24.143862,84.515913,6.785724,80.36147,cotton
129,60,17,22.758057,76.757684,6.558903,71.946081,cotton
131,60,17,25.320237,81.794759,7.425041,83.465325,cotton
131,59,17,24.805323,81.801631,7.477528,84.828939,cotton
117,58,17,24.123078,78.410563,7.71798,86.584458,cotton
116,56,17,24.712525,77.729311,7.97909,85.249633,cotton
133,56,17,22.000851,81.475432,7.742528,92.168099,cotton
133,56,17,23.801996,82.516486,6.920353,68.632791,cotton
130,55,17,24.344294,80.825997,6.588651,71.389757,cotton
134,55,17,24.042707,83.624541,6.728183,72.890921,cotton
101,54,17,23.402662,82.315478,7.895814,92.27939,cotton
112,54,17,25.328967,81.856125,6.173226,77.570683,cotton
119,54,17,24.537649,76.861818,7.725373,83.834482,cotton
112,52,17,24.099043,77.394762,6.40881,85.643057,cotton
134,52,17,24.138035,76.381738,7.979184,75.848688,cotton
100,50,17,23.587528,82.619645,7.82368,65.65437,cotton
120,50,17,22.265085,75.005393,6.319512,71.454313,cotton
123,50,17,22.961208,75.605886,6.459007,70.629978,cotton
130,50,17,24.038749,76.609425,6.435324,62.134602,cotton
100,48,17,24.260703,83.828588,7.526468,67.452433,cotton
100,48,17,23.768939,82.524991,7.778156,67.069904,cotton
100,48,17,23.780512,83.038788,7.827878,66.265559,cotton
100,48,17,23.653878,82.919445,7.822379,63.808106,cotton
100,47,17,23.965569,79.844531,7.19047,67.550708,cotton
100,47,17,23.806937,84.12437,7.842102,66.645652,cotton
109,47,17,24.095258,82.415919,6.93193,67.055806,cotton
102,46,17,24.755496,75.333169,7.538272,89.162522,cotton
108,46,17,24.3018,84.87669,6.932215,65.024787,cotton
103,45,17,23.583443,77.894962,6.92889,76.987227,cotton
135,43,17,23.6135,81.614251,6.899993,87.364543,cotton
103,42,17,24.294702,84.615276,6.527542,81.059023,cotton
121,42,17,24.918814,81.857111,6.881463,80.774307,cotton
132,42,17,23.167798,79.507769,6.456152,85.274511,cotton
116,41,17,22.420475,84.557947,7.97909,85.249633,cotton
122,41,17,24.690318,80.909093,7.029789,78.518602,cotton
124,41,17,25.137638,80.292045,6.818359,79.60979,cotton
128,41,17,25.631902,79.569887,6.7001,78.162897,cotton
140,41,17,22.727672,84.557947,6.006086,77.551763,cotton
112,40,17,22.833526,79.335793,6.102503,81.72411,cotton
114,40,17,24.326305,80.134564,6.363406,69.450721,cotton
118,40,17,23.469908,81.302468,6.250619,66.978351,cotton
122,40,17,24.964408,81.316776,6.854559,80.039958,cotton
138,40,17,22.887297,76.254524,6.01481,77.653637,cotton
140,40,17,22.727672,77.075981,6.006086,77.551763,cotton
117,39,17,24.075195,80.671858,6.765109,80.919464,cotton
120,38,17,25.500825,83.673319,7.030271,79.505021,cotton
128,37,17,24.74478,77.377762,7.064398,93.043971,cotton
140,37,17,22.727672,77.075981,7.637378,77.551763,cotton
102,36,17,22.909026,82.852925,7.640519,91.643982,cotton
112,36,17,24.645473,75.82501,7.758035,65.093754,cotton
125,36,17,24.143862,84.515913,6.785724,80.36147,cotton
135,36,17,23.28075,83.740993,6.92163,73.824374,cotton
110,60,16,22.99163,76.908835,6.564759,98.195846,cotton
134,58,16,23.629782,76.84893,7.970861,82.840238,cotton
103,57,16,25.843309,81.729966,7.014008,75.996937,cotton
117,57,16,25.840928,76.828153,7.35671,89.325836,cotton
104,56,16,25.908367,81.860133,7.149,75.027388,cotton
114,55,16,25.112966,79.77867,7.015808,80.782612,cotton
123,52,16,23.657241,75.538352,6.486068,88.544791,cotton
131,52,16,23.657241,84.476015,6.486068,88.544791,cotton
112,51,16,25.145949,80.520914,7.87407,83.545343,cotton
134,51,16,23.561965,84.87669,6.682601,87.437922,cotton
135,51,16,24.032018,81.194754,6.346805,89.294551,cotton
117,50,16,23.203626,78.938259,6.192566,99.334924,cotton
123,50,16,23.049205,75.538352,6.498052,70.656443,cotton
122,49,16,24.088782,75.600996,6.374689,64.939514,cotton
115,48,16,25.543597,84.092298,7.175935,88.942455,cotton
119,48,16,22.399148,76.069699,7.462568,71.905386,cotton
120,48,16,22.460545,75.409892,7.456972,71.854361,cotton
120,48,16,22.484346,75.415087,7.418199,71.805925,cotton
121,48,16,22.59946,75.440207,7.230681,71.57167,cotton
121,48,16,22.132105,75.752228,7.482265,71.415765,cotton
122,48,16,24.654258,75.635071,6.307586,61.829801,cotton
121,47,16,23.60564,79.295731,7.72324,72.498009,cotton
121,47,16,23.568518,79.469548,7.645382,72.154295,cotton
101,46,16,23.709997,79.908189,7.52492,71.166482,cotton
113,46,16,25.711266,84.87669,7.155412,89.631784,cotton
119,46,16,25.207269,84.87669,7.380097,87.316501,cotton
102,45,16,23.6563,77.52426,7.294219,74.898499,cotton
129,43,16,25.55037,77.850556,6.732109,78.584885,cotton
135,43,16,23.479869,81.730491,6.72045,90.454718,cotton
135,43,16,23.479869,81.730491,6.72045,86.762879,cotton
125,42,16,25.058711,77.564722,6.66302,81.040819,cotton
101,37,16,22.704443,82.875682,7.638263,93.431977,cotton
130,36,16,24.253085,83.864637,7.061131,60.736859,cotton
108,60,15,23.909003,76.420337,7.514001,75.75485,cotton
120,60,15,22.318719,83.8613,7.288377,65.35747,cotton
120,60,15,22.411882,84.474293,7.27912,65.038134,cotton
106,59,15,23.67745,76.887211,7.558491,75.831594,cotton
106,58,15,24.043108,76.659189,7.413502,76.945698,cotton
107,58,15,23.73868,75.775038,7.556064,76.636692,cotton
103,57,15,25.992374,84.310726,7.53948,73.988944,cotton
102,56,15,25.992374,78.938779,7.015009,71.848287,cotton
105,56,15,25.967797,81.979043,7.272316,74.14169,cotton
109,56,15,24.419301,78.061947,7.010902,76.73507,cotton
116,56,15,25.992374,77.639852,7.35684,88.819728,cotton
117,56,15,25.992374,77.054355,7.368258,89.118821,cotton
136,56,15,25.967797,81.979043,7.272316,71.295811,cotton
106,55,15,25.992374,81.976236,7.236453,75.960401,cotton
107,55,15,25.831607,81.867877,6.976818,74.880994,cotton
109,55,15,25.665065,81.731937,6.615466,75.785058,cotton
111,54,15,25.168201,81.566419,6.175492,76.885825,cotton
112,54,15,25.462288,81.566419,6.175492,76.885825,cotton
112,54,15,25.475564,81.010396,6.171796,74.226361,cotton
115,54,15,25.992374,77.588393,7.532588,91.320281,cotton
133,54,15,23.573817,84.573807,6.460245,86.503371,cotton
118,53,15,22.547452,78.340769,5.975366,99.931008,cotton
117,51,15,22.953572,78.715558,6.044557,99.753362,cotton
131,51,15,22.953572,78.715558,6.044557,99.753362,cotton
111,50,15,25.168201,80.303518,7.88455,84.62419,cotton
115,50,15,23.051866,76.05796,6.057384,99.931008,cotton
107,49,15,24.720632,81.591319,7.828885,83.380674,cotton
112,48,15,25.328614,79.633548,7.99468,84.916502,cotton
114,48,15,25.246065,78.173654,7.854089,87.975203,cotton
122,48,15,24.546789,75.768676,6.270779,63.181734,cotton
122,47,15,24.655406,75.985448,6.343229,62.916991,cotton
103,45,15,23.656639,76.621435,7.275723,74.052036,cotton
123,45,15,25.785445,80.046628,7.641117,99.395572,cotton
140,45,15,25.530827,80.046628,5.801048,99.395572,cotton
111,44,15,23.96436,82.859755,6.419537,60.653817,cotton
119,44,15,22.145937,82.859755,7.091992,60.653817,cotton
129,44,15,25.458299,78.07389,6.721125,76.146234,cotton
107,43,15,23.73868,75.775038,7.556064,78.584885,cotton
103,41,15,24.310833,84.87669,6.520808,81.182066,cotton
111,38,15,24.484692,75.882986,6.02144,90.943425,cotton
140,38,15,24.147295,75.882986,6.02144,69.915635,cotton
140,38,15,23.821309,76.208949,5.904657,68.841933,cotton
138,35,15,25.270189,84.314374,5.872689,84.14024,cotton
139,35,15,25.248679,83.463015,5.898293,86.555178,cotton
140,35,15,25.409602,83.742753,6.073213,85.518614,cotton
13,145,205,30.839737,81.78146,6.116593,73.037705,grapes
13,145,205,31.913647,83.983517,6.25024,69.506229,grapes
27,145,205,9.46796,82.293355,5.800243,66.027652,grapes
39,145,205,37.503825,80.016394,5.658034,69.506681,grapes
6,143,205,25.342263,83.537393,6.146144,74.915062,grapes
12,143,205,31.298047,82.962202,5.988327,67.752685,grapes
23,143,205,12.353486,81.083194,6.004984,67.545953,grapes
9,142,205,20.698222,80.016394,6.271549,65.010953,grapes
16,142,205,26.81145,83.343049,5.858265,68.684726,grapes
6,140,205,17.665584,82.929034,6.313086,69.867126,grapes
24,140,205,12.087022,83.593987,5.932029,68.668134,grapes
40,139,205,20.78654,80.217766,6.499605,71.771286,grapes
30,138,205,30.043971,82.591021,5.898654,68.9612,grapes
3,137,205,17.982246,82.936959,6.09518,72.739617,grapes
23,137,205,39.089339,80.016394,6.020366,71.361201,grapes
3,136,205,17.586294,80.848066,6.334771,71.406545,grapes
4,136,205,29.864163,81.376048,5.897279,66.095509,grapes
21,136,205,10.36874,80.016394,6.195039,65.466568,grapes
40,136,205,20.345739,83.983517,6.425228,74.915062,grapes
4,135,205,17.779898,81.596588,6.30867,72.481664,grapes
26,135,205,33.683712,81.096236,5.664062,74.264826,grapes
37,135,205,11.827682,80.282718,5.510925,74.102251,grapes
34,134,205,9.676726,83.983517,5.640304,66.187765,grapes
4,133,205,28.912925,80.016394,5.968332,66.863481,grapes
26,131,205,33.994801,80.307761,5.510925,74.915062,grapes
39,131,205,40.794283,80.016394,6.388332,69.972516,grapes
32,130,205,16.780702,82.450863,6.499605,73.939335,grapes
37,130,205,26.224138,83.039397,5.705117,66.023545,grapes
22,129,205,34.389225,83.183928,5.863997,71.030016,grapes
36,128,205,25.148152,80.016394,5.666924,67.726071,grapes
14,124,205,9.691086,83.799607,6.04396,71.928257,grapes
19,123,205,11.902206,81.583495,6.499605,65.010953,grapes
22,123,205,32.445778,83.885049,5.896343,68.739325,grapes
22,123,205,21.012454,83.885049,5.896343,66.384483,grapes
21,122,205,11.865375,80.500562,6.499605,65.010953,grapes
29,121,205,34.116428,82.876005,5.680622,69.348607,grapes
32,121,205,10.40785,83.263689,6.191759,65.010953,grapes
31,120,205,10.368942,83.52239,6.17335,69.342038,grapes
33,120,205,35.121583,82.268908,5.550832,69.715185,grapes
33,120,205,35.22943,80.966749,5.562841,67.968595,grapes
33,120,205,10.35153,83.983517,6.137145,65.010953,grapes
13,144,204,30.72804,82.426141,6.092242,68.381355,grapes
13,144,204,30.72804,82.426141,6.092242,66.008176,grapes
10,143,204,20.884346,81.068121,6.129188,65.010953,grapes
30,143,204,9.114545,82.625804,5.655199,66.692411,grapes
39,142,204,24.828778,83.502047,6.469303,66.965571,grapes
32,141,204,16.278528,82.897537,5.620746,67.235765,grapes
32,141,204,8.825675,82.897537,5.536646,67.235765,grapes
40,141,204,21.261434,81.11338,6.334678,70.550387,grapes
39,139,204,41.359164,80.016394,5.510925,68.968961,grapes
6,138,204,9.535586,80.731127,5.908724,69.920928,grapes
38,138,204,25.111085,83.254476,6.32548,73.010268,grapes
38,138,204,25.111085,83.983517,6.228645,69.172812,grapes
40,138,204,21.272893,81.948984,6.38585,74.737053,grapes
38,137,204,25.048581,82.95713,6.2842,72.624608,grapes
4,136,204,29.937076,81.777135,5.898944,65.522793,grapes
4,136,204,10.723025,81.777135,5.898944,65.298211,grapes
6,136,204,29.937076,81.777135,5.898944,65.522793,grapes
8,134,204,28.965209,80.609165,6.253296,66.127758,grapes
17,134,204,39.04072,80.183933,6.499605,73.88467,grapes
35,134,204,9.949929,82.55139,5.841138,66.008176,grapes
3,133,204,19.514328,80.016394,5.892277,69.8793,grapes
1,131,204,15.635873,82.790417,5.752903,67.267242,grapes
36,128,204,24.496747,80.016394,5.510925,68.920096,grapes
36,128,204,25.235423,80.687005,5.695793,67.038409,grapes
36,128,204,25.272161,80.700667,5.719858,67.000385,grapes
5,126,204,12.582243,81.127733,6.366125,69.237759,grapes
6,125,204,27.920049,82.932624,5.73354,73.55808,grapes
6,125,204,27.920049,82.932624,5.73354,69.920928,grapes
13,125,204,13.20092,80.016394,6.372985,69.177208,grapes
35,125,204,19.649177,80.152158,6.107742,73.695296,grapes
35,125,204,10.723025,80.152158,6.42542,65.298211,grapes
11,124,204,13.429886,80.06634,6.361141,71.40043,grapes
33,124,204,13.429886,82.268908,5.550832,69.715185,grapes
37,124,204,17.392346,82.511009,6.426165,74.732582,grapes
6,123,204,28.159622,83.983517,5.68031,71.056847,grapes
13,123,204,9.607152,83.983517,6.140005,73.758719,grapes
19,122,204,11.475336,81.311681,6.436271,66.53015,grapes
20,122,204,11.797647,80.863254,6.48737,65.069625,grapes
23,121,204,32.531577,83.983517,5.929007,66.538215,grapes
38,121,204,26.181597,83.254476,6.315586,73.010268,grapes
32,120,204,10.380048,83.445181,6.138959,67.391738,grapes
33,120,204,35.015048,81.791478,5.537919,71.52399,grapes
38,120,204,10.380048,83.445181,5.931102,67.391738,grapes
15,144,203,13.096293,83.983517,5.869518,68.411395,grapes
13,143,203,30.955236,82.86915,6.077617,67.24886,grapes
29,143,203,25.241598,83.371736,6.142327,66.631499,grapes
5,142,203,27.286403,82.924854,6.220071,70.869599,grapes
12,142,203,31.24287,82.535992,5.972556,65.078163,grapes
12,142,203,31.311598,82.56407,5.972851,65.010953,grapes
29,142,203,29.672291,83.71499,5.891196,66.484904,grapes
32,142,203,11.126411,83.645567,5.782469,70.730821,grapes
34,142,203,8.825675,82.344383,5.510925,69.45094,grapes
37,141,203,11.413206,80.016394,6.499605,65.010953,grapes
40,141,203,21.121179,80.016394,6.339007,68.831338,grapes
39,140,203,21.119036,80.633992,6.349876,69.277798,grapes
7,139,203,19.966738,81.078215,6.185201,67.917292,grapes
16,139,203,17.828037,80.960934,6.275641,65.847488,grapes
28,139,203,31.196887,82.768719,5.814773,69.470239,grapes
33,139,203,33.342145,82.510346,5.693287,70.680986,grapes
33,139,203,33.530146,82.522003,5.74229,70.37576,grapes
39,138,203,21.193393,82.330983,6.399434,74.628349,grapes
39,138,203,20.217145,82.11748,6.306819,74.573511,grapes
40,138,203,41.175878,81.368602,5.57507,66.515243,grapes
39,136,203,24.906027,82.278963,6.190051,71.745018,grapes
5,135,203,29.973809,82.194976,5.899385,65.010953,grapes
26,135,203,33.783729,81.163143,5.685103,74.535573,grapes
38,135,203,41.361063,82.79783,6.444373,69.921075,grapes
13,132,203,23.601154,82.48337,6.423217,73.239018,grapes
23,132,203,10.945608,81.967682,6.44059,65.084218,grapes
37,129,203,25.034316,80.693086,5.779919,67.851475,grapes
39,129,203,34.389225,83.183928,5.863997,71.030016,grapes
40,127,203,11.535611,80.176209,6.097834,72.426363,grapes
7,126,203,16.762017,82.003356,5.66214,73.287128,grapes
39,126,203,41.186649,81.017834,5.539981,73.287128,grapes
14,125,203,9.567291,81.464094,6.321349,74.915062,grapes
11,124,203,13.182954,81.010617,6.375724,70.432682,grapes
37,124,203,17.754092,80.051909,6.235107,73.013591,grapes
6,123,203,12.756796,81.624974,6.13031,66.778446,grapes
35,123,203,12.602409,82.648296,6.291237,69.283607,grapes
5,122,203,12.819139,80.665614,6.109225,65.681795,grapes
7,122,203,29.587484,82.003356,5.570291,68.064173,grapes
9,122,203,11.698744,82.365627,6.140213,69.460151,grapes
35,122,203,19.910899,80.016394,6.25557,74.915062,grapes
7,121,203,16.762017,83.747656,6.158689,74.464111,grapes
13,121,203,10.01277,83.666825,6.182673,74.915062,grapes
13,121,203,9.454072,83.380887,6.145006,74.915062,grapes
14,121,203,9.724458,83.747656,6.158689,74.464111,grapes
31,121,203,11.021054,83.747656,5.870601,68.239632,grapes
6,120,203,12.756796,82.947033,6.13031,73.770637,grapes
13,120,203,23.601154,82.48337,6.423217,73.239018,grapes
14,120,203,9.548632,83.983517,6.150126,74.367483,grapes
36,120,203,36.954307,80.041278,6.356073,66.980947,grapes
11,145,202,15.990507,81.239666,6.484323,66.831137,grapes
12,145,202,30.489267,80.016394,6.073475,65.010953,grapes
28,145,202,19.207771,82.904284,6.484323,66.831137,grapes
28,145,202,19.173063,81.451204,6.454034,66.243287,grapes
29,145,202,19.198527,83.410098,6.493382,65.923519,grapes
31,144,202,11.021054,80.555572,5.870601,68.239632,grapes
31,144,202,10.659572,80.941191,5.815613,68.074339,grapes
32,144,202,11.210848,80.530174,5.860017,68.474117,grapes
37,144,202,11.189943,80.097114,5.804799,66.342349,grapes
40,143,202,24.855203,82.99545,6.480698,67.476509,grapes
6,142,202,27.237083,82.945733,6.224543,70.425089,grapes
29,142,202,19.941397,83.983517,6.499605,65.168246,grapes
39,142,202,25.011108,82.874709,6.434662,68.456079,grapes
9,141,202,21.012454,81.179319,6.119495,66.384483,grapes
10,141,202,20.365822,81.134973,6.151202,66.27544,grapes
25,141,202,9.694594,81.07112,5.897887,67.446987,grapes
40,140,202,21.248372,81.827571,6.387895,74.915062,grapes
39,139,202,41.519401,80.016394,5.545357,66.835925,grapes
32,138,202,9.535586,82.945733,6.224543,70.425089,grapes
34,138,202,15.314135,80.097114,5.804799,68.428024,grapes
37,137,202,23.792699,82.185575,6.355211,71.582209,grapes
36,136,202,21.328875,82.559476,6.401161,74.915062,grapes
40,136,202,22.965141,80.672962,6.147957,69.506556,grapes
17,135,202,38.94871,80.807638,6.472762,72.468649,grapes
21,134,202,10.695726,80.027726,6.411015,65.396216,grapes
21,134,202,10.723025,80.021306,6.42542,65.298211,grapes
34,133,202,15.314135,80.097114,5.804799,74.821447,grapes
34,133,202,14.897391,80.1193,5.769672,74.735479,grapes
34,133,202,16.030548,80.147271,5.870881,74.219848,grapes
40,133,202,24.400416,81.246873,5.984166,68.194803,grapes
38,132,202,24.575584,80.706958,5.971813,73.770637,grapes
40,132,202,24.575584,80.706958,5.971813,69.706113,grapes
5,131,202,27.605332,82.247123,5.863624,68.336285,grapes
13,131,202,22.88023,82.214863,6.304229,72.753911,grapes
14,131,202,25.124444,82.568256,6.21875,72.027736,grapes
14,131,202,26.224809,82.629575,6.071052,71.152754,grapes
36,128,202,20.037204,82.612739,6.238107,70.949094,grapes
36,128,202,25.199075,80.016394,5.671267,68.665334,grapes
40,128,202,15.376582,80.776313,6.499605,72.6448,grapes
8,127,202,19.207771,83.170939,5.833302,66.831137,grapes
39,127,202,15.324665,81.67216,6.484323,71.60103,grapes
39,127,202,15.324665,81.67216,6.477768,71.60103,grapes
22,124,202,32.403858,83.983517,5.916972,67.312513,grapes
17,145,201,27.036,81.057639,5.962163,68.878942,grapes
39,145,201,36.731266,80.589319,5.7756,72.242308,grapes
26,143,201,24.972561,82.728287,6.476758,74.535573,grapes
40,143,201,24.972561,82.728287,6.476758,66.700163,grapes
5,142,201,27.489963,83.588408,6.190461,69.607887,grapes
8,140,201,22.293041,81.300717,6.166611,68.506629,grapes
8,139,201,19.364255,82.221182,5.980599,74.196648,grapes
21,139,201,19.364255,83.36094,5.980599,67.150947,grapes
21,139,201,19.362052,83.354511,5.987691,67.146445,grapes
28,139,201,9.496953,80.175409,5.989501,66.807281,grapes
37,139,201,11.827682,83.36094,5.980599,74.102251,grapes
39,139,201,41.20329,81.187664,5.626269,68.806515,grapes
39,139,201,41.186649,81.017834,5.539981,68.688959,grapes
6,137,201,17.648902,83.983517,6.29325,67.777043,grapes
21,137,201,20.720945,82.374771,5.987418,67.188411,grapes
3,136,201,19.364255,83.36094,6.334771,67.150947,grapes
8,136,201,41.65603,82.221182,5.609256,74.196648,grapes
8,136,201,12.756796,81.624974,5.609256,66.778446,grapes
22,136,201,10.340525,80.111256,6.223574,66.671437,grapes
8,135,201,41.948657,82.477801,5.649385,74.915062,grapes
38,135,201,41.46964,82.151203,6.407753,68.039164,grapes
6,134,201,26.07105,80.016394,6.063522,74.915062,grapes
39,134,201,36.731266,80.183933,5.7756,72.242308,grapes
0,133,201,16.382826,83.082528,5.607963,65.010953,grapes
2,133,201,16.608974,82.413429,5.801166,67.795556,grapes
22,133,201,23.819957,80.122116,6.002996,67.273986,grapes
22,133,201,23.688897,80.38773,5.983154,67.132469,grapes
20,132,201,25.946123,81.19267,5.874392,67.906302,grapes
25,132,201,17.372192,82.842385,5.664196,70.491521,grapes
18,131,201,27.69235,82.071918,5.768769,68.425625,grapes
7,130,201,16.314871,80.578447,5.618109,74.137362,grapes
16,130,201,29.120338,82.790929,5.682395,68.850305,grapes
15,129,201,29.424531,82.232423,5.682403,69.38917,grapes
32,129,201,16.362519,83.004716,6.487546,71.556655,grapes
8,127,201,26.133483,82.911799,5.86116,68.153279,grapes
38,127,201,15.446945,81.45056,6.472466,74.003429,grapes
38,126,201,11.363009,80.031,6.116983,69.921075,grapes
39,126,201,15.099047,81.925767,6.499605,72.534318,grapes
40,126,201,11.363009,80.031,6.116983,71.182894,grapes
9,122,201,29.587484,80.919344,5.570291,68.064173,grapes
36,122,201,36.625731,80.016394,6.15924,68.049635,grapes
25,121,201,30.507348,82.717756,5.594241,70.082004,grapes
30,120,201,16.362519,83.004716,6.234904,65.701482,grapes
36,142,200,36.374905,81.473298,6.02329,69.817711,grapes
29,141,200,29.273172,83.983517,5.664491,67.947127,grapes
31,141,200,10.382962,80.630983,5.886977,68.755752,grapes
32,141,200,35.712671,82.023418,6.359636,65.872911,grapes
23,138,200,9.851243,80.226317,5.965379,68.428024,grapes
6,137,200,18.010306,83.425873,6.264906,69.823064,grapes
13,137,200,24.27183,82.523125,6.499605,71.107813,grapes
17,137,200,39.065791,80.594627,6.499605,72.505081,grapes
23,137,200,9.982957,80.195343,6.034885,67.955153,grapes
4,136,200,28.578288,81.777135,5.840256,73.342321,grapes
17,135,200,40.09116,80.87558,6.44636,70.014566,grapes
4,134,200,28.455256,81.073625,5.826151,74.066924,grapes
4,134,200,28.578288,80.95629,5.840256,73.342321,grapes
35,134,200,16.278528,82.55139,5.841138,66.574628,grapes
22,133,200,24.84078,80.356705,6.021061,67.249421,grapes
22,133,200,10.520503,80.446681,6.476552,65.010953,grapes
1,132,200,16.278528,82.942701,6.000574,66.574628,grapes
1,132,200,16.278528,82.942701,5.620746,66.574628,grapes
21,132,200,39.414684,81.586714,5.969905,74.462373,grapes
14,131,200,29.003902,82.858827,5.67025,69.842748,grapes
5,130,200,26.674765,82.136779,5.839159,71.140889,grapes
15,130,200,30.929565,83.239302,5.632579,68.463675,grapes
16,130,200,29.984065,83.004983,5.658613,68.665727,grapes
39,129,200,34.389225,80.226317,5.863997,68.428024,grapes
6,128,200,25.963084,82.578136,5.838748,70.317826,grapes
38,127,200,14.877565,82.575687,6.499605,71.141581,grapes
19,123,200,34.760861,81.035448,6.167014,65.7043,grapes
39,123,200,34.760861,83.183928,5.863997,65.7043,grapes
25,121,200,30.434343,82.659637,5.603523,71.058924,grapes
7,120,200,29.516184,81.582334,5.577927,67.102385,grapes
30,120,200,12.141907,82.247296,5.647202,69.63122,grapes
30,120,200,38.060995,82.247296,6.234904,65.701482,grapes
14,145,199,26.80348,81.084538,5.9579,72.278748,grapes
16,145,199,26.916248,80.768389,5.953966,69.309272,grapes
12,142,199,28.240236,81.184802,6.160377,67.595834,grapes
16,142,199,26.382081,83.371799,6.080851,69.270491,grapes
34,141,199,36.121674,82.101455,6.199299,68.09479,grapes
37,141,199,20.355398,82.74188,6.268026,66.735476,grapes
40,141,199,25.023106,81.544811,6.499605,65.010953,grapes
35,140,199,16.821829,82.778848,6.117735,66.734219,grapes
4,139,199,25.417532,82.130927,6.271809,72.545152,grapes
6,139,199,25.67385,81.621214,6.290998,74.109194,grapes
6,139,199,25.67385,81.621214,6.290998,74.109194,grapes
6,139,199,25.674664,81.621903,6.290964,74.107277,grapes
6,139,199,29.996772,81.621214,6.290998,67.125345,grapes
8,139,199,29.369477,81.539964,6.336427,66.134428,grapes
30,139,199,28.940812,81.425549,6.10484,67.027589,grapes
6,138,199,25.67385,81.621214,6.290998,73.010268,grapes
0,137,199,22.758648,80.966632,6.309263,65.010953,grapes
35,137,199,21.774667,80.186121,6.3295,69.396304,grapes
29,136,199,32.160971,82.484636,5.666086,72.650394,grapes
35,135,199,21.774667,80.549426,6.40072,69.396304,grapes
35,135,199,22.231854,80.968687,6.379712,69.369018,grapes
3,134,199,20.283702,81.322357,5.817178,71.066112,grapes
1,133,199,18.085644,82.133677,5.828757,66.229101,grapes
23,132,199,23.113053,81.554763,5.895974,66.510679,grapes
22,131,199,39.486838,81.857375,5.867702,74.573839,grapes
40,128,199,26.181597,80.687005,6.315586,67.038409,grapes
15,127,199,17.969025,80.016394,5.510925,69.381287,grapes
40,127,199,11.265761,80.016394,6.171971,73.198332,grapes
15,125,199,18.622947,80.62949,5.586062,69.75947,grapes
15,125,199,18.426994,80.556259,5.56923,69.757343,grapes
38,125,199,13.058097,80.556259,5.75701,70.756336,grapes
28,124,199,19.247857,83.983517,5.961892,72.412735,grapes
15,123,199,12.756796,80.556259,6.13031,66.778446,grapes
1,122,199,39.809538,81.41095,6.259237,67.274949,grapes
32,122,199,39.480651,81.253235,6.15049,74.076704,grapes
32,121,199,39.371026,81.253539,6.129813,74.081017,grapes
32,121,199,39.452368,80.793161,6.125163,73.294603,grapes
40,121,199,26.181597,81.038863,6.315586,66.059117,grapes
40,120,199,26.014298,81.608604,6.31204,65.010953,grapes
17,145,198,26.654616,80.302892,5.917535,66.88042,grapes
27,145,198,9.784955,83.983517,5.768245,66.628033,grapes
32,143,198,36.356734,81.727385,6.301295,65.401242,grapes
22,142,198,38.70788,81.983018,6.000506,67.09018,grapes
38,141,198,13.058097,80.28298,5.75701,70.756336,grapes
39,141,198,13.058097,80.633992,5.75701,69.277798,grapes
4,139,198,29.716764,80.624525,5.939336,65.010953,grapes
32,139,198,35.893075,82.668507,6.358187,66.539466,grapes
38,138,198,11.905995,82.345292,5.670341,71.307894,grapes
6,137,198,17.810629,83.983517,6.111479,71.662601,grapes
14,137,198,33.464116,83.86743,6.3295,65.397317,grapes
31,136,198,31.167783,82.544793,5.627094,71.023945,grapes
2,135,198,28.518887,80.872253,5.849026,71.291813,grapes
38,134,198,35.957206,82.79947,5.797506,72.912775,grapes
7,133,198,18.22655,81.282734,5.777474,72.66455,grapes
36,133,198,25.519397,83.983517,6.228645,69.172812,grapes
36,133,198,24.715294,83.598429,6.181718,68.81919,grapes
3,132,198,20.938823,80.016394,6.036722,72.829423,grapes
14,131,198,33.464116,83.86743,5.562791,67.922043,grapes
25,131,198,38.413682,82.353295,5.583288,74.832166,grapes
34,131,198,10.186767,80.75953,5.680162,66.65828,grapes
7,130,198,24.026611,82.013681,6.05624,70.6632,grapes
14,130,198,33.289161,83.189108,5.600006,68.502467,grapes
8,127,198,27.207673,83.122866,5.813178,70.747733,grapes
25,127,198,40.396953,81.832272,5.557029,74.915062,grapes
29,124,198,18.748338,82.821579,6.061228,70.276906,grapes
2,123,198,39.648519,82.210799,6.253035,70.399061,grapes
6,123,198,26.999896,83.983517,5.827097,71.04057,grapes
11,123,198,12.572192,82.398257,5.885713,70.222274,grapes
13,123,198,20.161593,81.204514,5.718224,69.77617,grapes
16,123,198,18.528982,80.7407,5.687539,70.998438,grapes
28,123,198,19.976375,82.758753,5.890942,70.638799,grapes
39,123,198,39.648519,82.210799,5.7756,72.242308,grapes
1,122,198,39.771351,81.77456,6.254899,68.472509,grapes
31,121,198,40.547804,81.208987,5.905433,73.618827,grapes
36,145,197,10.812703,82.318613,6.499605,65.010953,grapes
31,144,197,11.021054,83.34011,5.870601,68.239632,grapes
37,144,197,11.189943,80.80843,6.415556,66.342349,grapes
38,143,197,12.896707,80.016394,5.881607,71.863234,grapes
23,142,197,39.065555,82.03813,6.000574,69.307729,grapes
20,141,197,13.066504,80.872827,6.149473,68.299025,grapes
38,141,197,13.024566,80.214419,5.728018,69.848109,grapes
16,140,197,17.35104,83.035345,6.42792,66.450434,grapes
25,140,197,36.708675,82.423872,5.897827,69.936506,grapes
35,140,197,16.775573,82.752419,6.106191,66.762855,grapes
34,139,197,14.222979,82.039774,6.03657,67.707139,grapes
23,138,197,27.800568,82.263286,6.138689,72.569164,grapes
32,138,197,21.193393,80.731127,6.399434,74.628349,grapes
32,138,197,9.535586,80.731127,5.908724,69.441152,grapes
35,138,197,17.056324,82.363973,6.087132,66.999666,grapes
21,137,197,10.391046,80.955746,6.499605,65.825143,grapes
32,137,197,31.259347,83.983517,5.679089,70.624144,grapes
31,136,197,31.110473,83.34011,5.653776,71.430016,grapes
34,136,197,21.861431,80.180209,6.387155,70.035785,grapes
22,134,197,24.223747,81.615043,5.772952,66.712963,grapes
35,134,197,33.282615,83.333433,5.711212,72.465297,grapes
8,133,197,20.554242,80.998826,6.472346,72.34212,grapes
28,133,197,19.893639,82.733664,6.002996,67.273986,grapes
11,132,197,15.990507,81.239666,5.734317,74.401989,grapes
38,132,197,20.420948,81.54185,5.931102,66.930657,grapes
15,130,197,33.292871,83.983517,5.577241,67.845934,grapes
15,130,197,17.880606,80.016394,5.684509,67.775797,grapes
25,130,197,39.707722,82.685935,5.554832,74.915062,grapes
32,130,197,40.838853,81.959162,6.383474,72.472536,grapes
10,128,197,28.885596,83.371987,5.755217,70.080693,grapes
40,128,197,34.676018,83.805664,5.924206,73.902599,grapes
5,127,197,12.300526,83.033453,6.262487,68.328277,grapes
5,126,197,12.800004,81.208764,6.417501,67.104394,grapes
15,126,197,18.5394,80.727229,5.59168,68.688734,grapes
30,126,197,41.320754,80.016394,5.568665,73.302299,grapes
32,126,197,40.102847,81.251507,6.267847,74.052225,grapes
5,124,197,13.273889,80.016394,6.263236,66.827281,grapes
2,122,197,39.750455,82.606072,6.256379,72.003852,grapes
3,122,197,39.6163,82.563482,6.233929,70.258226,grapes
27,122,197,20.04051,83.492719,5.877631,66.211437,grapes
28,122,197,19.893639,82.733664,5.856575,69.662568,grapes
30,122,197,41.41266,81.176244,5.740529,73.279147,grapes
6,121,197,23.889867,82.87387,6.027956,68.566081,grapes
11,121,197,9.724458,81.239666,5.734317,74.464111,grapes
25,121,197,30.507348,82.717756,5.856575,69.662568,grapes
38,121,197,17.818271,83.072694,6.296869,72.077637,grapes
40,121,197,26.181597,81.54185,6.315586,66.059117,grapes
17,120,197,17.54383,81.61051,6.323723,65.902275,grapes
18,120,197,18.916716,81.951194,5.93102,74.915062,grapes
29,120,197,41.948657,80.807024,5.606608,74.574585,grapes
38,120,197,17.54383,82.947033,6.323723,73.770637,grapes
38,120,197,17.590852,82.968564,6.319121,73.480559,grapes
38,120,197,17.54383,82.947033,6.207601,68.694204,grapes
39,144,196,20.606121,80.016394,6.414254,70.304066,grapes
38,143,196,12.539787,80.698466,6.372387,68.227886,grapes
20,142,196,10.898759,80.016394,6.207601,68.694204,grapes
20,142,196,10.888716,80.016675,6.220048,68.500135,grapes
37,142,196,11.189943,80.016394,6.207601,68.694204,grapes
39,142,196,36.731266,80.016394,5.7756,72.242308,grapes
37,140,196,16.067442,81.864796,6.180351,68.682428,grapes
0,138,196,22.603765,80.159379,6.325987,68.412266,grapes
0,137,196,22.507374,80.489824,6.325591,65.885568,grapes
40,137,196,21.753023,80.163398,6.334036,74.915062,grapes
0,135,196,22.328968,80.45786,6.318101,66.106302,grapes
29,135,196,11.827682,80.282718,5.638328,73.06863,grapes
7,134,196,20.302512,81.441551,6.485579,71.213401,grapes
32,134,196,36.779781,82.951051,6.108844,66.37894,grapes
3,132,196,28.762811,81.323728,5.830454,74.915062,grapes
39,132,196,35.830891,83.325601,5.778594,73.679849,grapes
24,131,196,28.488854,81.195042,6.08562,67.161632,grapes
24,131,196,22.032962,83.743728,5.732454,65.344408,grapes
25,131,196,41.183256,80.827012,5.593874,74.915062,grapes
7,130,196,20.502298,81.314557,6.47046,74.367974,grapes
30,130,196,40.384558,81.665441,6.136245,74.286295,grapes
32,130,196,40.660123,81.24996,6.37296,74.030301,grapes
6,129,196,26.246212,83.983517,5.972432,69.041776,grapes
8,129,196,20.477018,82.237839,6.355472,70.74126,grapes
8,127,196,27.027661,83.170939,5.833302,70.95666,grapes
34,127,196,40.793476,82.140956,6.345859,70.800097,grapes
37,127,196,19.38368,82.714376,6.099825,66.728421,grapes
34,126,196,37.541113,80.016394,6.188698,68.379109,grapes
8,125,196,26.152329,83.021061,5.898448,70.620199,grapes
36,125,196,37.465668,80.659687,6.155261,66.838723,grapes
2,123,196,39.095083,80.682097,6.275319,72.116677,grapes
29,122,196,41.948657,81.155952,5.638328,73.06863,grapes
30,122,196,41.936688,82.21015,5.645935,73.76464,grapes
8,120,196,24.175794,82.671566,6.044607,69.821454,grapes
8,120,196,24.066794,82.663967,6.053663,69.818558,grapes
9,120,196,30.210753,80.016394,5.786759,68.068622,grapes
20,144,195,10.968702,80.162874,6.200788,65.391839,grapes
36,142,195,16.678261,83.983517,5.965301,66.596005,grapes
39,141,195,14.183544,80.564557,6.319818,70.523978,grapes
11,140,195,13.285043,83.568125,5.699453,65.80006,grapes
15,140,195,13.285043,83.541938,5.699453,65.80006,grapes
31,140,195,35.678199,80.734161,6.425842,66.143339,grapes
37,140,195,11.165701,80.581876,6.494318,66.188793,grapes
40,140,195,14.97847,80.499799,6.294396,71.634374,grapes
15,139,195,13.807596,83.983517,5.795531,65.938641,grapes
23,139,195,27.985957,83.597528,6.199813,70.059804,grapes
21,138,195,28.020802,82.829354,6.169392,74.584757,grapes
22,138,195,27.834871,83.51445,6.208197,73.028828,grapes
0,137,195,22.435902,80.186121,5.682395,68.850305,grapes
0,137,195,16.362519,80.186121,6.3295,65.397317,grapes
0,137,195,22.435902,80.186121,6.3295,65.397317,grapes
31,137,195,31.383728,83.496214,5.781975,68.737894,grapes
1,136,195,22.420131,80.295608,6.361544,65.010953,grapes
16,136,195,40.934168,82.687674,6.241451,65.148097,grapes
17,136,195,25.963084,82.578136,6.389783,65.902275,grapes
17,136,195,41.207336,81.61051,6.389783,65.902275,grapes
18,136,195,41.265507,81.013506,6.399816,67.213068,grapes
30,135,195,30.844643,83.258993,5.585731,73.927032,grapes
38,135,195,20.695377,82.519194,6.14032,68.073123,grapes
6,134,195,20.493388,81.33051,6.42567,71.362266,grapes
7,134,195,20.391386,80.967721,6.441899,71.461075,grapes
8,134,195,21.015915,81.044049,6.438664,71.594689,grapes
17,134,195,41.895761,83.983517,6.499605,67.356662,grapes
8,133,195,20.466578,80.97598,6.45608,71.298139,grapes
0,132,195,22.435902,80.186121,6.423217,73.239018,grapes
25,132,195,40.553298,81.434314,5.690473,74.915062,grapes
26,132,195,38.781957,83.983517,5.510925,72.852993,grapes
39,132,195,19.941848,80.869028,6.101868,65.010953,grapes
11,131,195,16.177443,82.097064,5.555602,74.176757,grapes
23,131,195,23.404312,82.680402,5.839423,66.354868,grapes
24,130,195,29.996772,81.541566,6.112306,67.125345,grapes
24,130,195,28.802508,81.871805,6.055343,66.858273,grapes
8,129,195,27.368723,83.983517,5.867098,73.186113,grapes
19,129,195,18.739322,83.004716,6.487546,73.55808,grapes
25,129,195,17.954,82.086157,5.789363,72.460871,grapes
25,129,195,17.986678,81.177121,5.777271,72.371277,grapes
8,128,195,26.99825,83.983517,5.815183,67.962088,grapes
24,128,195,17.921991,80.733158,5.762322,71.200797,grapes
31,128,195,40.791873,80.996887,6.286437,74.915062,grapes
7,127,195,12.860066,81.367548,6.386693,65.010953,grapes
24,127,195,17.815043,82.265076,5.996719,72.987455,grapes
36,126,195,37.423946,81.117803,6.155726,67.178589,grapes
2,125,195,40.747995,80.016394,6.020544,69.807964,grapes
16,125,195,28.149697,82.377407,5.562133,71.517628,grapes
37,124,195,18.706791,83.479529,6.209928,66.596449,grapes
8,122,195,23.708708,80.141333,6.031814,70.109027,grapes
11,122,195,39.04072,83.568125,6.499605,73.88467,grapes
11,122,195,12.141907,83.568125,5.647202,69.63122,grapes
19,121,195,34.000303,80.016394,6.406394,67.467012,grapes
32,121,195,13.285043,81.253539,6.129813,65.80006,grapes
37,121,195,18.371892,83.983517,6.262721,68.438574,grapes
40,121,195,25.708512,80.016394,6.373085,65.784678,grapes
19,120,195,39.648519,82.210799,5.931538,73.55808,grapes
19,120,195,18.739322,81.121092,5.931538,73.55808,grapes
26,120,195,30.136209,82.497435,5.62532,70.122933,grapes
76,54,45,24.294966,77.62976,6.176619,184.980052,jute
66,53,45,26.766129,77.157148,7.243459,189.102285,jute
72,52,45,26.30202,73.28327,6.718394,179.424943,jute
79,52,45,23.094338,82.072831,7.113297,166.189787,jute
89,52,45,24.893263,77.012226,7.207457,196.469984,jute
89,52,45,24.846758,76.917214,7.185595,196.138945,jute
91,51,45,26.985822,74.481174,6.376435,166.439206,jute
79,50,45,23.238034,82.926488,7.134933,167.48076,jute
90,49,45,24.302642,71.488097,6.7437,152.658413,jute
90,48,45,24.064757,71.313429,6.509175,153.639021,jute
67,46,45,26.985822,78.505032,7.085696,154.536971,jute
74,46,45,25.757349,88.366685,6.025029,189.426348,jute
78,46,45,25.742743,83.927943,6.75783,168.010045,jute
70,44,45,25.584728,87.810868,6.437077,192.130474,jute
76,44,45,25.329539,83.539983,6.67327,169.144473,jute
76,44,45,25.487968,84.482359,6.740948,168.784889,jute
67,43,45,25.485629,87.491782,6.673626,193.682866,jute
62,42,45,24.230628,84.570646,6.777223,155.736203,jute
70,42,45,23.094338,76.518589,6.549777,157.830615,jute
63,41,45,25.297818,86.887054,7.121934,196.624951,jute
63,41,45,26.145766,71.236909,6.432052,193.10076,jute
77,41,45,25.86705,84.099853,7.121934,154.839085,jute
80,41,45,26.022846,84.84151,6.516183,178.923421,jute
80,41,45,25.72463,81.280692,6.471368,173.709889,jute
60,40,45,26.213128,80.491726,6.667633,150.632687,jute
81,40,45,25.976947,81.210362,6.541771,177.177145,jute
81,40,45,25.887194,81.022479,6.493941,176.057359,jute
81,40,45,25.762943,80.762382,6.427727,174.507184,jute
82,40,45,26.213128,81.704764,6.667633,180.123776,jute
82,40,45,26.59105,81.704764,6.033485,180.123776,jute
88,40,45,25.63215,81.704764,6.667633,180.123776,jute
89,40,45,23.986517,82.090534,6.427727,167.057646,jute
65,39,45,23.668054,70.890007,6.768001,184.463328,jute
70,39,45,23.668054,88.80391,6.17686,169.116803,jute
80,38,45,25.906882,80.764336,6.394454,173.164763,jute
80,35,45,26.985822,78.836264,6.358606,163.81704,jute
74,58,44,25.539851,73.484356,6.151602,170.017482,jute
69,56,44,26.143137,75.360173,7.283096,184.118362,jute
75,56,44,25.274634,73.745958,6.109478,168.043228,jute
67,55,44,26.284017,75.146402,7.251847,182.268545,jute
74,55,44,24.853063,73.840714,6.192222,171.771083,jute
76,54,44,24.688269,77.097536,6.335625,187.832102,jute
88,53,44,24.733735,72.56589,7.322741,150.235524,jute
89,53,44,24.886928,71.917115,7.319735,150.249868,jute
68,52,44,26.262651,75.947346,6.989296,181.797377,jute
88,52,44,25.067357,71.794953,7.324403,151.474906,jute
77,51,44,23.255834,82.701593,7.124334,166.216085,jute
78,50,44,25.034138,84.333151,6.379519,157.709567,jute
90,50,44,26.916437,73.48656,6.253409,171.471638,jute
90,50,44,23.293957,70.961448,6.542154,151.111725,jute
87,49,44,26.985822,74.408299,6.169048,173.769345,jute
88,49,44,24.604257,72.312105,6.418799,154.211248,jute
90,49,44,24.460772,70.882596,6.505417,153.706916,jute
67,46,44,26.824892,78.203928,7.093329,153.919981,jute
67,46,44,25.848795,87.816617,7.093329,152.61944,jute
85,44,44,23.094338,87.747103,6.74108,173.542465,jute
79,43,44,23.823661,74.859295,6.002525,176.041257,jute
61,41,44,24.369724,82.113198,6.537915,159.921093,jute
61,41,44,23.14265,74.997398,6.537915,151.903548,jute
71,41,44,26.475495,82.113198,6.732826,180.25136,jute
84,41,44,24.506634,86.105351,7.07235,166.212301,jute
85,40,44,26.111291,70.882596,6.431883,195.486211,jute
89,40,44,23.28081,74.276075,6.613341,189.971118,jute
80,39,44,25.704288,82.434287,6.39204,174.17755,jute
87,39,44,24.768626,85.816448,7.224332,163.609447,jute
62,38,44,23.221301,82.331389,6.532441,192.532054,jute
64,38,44,23.604021,74.525255,6.740847,184.79144,jute
83,38,44,25.48934,81.652576,6.694235,170.966281,jute
62,37,44,23.667343,83.940869,6.6406,188.236469,jute
82,37,44,26.576175,79.038175,6.30022,171.353182,jute
62,36,44,23.094338,85.443292,6.564997,181.967497,jute
75,36,44,23.28081,74.276075,6.613341,153.74474,jute
77,36,44,23.437518,76.594814,6.396651,156.139765,jute
82,35,44,26.966564,78.210477,6.239011,169.839118,jute
82,35,44,25.274634,73.745958,6.109478,168.043228,jute
60,58,43,24.384771,75.043949,7.195014,195.493911,jute
89,57,43,26.897086,73.29405,6.999534,177.294196,jute
89,57,43,26.91515,73.198975,6.998787,177.223305,jute
89,57,43,25.757349,88.366685,6.025029,177.223305,jute
100,57,43,26.389054,73.198975,7.433313,177.223305,jute
77,55,43,25.499417,75.999876,6.663559,193.714183,jute
76,54,43,26.475495,77.62976,6.732826,184.980052,jute
76,54,43,24.652619,78.113779,6.104002,167.89933,jute
79,54,43,23.750916,79.155324,7.124572,187.173542,jute
70,53,43,26.430309,74.24123,6.855307,180.727385,jute
88,53,43,25.031803,72.185889,7.137829,150.751467,jute
71,52,43,26.467753,74.00955,6.753812,180.332922,jute
71,52,43,26.475495,73.961646,6.732826,180.25136,jute
89,52,43,25.026241,71.989505,7.032003,150.607483,jute
91,51,43,25.359754,72.809227,7.140691,150.235524,jute
78,50,43,23.41799,85.725306,6.661958,185.744673,jute
78,50,43,25.124177,85.725306,6.348441,159.571809,jute
78,50,43,25.153021,85.662193,6.387722,159.388047,jute
84,50,43,24.099667,74.791466,7.221183,152.505986,jute
91,50,43,23.094338,83.950093,6.106116,191.494024,jute
89,49,43,24.292758,72.003004,6.530677,153.709952,jute
78,48,43,25.642391,78.054316,6.993978,189.455722,jute
86,48,43,26.145766,84.099853,7.360085,193.10076,jute
70,45,43,26.713828,78.113625,6.733079,154.336056,jute
78,45,43,25.710227,79.266292,7.20649,185.970658,jute
79,45,43,25.719013,79.155324,7.171054,187.173542,jute
84,45,43,24.487771,89.046407,6.620436,170.475865,jute
68,44,43,26.967532,77.412481,7.092243,153.691517,jute
72,44,43,26.561258,78.580256,6.357549,154.200675,jute
87,44,43,23.874845,86.792613,6.718725,177.514731,jute
73,43,43,26.885214,78.392037,6.312819,152.784458,jute
80,43,43,23.78756,74.367941,6.014572,172.644265,jute
60,42,43,24.622439,80.231238,6.593287,158.425565,jute
70,42,43,23.16815,76.66725,6.508343,157.121505,jute
71,42,43,23.160038,76.866005,6.573444,156.92896,jute
72,42,43,26.567673,80.904245,6.352771,181.29156,jute
72,42,43,26.567673,83.464091,6.097294,181.29156,jute
79,42,43,23.555169,75.4399,6.002525,168.411201,jute
71,41,43,23.181616,76.381427,6.520894,156.717873,jute
83,41,43,24.749373,88.80006,7.225621,168.584651,jute
89,41,43,23.128444,74.683227,7.12405,199.836291,jute
83,40,43,26.067326,83.618801,6.531296,178.78607,jute
84,40,43,25.135752,87.08041,7.095965,170.258073,jute
84,40,43,25.011576,88.331302,7.228268,169.416801,jute
85,40,43,26.055553,71.802884,6.790841,187.784505,jute
89,40,43,26.245321,72.971984,7.12405,189.971118,jute
90,40,43,26.145766,71.236909,6.626504,191.964939,jute
90,40,43,25.846254,72.826915,6.968992,190.039066,jute
86,39,43,26.283057,73.357635,6.704274,193.10076,jute
86,39,43,26.145766,71.236909,6.432052,193.10076,jute
90,39,43,24.447439,82.286484,6.769346,190.968488,jute
84,38,43,26.574217,73.819949,7.261581,159.322308,jute
84,38,43,26.574217,73.819949,7.014064,159.322308,jute
84,38,43,23.614753,73.819949,7.261581,150.235524,jute
63,37,43,23.41799,85.086405,6.661958,185.744673,jute
63,37,43,24.294966,85.086405,6.176619,185.744673,jute
84,37,43,26.985822,75.808754,7.488014,156.872481,jute
94,36,43,24.844097,86.667202,6.438281,178.663085,jute
62,59,42,24.384391,74.749045,7.196912,190.926522,jute
64,57,42,25.096719,75.001245,7.207636,188.164023,jute
88,57,42,26.360136,73.105317,7.014369,176.839164,jute
61,56,42,25.041534,87.635536,7.078173,152.73562,jute
91,56,42,26.985822,72.62497,6.994495,175.95957,jute
84,55,42,25.496748,80.491726,7.132389,169.928823,jute
69,54,42,26.985822,74.876527,6.524496,181.432586,jute
73,53,42,26.909275,75.390193,6.94121,176.254672,jute
90,53,42,24.76321,71.992813,7.298327,152.61028,jute
89,52,42,23.094338,81.451393,6.141329,196.658701,jute
71,49,42,23.189579,73.344113,7.396312,199.471822,jute
89,49,42,23.314104,71.450905,7.488014,196.658701,jute
89,49,42,25.919155,79.767511,7.04409,183.819367,jute
67,47,42,26.985822,75.827389,7.218862,152.892059,jute
78,46,42,23.094996,78.459597,7.095413,155.385153,jute
78,46,42,23.138341,78.54779,7.099552,155.376615,jute
81,46,42,24.156398,78.567252,6.744913,188.717345,jute
78,45,42,23.114364,78.023522,7.045164,155.214162,jute
80,45,42,23.14265,74.997398,7.380396,151.903548,jute
67,44,42,26.440271,81.991712,7.187825,153.407516,jute
71,43,42,25.9256,78.494445,6.327688,151.210485,jute
73,43,42,26.58361,78.007748,6.3107,154.823886,jute
79,43,42,25.89777,77.949775,7.277413,191.994928,jute
73,42,42,26.536663,81.285774,6.300087,178.412891,jute
65,41,42,24.10664,81.967567,6.474454,185.068589,jute
84,41,42,25.686363,74.656396,6.679547,186.814851,jute
83,40,42,26.238935,72.909259,6.717024,186.72149,jute
84,40,42,26.283057,73.357635,6.704274,186.689828,jute
85,40,42,26.398049,70.882596,6.383714,188.965124,jute
85,40,42,26.242469,72.730677,6.623796,188.585116,jute
89,40,42,25.393975,71.462219,6.331681,192.315226,jute
90,39,42,24.77068,82.179154,6.733252,191.220271,jute
63,38,42,23.549157,84.509868,6.670898,184.319868,jute
84,38,42,25.349021,83.325804,6.854641,169.772921,jute
93,38,42,25.265771,84.828117,6.688739,177.61703,jute
84,37,42,25.496748,81.134491,6.691074,169.928823,jute
63,36,42,23.356496,84.983085,6.620278,187.148325,jute
83,36,42,25.759605,81.271738,6.669013,166.287921,jute
84,36,42,25.496748,81.134491,6.691074,150.316615,jute
64,60,41,24.463603,74.306641,7.369208,192.220842,jute
62,59,41,24.224876,74.894654,7.175171,192.493126,jute
63,59,41,24.605485,74.039959,7.180866,192.504543,jute
82,58,41,23.325013,82.090534,6.096839,187.309615,jute
100,58,41,23.174033,87.882553,6.65877,160.621734,jute
61,57,41,25.866972,86.772934,7.027703,157.479748,jute
89,57,41,26.825635,71.668588,6.975739,176.978823,jute
95,57,41,23.249256,73.653468,6.434611,184.767486,jute
98,57,41,23.094338,89.297666,6.668549,160.575151,jute
100,56,41,23.094338,85.872416,6.889664,165.516457,jute
68,53,41,26.648395,74.22716,6.764444,177.909635,jute
84,53,41,24.899366,74.003902,6.584218,150.235524,jute
77,52,41,23.89069,83.464091,6.097294,167.723063,jute
85,52,41,24.408139,79.635883,6.546108,196.876618,jute
78,51,41,26.414992,76.539569,7.211041,198.132921,jute
78,51,41,23.942661,84.300284,6.104481,167.35941,jute
87,51,41,24.545327,72.766885,6.554497,153.788525,jute
73,50,41,23.3025,73.926098,7.426192,199.836291,jute
72,49,41,25.330456,74.240923,6.736902,180.675782,jute
78,49,41,25.064128,86.138652,6.335608,159.198048,jute
88,49,41,25.759223,80.260189,7.070875,182.258011,jute
80,47,41,23.094338,78.517944,7.091141,154.718295,jute
84,47,41,24.147041,79.851468,6.7492,185.509816,jute
79,46,41,23.094338,75.957442,7.407732,151.055319,jute
80,46,41,25.745262,80.076162,6.88252,189.311463,jute
80,46,41,23.094338,76.848693,6.868228,159.328535,jute
82,46,41,23.325013,79.796094,6.581694,187.309615,jute
63,44,41,26.02291,87.818686,7.255454,195.444926,jute
69,43,41,24.297909,89.061836,6.166261,170.825546,jute
74,42,41,26.430071,81.958846,6.371776,178.012137,jute
86,42,41,24.910992,87.562933,6.431781,176.444967,jute
67,41,41,25.715748,89.015206,7.336597,150.236335,jute
74,41,41,25.022122,83.067522,6.398356,168.522862,jute
84,41,41,26.396619,72.534371,6.69537,186.365336,jute
84,39,41,26.154464,72.886396,6.65735,190.330348,jute
90,39,41,24.59235,82.049715,6.805565,190.897469,jute
100,39,41,23.094338,74.380616,6.002525,197.252363,jute
82,38,41,25.902192,83.981189,6.940606,178.568816,jute
94,37,41,24.763452,87.060711,6.463539,179.163086,jute
94,37,41,24.763452,72.248508,6.002525,179.163086,jute
62,60,40,23.985606,73.87212,6.89331,199.502979,jute
64,60,40,24.048309,77.065338,7.093324,193.531111,jute
61,59,40,24.072304,75.625728,7.164569,190.955567,jute
61,59,40,26.177412,77.842404,6.03934,172.501647,jute
64,58,40,23.400217,74.936401,7.395994,185.44571,jute
95,58,40,23.094338,71.813945,6.561289,186.122651,jute
100,57,40,23.500271,88.92868,6.819448,162.113669,jute
100,56,40,26.389054,83.312403,7.433313,176.151641,jute
60,55,40,24.994996,88.956928,7.02778,151.493564,jute
78,55,40,24.372749,89.891065,6.488967,194.711449,jute
75,54,40,24.479679,82.589188,6.334191,165.953997,jute
69,53,40,23.486513,74.317997,7.354422,197.558144,jute
79,53,40,26.138834,76.595704,7.012655,196.144664,jute
85,53,40,25.03624,73.015797,6.704275,173.24268,jute
72,51,40,23.206835,74.09957,7.422318,199.476678,jute
72,51,40,26.824892,78.203928,7.093329,199.476678,jute
74,51,40,23.859132,74.659479,7.370209,199.01644,jute
74,51,40,23.206835,83.120539,6.38626,169.338847,jute
77,51,40,26.985822,76.317682,7.388575,192.460255,jute
85,50,40,25.362148,79.489738,6.761946,194.788655,jute
86,50,40,24.127927,81.573029,6.22203,195.350293,jute
88,50,40,25.575274,79.982469,7.055268,182.510425,jute
88,50,40,25.63215,79.951509,7.051822,182.258228,jute
90,50,40,25.628485,80.211959,7.013408,181.078473,jute
91,50,40,24.236253,85.898736,6.819023,152.345033,jute
87,49,40,25.148057,79.918899,6.953178,183.318132,jute
64,47,40,26.243475,76.240367,6.130136,183.406525,jute
69,47,40,25.371227,76.240367,6.130136,183.827079,jute
70,43,40,24.355641,76.66725,6.17686,169.116803,jute
70,43,40,24.355641,88.80391,6.17686,169.116803,jute
90,43,40,24.355641,88.80391,6.626504,169.116803,jute
67,41,40,25.848795,87.816617,7.333143,152.61944,jute
96,41,40,23.584193,72.004608,6.09006,190.424216,jute
70,40,40,25.138428,83.120539,6.38626,157.121505,jute
74,40,40,25.138428,83.120539,6.38626,169.338847,jute
92,39,40,25.854972,82.196427,6.610694,195.007545,jute
60,36,40,26.669497,82.869517,6.007414,163.059663,jute
84,36,40,25.221484,81.298325,6.66767,167.135773,jute
65,57,39,25.120272,73.434522,7.225567,195.030431,jute
76,56,39,24.394595,89.891065,6.55113,197.122005,jute
89,56,39,24.394595,89.891065,7.319735,150.249868,jute
67,55,39,25.726689,75.146402,7.251847,182.268545,jute
100,55,39,26.219743,82.928619,7.393606,177.790503,jute
65,54,39,23.750916,71.147826,7.124572,160.088955,jute
87,53,39,23.858565,88.032716,6.918163,152.945401,jute
80,52,39,26.419152,76.856912,7.165697,197.210178,jute
88,52,39,23.928879,88.071123,6.880205,154.660874,jute
89,52,39,23.094338,81.084549,6.130326,198.108389,jute
81,51,39,26.985822,77.192382,7.416924,199.836291,jute
74,50,39,23.636917,71.828799,7.26103,165.080938,jute
89,50,39,24.680958,86.927775,6.727207,159.523486,jute
68,48,39,25.33356,74.648885,6.156911,183.787722,jute
82,47,39,23.29159,78.621762,6.57984,182.890986,jute
90,46,39,25.520403,71.10041,6.028345,152.433101,jute
81,45,39,23.126338,75.120439,7.42453,151.371422,jute
88,42,39,23.185873,74.879874,6.321655,199.836291,jute
67,40,39,25.721009,70.882596,7.299305,195.864555,jute
86,40,39,25.721009,88.165136,6.20746,175.60867,jute
89,40,39,24.388078,83.141305,6.098904,191.2072,jute
90,40,39,25.726689,81.861716,6.626504,191.964939,jute
93,40,39,23.487156,70.882596,6.002525,192.677013,jute
94,40,39,24.763452,87.060711,6.463539,179.163086,jute
96,38,39,25.074212,87.181912,6.460179,180.006596,jute
60,37,39,26.59105,82.941641,6.033485,161.247,jute
60,37,39,26.8246,83.981691,6.002525,158.924067,jute
67,60,38,24.79853,78.530371,7.162143,162.284743,jute
65,59,38,24.2261,76.476875,7.166965,163.400019,jute
99,57,38,24.80625,82.092817,6.491506,156.361617,jute
99,57,38,24.80625,82.092817,6.356296,156.361617,jute
75,56,38,25.274634,79.787252,6.956683,168.043228,jute
84,55,38,26.803824,79.796638,6.96212,173.624972,jute
84,55,38,26.874839,79.787252,6.956683,173.10171,jute
64,53,38,26.243475,78.510638,6.855363,183.406525,jute
65,53,38,25.94389,78.741482,6.844137,184.44349,jute
85,53,38,24.66716,73.777488,6.597947,154.034345,jute
85,53,38,24.900757,73.841864,6.588017,153.899098,jute
86,53,38,24.476314,80.056129,6.715623,154.231784,jute
97,52,38,24.408198,83.44586,6.567111,154.315026,jute
74,49,38,23.314104,71.450905,7.488014,164.497037,jute
74,49,38,23.206835,74.09957,7.488014,164.497037,jute
61,48,38,24.233127,83.258832,7.488014,168.181761,jute
77,48,38,25.872067,84.094269,7.382062,154.872109,jute
87,48,38,23.817601,81.787628,7.180224,192.660506,jute
87,48,38,23.815796,80.940236,7.161866,190.312216,jute
87,48,38,24.090222,80.790853,7.14524,189.09537,jute
88,48,38,25.372372,72.637487,6.145459,152.378202,jute
87,47,38,24.547304,70.882596,6.151888,151.688839,jute
89,47,38,23.139994,78.966278,7.319666,186.686534,jute
89,47,38,25.487713,72.859562,6.002525,153.410606,jute
89,47,38,25.52469,72.248508,6.002525,151.886997,jute
95,47,38,23.981215,84.897242,6.793249,152.119689,jute
88,46,38,23.998062,81.556905,6.881761,190.834548,jute
88,46,38,24.39903,81.221485,6.998465,190.816652,jute
89,45,38,24.123996,81.982985,6.688226,191.195448,jute
90,44,38,24.098427,82.717961,6.135008,193.463548,jute
94,44,38,23.308665,86.711572,6.979671,150.492036,jute
67,43,38,25.216227,70.882596,7.299305,195.864555,jute
89,43,38,23.614753,77.012226,7.207457,196.469984,jute
93,43,38,23.656152,86.002184,6.965408,150.448373,jute
93,43,38,23.614753,86.142903,6.987333,150.235524,jute
93,43,38,25.124177,85.725306,6.348441,150.235524,jute
98,43,38,26.243475,78.510638,7.319952,183.406525,jute
92,42,38,24.548086,83.287437,6.078335,192.394067,jute
92,42,38,23.553475,86.22072,7.000978,150.235524,jute
89,41,38,23.128444,74.683227,6.344752,199.836291,jute
65,40,38,24.928635,87.412233,7.188154,150.235524,jute
73,40,38,24.721374,82.098339,6.306629,172.356006,jute
73,40,38,24.96591,82.727733,6.395639,168.376436,jute
84,40,38,25.884073,87.820846,6.215988,179.689847,jute
87,40,38,25.672278,87.596886,6.231995,170.867233,jute
89,40,38,23.922814,81.403414,6.037031,194.983284,jute
72,39,38,24.779137,81.253012,6.690638,166.881173,jute
90,39,38,24.197371,84.604567,6.774809,187.739819,jute
61,36,38,26.985822,82.946133,6.002525,165.632155,jute
81,36,38,23.765547,87.983299,6.334838,150.316615,jute
82,35,38,25.493868,86.970615,6.356296,156.361617,jute
83,35,38,23.788388,88.714937,6.247384,154.808487,jute
67,59,37,24.230522,79.217727,6.178724,187.646185,jute
68,59,37,24.56764,78.073355,7.194005,162.417278,jute
60,58,37,26.15131,80.297647,6.085489,172.13907,jute
60,58,37,26.138715,79.118894,6.067302,171.489253,jute
62,58,37,25.558589,80.6278,6.263466,167.857912,jute
82,58,37,23.41513,73.673206,7.091822,174.122675,jute
100,58,37,24.100786,80.495093,6.232459,157.401301,jute
61,56,37,25.921274,79.083846,6.069713,171.656317,jute
70,56,37,23.23252,85.421587,6.588397,177.172339,jute
71,56,37,23.188667,86.208997,6.491506,176.103677,jute
99,56,37,24.757372,81.431089,6.3544,156.218924,jute
61,55,37,25.584125,80.196728,6.474872,169.944164,jute
66,55,37,25.482697,78.523516,6.592646,184.517531,jute
62,54,37,26.445487,78.305202,6.886054,182.917392,jute
71,54,37,26.353885,70.90283,7.332975,199.507264,jute
81,52,37,26.534154,75.814852,7.16594,199.836291,jute
62,49,37,24.217446,82.85284,7.479248,166.136589,jute
81,49,37,25.747797,80.87213,6.400502,193.315272,jute
83,48,37,25.508771,81.73553,6.329844,193.602298,jute
67,47,37,25.0259,74.084142,6.586233,176.171617,jute
67,46,37,24.547948,71.729624,6.467633,173.264296,jute
73,45,37,23.704671,74.637454,6.742688,181.278396,jute
68,44,37,25.215393,72.52978,7.266187,190.627991,jute
93,44,37,23.926811,86.337755,6.967386,150.509248,jute
91,43,37,25.407859,76.440486,6.132571,188.637283,jute
64,42,37,25.106289,74.747326,7.094065,195.816255,jute
67,42,37,25.157212,70.882596,7.335094,196.616334,jute
70,42,37,24.217446,82.85284,6.508343,157.121505,jute
93,42,37,23.094338,88.644547,6.725481,155.968683,jute
97,42,37,24.686448,74.68573,6.833428,189.344162,jute
73,41,37,24.378847,81.258803,6.241229,174.834009,jute
73,41,37,24.443044,81.41615,6.253486,174.369579,jute
86,41,37,25.900805,88.60417,6.223647,176.667368,jute
86,41,37,25.676186,89.008429,6.179417,176.448711,jute
91,41,37,23.16492,73.205492,6.597868,196.110734,jute
91,41,37,24.485564,83.2063,6.132571,192.231622,jute
92,41,37,24.563997,82.630933,6.233546,191.925958,jute
73,40,37,25.011576,74.637454,6.742688,169.416801,jute
90,39,37,24.814412,81.686889,6.861069,190.788639,jute
84,37,37,25.597565,87.515955,6.800715,176.107656,jute
71,59,36,24.353528,78.182181,6.206438,185.680117,jute
89,59,36,23.833985,82.890846,6.063013,167.985431,jute
70,58,36,23.587962,87.834477,6.749562,179.891389,jute
72,58,36,23.094338,83.838528,6.489769,176.673154,jute
60,57,36,25.746997,80.986231,6.205164,162.120891,jute
60,57,36,25.862922,80.458276,7.149735,150.235524,jute
81,56,36,26.639525,70.95706,7.311077,199.335574,jute
81,56,36,23.396057,72.605129,7.097586,174.787641,jute
60,55,36,26.127972,80.491726,7.132389,150.632687,jute
71,53,36,25.925725,71.610519,7.334209,199.364916,jute
64,50,36,24.702745,80.690143,7.218004,166.502799,jute
83,50,36,25.80011,80.399651,6.253083,197.826185,jute
90,50,36,26.916437,80.572268,6.253409,171.471638,jute
61,49,36,24.013809,82.055768,7.474122,163.067415,jute
60,48,36,23.962101,83.036518,7.488014,168.832376,jute
64,48,36,23.837674,80.610683,7.246282,168.506614,jute
77,48,36,25.86705,84.099853,7.360085,154.839085,jute
81,48,36,25.811383,81.820522,6.35455,190.960844,jute
82,48,36,25.79352,81.76904,6.352077,193.241838,jute
90,48,36,23.396057,71.313429,7.097586,174.787641,jute
66,47,36,24.854414,74.440705,6.572561,175.572958,jute
87,47,36,23.794276,80.785367,7.153509,192.401636,jute
82,46,36,23.094996,78.459597,6.352077,155.385153,jute
65,45,36,24.826577,75.075149,6.567619,175.63575,jute
72,43,36,23.231176,83.722722,6.017889,179.945834,jute
72,43,36,23.934609,78.100359,6.418885,178.700546,jute
72,42,36,24.020385,79.392175,6.298093,177.738894,jute
61,41,36,24.828307,80.599529,6.852337,191.817974,jute
72,41,36,24.098744,80.572268,6.187747,176.860411,jute
72,41,36,26.508387,86.84264,6.065898,152.98017,jute
72,41,36,26.508043,86.843147,6.066558,152.979982,jute
75,41,36,26.355084,83.694017,6.067613,150.235524,jute
91,41,36,24.787498,81.911524,6.899962,190.672369,jute
72,40,36,26.985822,89.429637,6.109953,153.865308,jute
60,38,36,26.127972,80.491726,7.132389,159.322308,jute
91,38,36,26.523297,77.173318,7.287319,157.854856,jute
96,38,36,26.523297,77.173318,7.287319,190.424216,jute
66,37,36,23.41799,85.086405,6.661958,185.744673,jute
75,36,36,23.28081,80.491726,7.132389,150.632687,jute
81,35,36,25.473724,86.985117,7.25378,177.782237,jute
89,35,36,25.310423,74.683227,6.344752,199.836291,jute
100,35,36,25.310423,72.013644,6.346715,190.557762,jute
88,60,35,24.69618,81.280827,6.282487,170.114954,jute
89,59,35,24.571633,88.634225,7.080947,174.921184,jute
90,59,35,24.251335,89.864541,7.098228,175.174211,jute
66,58,35,23.564383,79.462831,7.321619,185.25947,jute
66,58,35,24.79853,78.530371,7.162143,185.25947,jute
89,58,35,23.986517,82.090534,6.096839,167.057646,jute
90,58,35,23.986517,89.864541,6.096839,167.057646,jute
60,57,35,26.220902,80.217956,6.313665,163.877471,jute
69,57,35,24.307486,78.54341,6.186814,186.233757,jute
61,56,35,25.978258,79.475579,6.842966,163.348809,jute
62,56,35,25.978258,81.657696,6.235358,163.348809,jute
62,56,35,25.891313,81.427215,6.303661,163.270388,jute
62,56,35,25.8657,81.359317,6.323782,163.247286,jute
72,56,35,24.620039,76.927579,6.403982,178.946907,jute
92,56,35,24.475069,83.331041,6.002525,167.085238,jute
71,54,35,24.355641,70.95706,7.311077,199.335574,jute
71,54,35,26.639525,70.95706,7.311077,199.335574,jute
71,54,35,26.639525,70.95706,7.228268,169.416801,jute
74,49,35,26.985822,71.450905,7.488014,193.877871,jute
84,49,35,26.138902,84.545088,6.564712,196.637122,jute
63,47,35,26.985822,89.055879,7.432768,193.877871,jute
64,47,35,26.136819,89.486279,7.179258,194.573587,jute
64,47,35,24.406169,72.787416,6.484504,173.510089,jute
76,47,35,25.716562,83.174551,7.344126,156.196908,jute
82,46,35,25.407859,79.796094,7.319952,187.309615,jute
76,44,35,25.487968,79.475579,6.740948,195.757162,jute
98,44,35,25.490588,76.645538,7.302924,187.852148,jute
99,44,35,25.121333,76.03144,7.295835,189.408198,jute
98,43,35,25.274109,76.115154,7.229751,188.768338,jute
98,43,35,25.407859,76.440486,7.319952,188.637283,jute
100,43,35,25.553235,76.802863,7.206957,182.562497,jute
60,42,35,25.260809,79.744426,6.80603,192.795678,jute
62,42,35,26.567673,80.904245,6.235358,163.348809,jute
61,41,35,24.971787,79.475579,6.842966,195.757162,jute
61,41,35,25.019539,78.55714,6.835141,193.645751,jute
61,41,35,25.978258,82.113198,6.537915,163.348809,jute
75,41,35,25.493868,78.626977,7.299076,166.641525,jute
75,41,35,24.970426,78.626977,6.856833,166.641525,jute
75,41,35,24.870305,78.135363,6.65462,161.724768,jute
75,40,35,25.901094,76.995469,7.077154,167.715117,jute
91,39,35,26.494855,76.865816,7.299503,157.132029,jute
70,38,35,24.397362,79.268617,7.014064,164.269701,jute
60,37,35,26.579982,83.634272,6.012535,161.353006,jute
69,37,35,23.680786,77.70247,6.75714,158.653134,jute
82,35,35,26.408812,84.739312,7.401266,177.607665,jute
82,35,35,25.493868,86.970615,7.299076,176.526827,jute
3,80,25,21.806196,18.570866,5.608165,62.212922,kidneybeans
6,80,25,20.850264,24.969699,5.829598,71.251175,kidneybeans
31,79,25,23.188644,22.310455,5.902033,63.382088,kidneybeans
6,78,25,19.980339,24.602172,5.816241,71.858989,kidneybeans
40,78,25,18.09551,18.293184,5.669236,144.790232,kidneybeans
3,77,25,24.849062,22.894646,5.608165,62.212922,kidneybeans
6,77,25,20.611622,24.363141,5.792745,69.638339,kidneybeans
32,76,25,23.46353,22.189949,5.962496,61.469171,kidneybeans
11,73,25,21.061327,23.512256,5.60879,142.07264,kidneybeans
27,73,25,19.873424,21.834902,5.944282,62.599744,kidneybeans
35,70,25,19.665532,24.40576,5.806595,84.993135,kidneybeans
37,70,25,19.731369,24.894874,5.819404,84.063541,kidneybeans
38,70,25,20.398117,24.920445,5.976891,82.878805,kidneybeans
4,69,25,23.006632,24.285257,5.998125,116.712636,kidneybeans
4,67,25,23.787096,24.356793,5.948164,119.640441,kidneybeans
4,67,25,22.954582,24.356793,5.858618,107.731539,kidneybeans
13,67,25,23.265458,24.906738,5.594414,82.676587,kidneybeans
14,67,25,21.351357,24.356793,5.948164,119.640441,kidneybeans
4,66,25,23.995078,24.818123,5.961621,119.705252,kidneybeans
6,65,25,22.835202,18.972675,5.792745,63.592767,kidneybeans
19,65,25,18.09551,18.293184,5.625096,144.790232,kidneybeans
26,65,25,18.09551,18.293184,5.625096,143.098417,kidneybeans
19,63,25,18.486107,18.09224,5.841631,141.076541,kidneybeans
20,63,25,17.939392,18.619828,5.657683,144.635812,kidneybeans
13,61,25,16.972563,19.877827,5.907939,129.527186,kidneybeans
13,60,25,17.136928,20.595417,5.685972,128.256862,kidneybeans
13,60,25,17.290417,20.120316,5.689268,126.799382,kidneybeans
21,60,25,18.731669,20.990373,5.620965,103.260113,kidneybeans
37,60,25,17.136928,20.595417,5.685972,126.726537,kidneybeans
13,58,25,16.658096,19.844911,5.77616,130.63997,kidneybeans
26,57,25,19.421064,18.881719,5.766747,141.193078,kidneybeans
27,57,25,19.513121,18.09224,5.704098,144.39923,kidneybeans
35,56,25,21.835463,20.440729,5.791149,124.839945,kidneybeans
37,56,25,22.055923,19.603793,5.774755,126.726537,kidneybeans
17,77,24,20.769522,18.931469,5.568457,109.019371,kidneybeans
24,77,24,15.330426,24.969699,5.698296,137.772026,kidneybeans
18,76,24,20.632498,18.856579,5.582516,106.345999,kidneybeans
25,76,24,18.506928,23.616701,5.565035,135.331558,kidneybeans
25,76,24,15.330426,24.915067,5.565035,135.331558,kidneybeans
27,76,24,15.330426,24.969699,5.555095,131.77514,kidneybeans
18,75,24,20.010525,18.884931,5.6812,111.548383,kidneybeans
25,75,24,15.557232,24.969699,5.577526,137.952353,kidneybeans
11,71,24,21.140114,22.718236,5.60662,141.605672,kidneybeans
11,71,24,21.981904,22.07661,5.7128,137.514653,kidneybeans
13,69,24,21.569148,21.440288,5.596527,140.368682,kidneybeans
37,69,24,19.713496,24.969699,5.876053,84.979224,kidneybeans
34,68,24,17.099525,24.969699,5.602204,77.942148,kidneybeans
3,67,24,17.000676,19.907905,5.52088,103.292641,kidneybeans
3,67,24,17.101703,19.959726,5.522828,103.176148,kidneybeans
4,67,24,17.000676,24.356793,5.52088,119.640441,kidneybeans
3,66,24,16.865288,19.756496,5.640753,100.329408,kidneybeans
4,66,24,23.696003,24.091265,5.934319,120.427384,kidneybeans
5,65,24,22.300359,21.496808,5.891521,120.010457,kidneybeans
6,65,24,23.314478,24.174413,5.897329,112.879753,kidneybeans
7,65,24,22.78058,24.169203,5.867602,103.760032,kidneybeans
7,63,24,22.954582,24.035531,5.858618,107.731539,kidneybeans
38,63,24,17.734678,19.329596,5.950594,125.864805,kidneybeans
7,62,24,22.348508,23.548076,5.826246,106.278784,kidneybeans
22,60,24,18.782263,20.247683,5.630665,104.257072,kidneybeans
22,60,24,18.782263,24.969699,5.659255,100.049718,kidneybeans
25,60,24,21.637196,20.700707,5.864249,132.770232,kidneybeans
26,60,24,19.370636,18.284232,5.721302,143.987459,kidneybeans
29,60,24,19.615497,18.117525,5.731409,142.920404,kidneybeans
3,59,24,21.351357,19.907905,5.52088,146.454864,kidneybeans
22,59,24,18.782263,20.247683,5.972292,104.257072,kidneybeans
27,59,24,19.469711,18.283537,5.728777,143.925085,kidneybeans
13,58,24,19.727025,18.28173,5.685972,128.256862,kidneybeans
27,58,24,19.860169,19.954977,5.823046,109.965102,kidneybeans
28,58,24,19.727025,18.28173,5.74819,143.763089,kidneybeans
29,55,24,22.847229,21.798273,5.865992,108.587514,kidneybeans
27,80,23,19.070962,24.253862,5.788387,86.219176,kidneybeans
7,79,23,19.636535,19.687511,5.82165,96.658889,kidneybeans
27,79,23,19.928895,21.799921,5.877348,139.752154,kidneybeans
12,78,23,16.065228,18.724797,5.998125,88.066388,kidneybeans
9,77,23,24.513248,24.452026,5.670063,64.194979,kidneybeans
16,77,23,18.491211,23.827443,5.695506,86.523449,kidneybeans
17,77,23,21.32776,20.815276,5.670063,109.101326,kidneybeans
17,77,23,24.513248,20.815276,5.670063,64.194979,kidneybeans
17,77,23,24.383566,20.84313,5.678319,64.190211,kidneybeans
19,77,23,24.513248,20.815276,5.625096,64.194979,kidneybeans
23,77,23,16.612674,19.638498,5.533548,94.887435,kidneybeans
12,76,23,17.693579,19.99005,5.919769,87.347749,kidneybeans
17,76,23,24.730944,20.117851,5.732545,64.077257,kidneybeans
18,76,23,21.093463,19.361643,5.502999,109.848188,kidneybeans
6,72,23,19.928895,21.799921,5.961934,64.026408,kidneybeans
27,72,23,19.928895,21.799921,5.961934,64.026408,kidneybeans
36,70,23,17.160694,24.325991,5.592531,76.183918,kidneybeans
36,70,23,17.040871,24.532616,5.587992,75.949067,kidneybeans
7,69,23,17.916523,19.687511,5.932323,69.14681,kidneybeans
35,69,23,16.787915,24.968818,5.57841,75.45328,kidneybeans
38,69,23,16.697603,24.969699,5.608746,72.339574,kidneybeans
9,68,23,20.123733,19.279078,5.783425,106.158201,kidneybeans
29,68,23,24.163844,19.279078,5.82738,116.732432,kidneybeans
29,68,23,24.07848,19.15414,5.797841,114.065376,kidneybeans
35,68,23,16.787915,23.772015,5.86443,81.834205,kidneybeans
28,66,23,21.539892,24.253862,5.996161,120.691304,kidneybeans
6,63,23,20.38855,18.09224,5.816683,118.870684,kidneybeans
27,63,23,18.391718,18.633145,5.891573,143.290731,kidneybeans
1,62,23,15.426214,18.427244,5.502999,141.102322,kidneybeans
1,62,23,15.435461,18.374779,5.607808,139.030203,kidneybeans
7,62,23,20.506756,18.09224,5.82972,120.831035,kidneybeans
3,60,23,16.90864,18.697325,5.638645,138.560231,kidneybeans
14,60,23,17.449353,21.286996,5.68692,129.409926,kidneybeans
22,60,23,20.125741,24.969699,5.659255,116.520692,kidneybeans
25,60,23,24.513248,21.179197,5.670063,64.194979,kidneybeans
34,60,23,20.125741,24.969699,5.659255,100.049718,kidneybeans
34,60,23,20.125741,24.969699,5.659255,100.049718,kidneybeans
34,59,23,20.225279,24.596849,5.638444,100.565981,kidneybeans
25,57,23,19.670042,18.09224,5.767278,145.729401,kidneybeans
26,57,23,19.988606,20.120712,5.966873,106.973194,kidneybeans
10,55,23,21.188532,19.634386,5.728233,137.194863,kidneybeans
10,55,23,20.419679,20.165143,5.914018,134.971419,kidneybeans
5,80,22,16.711706,19.176514,5.972292,96.772858,kidneybeans
9,80,22,19.306073,23.963628,5.635994,96.772858,kidneybeans
24,80,22,21.351357,22.912449,5.635994,146.454864,kidneybeans
24,80,22,16.711706,19.176514,5.635994,96.772858,kidneybeans
23,79,22,17.240734,18.9072,5.581546,98.962996,kidneybeans
31,79,22,23.140627,22.311914,5.910084,64.000218,kidneybeans
7,78,22,19.367934,19.702539,5.871736,96.19527,kidneybeans
11,78,22,23.897568,22.74379,5.940547,112.661644,kidneybeans
17,78,22,24.513248,22.74379,5.670063,64.194979,kidneybeans
16,76,22,18.543109,23.738448,5.670712,85.819353,kidneybeans
21,75,22,15.902657,21.671477,5.998125,130.981547,kidneybeans
21,74,22,15.991494,22.790176,5.998125,125.735687,kidneybeans
27,74,22,19.684392,21.041145,5.989171,64.596248,kidneybeans
37,74,22,24.923601,20.700998,5.582178,62.708917,kidneybeans
20,73,22,15.467893,22.331959,5.976313,130.39008,kidneybeans
20,73,22,16.037686,22.331959,5.976313,130.39008,kidneybeans
14,72,22,24.295114,21.676053,5.819963,62.709272,kidneybeans
24,72,22,20.120043,22.898456,5.711439,104.625215,kidneybeans
24,72,22,19.522262,24.926072,5.951177,96.772858,kidneybeans
13,71,22,21.060704,22.606356,5.757744,85.861739,kidneybeans
27,69,22,17.916523,24.908147,5.932323,69.14681,kidneybeans
14,67,22,23.825767,24.754851,5.62469,84.641436,kidneybeans
24,67,22,20.120043,22.898456,5.618844,104.625215,kidneybeans
24,67,22,19.91419,22.758853,5.618307,104.291065,kidneybeans
21,66,22,20.074237,22.762757,5.602507,106.424049,kidneybeans
26,65,22,17.848066,18.77622,5.949949,143.098417,kidneybeans
37,64,22,17.481897,18.825197,5.954665,121.940137,kidneybeans
37,64,22,15.435461,18.374779,5.954665,121.940137,kidneybeans
6,62,22,20.530527,18.09224,5.824091,120.450929,kidneybeans
22,62,22,18.612435,20.528387,5.641144,102.715353,kidneybeans
27,62,22,21.681447,23.708054,5.890951,125.571263,kidneybeans
27,62,22,21.679907,23.71399,5.892095,125.518192,kidneybeans
25,60,22,21.631491,21.179197,5.887263,134.364995,kidneybeans
27,60,22,18.782263,20.247683,5.794159,130.060809,kidneybeans
34,60,22,17.661482,18.153028,5.635232,100.671176,kidneybeans
11,59,22,19.358248,23.204283,5.502999,132.339248,kidneybeans
14,59,22,22.913502,22.912449,5.77909,146.454864,kidneybeans
27,59,22,21.811676,23.205912,5.794159,130.060809,kidneybeans
31,59,22,22.367278,22.127773,5.896385,124.92932,kidneybeans
33,59,22,22.642369,21.593961,5.947,122.388602,kidneybeans
33,59,22,19.951054,24.070792,5.635742,99.021683,kidneybeans
24,58,22,21.305416,21.083501,5.998125,131.657358,kidneybeans
33,58,22,19.634382,19.350025,5.724613,103.884594,kidneybeans
3,57,22,21.706068,21.296896,5.803881,141.357772,kidneybeans
27,56,22,19.918531,20.700998,5.833011,108.643454,kidneybeans
30,56,22,22.230042,21.534255,5.998125,111.436128,kidneybeans
0,55,22,22.986669,20.579406,5.916779,143.858494,kidneybeans
10,55,22,21.312508,19.417159,5.659906,139.255083,kidneybeans
16,55,22,18.506928,23.616701,5.679224,109.225556,kidneybeans
30,55,22,23.44389,21.223425,5.734059,105.624996,kidneybeans
31,55,22,22.913502,21.339531,5.873172,109.225556,kidneybeans
24,80,21,16.954371,19.242648,5.667556,99.000468,kidneybeans
23,79,21,23.792509,19.111126,5.502999,99.320344,kidneybeans
16,78,21,24.337494,21.466627,5.696216,62.904227,kidneybeans
16,75,21,18.506928,23.616701,5.679224,87.051329,kidneybeans
16,75,21,19.622078,18.671709,5.679224,87.051329,kidneybeans
5,74,21,16.244692,21.357939,5.591704,66.970533,kidneybeans
25,74,21,20.126586,22.155958,5.963461,65.033124,kidneybeans
5,73,21,16.603181,21.783046,5.502999,65.064475,kidneybeans
5,73,21,16.129217,21.716809,5.502999,64.391233,kidneybeans
7,73,21,16.130271,21.686555,5.555177,67.404592,kidneybeans
17,73,21,17.859041,23.862712,5.502999,84.790556,kidneybeans
5,72,21,16.668752,20.587122,5.635074,67.737607,kidneybeans
11,72,21,16.244692,21.357939,5.591704,113.334026,kidneybeans
13,72,21,24.339493,21.007584,5.806775,60.649481,kidneybeans
13,72,21,24.321166,21.027867,5.821194,60.275525,kidneybeans
16,72,21,18.976929,24.044074,5.674128,89.558755,kidneybeans
20,72,21,15.700551,22.586985,5.762062,128.018952,kidneybeans
29,72,21,19.955747,21.466497,5.942952,64.057398,kidneybeans
22,71,21,18.506928,19.386021,5.509295,107.690796,kidneybeans
14,70,21,24.923601,21.342806,5.998125,60.275525,kidneybeans
28,70,21,18.646916,24.211614,5.895825,68.475747,kidneybeans
28,69,21,18.49063,24.21536,5.903286,68.498544,kidneybeans
8,68,21,19.130741,23.819079,5.589878,127.387649,kidneybeans
24,68,21,19.794956,22.317967,5.600739,105.131855,kidneybeans
8,67,21,19.646802,22.329794,5.656267,126.869994,kidneybeans
24,67,21,19.805038,22.616378,5.645243,105.113185,kidneybeans
9,65,21,19.296705,18.829401,5.839336,118.439918,kidneybeans
1,63,21,15.411193,18.09224,5.608377,141.965728,kidneybeans
9,63,21,19.085654,24.969699,5.64828,72.045333,kidneybeans
2,62,21,22.313912,23.351924,5.929887,77.277406,kidneybeans
5,61,21,20.719333,18.139854,5.850795,123.497261,kidneybeans
11,61,21,18.623288,23.024103,5.945466,135.337803,kidneybeans
11,61,21,18.623288,23.024103,5.532101,135.337803,kidneybeans
11,61,21,18.458464,22.754784,5.549163,134.552592,kidneybeans
21,61,21,19.19029,21.934816,5.83967,63.820354,kidneybeans
33,61,21,21.154346,24.063787,5.619832,100.211771,kidneybeans
33,60,21,22.892702,22.381608,5.933064,120.80759,kidneybeans
35,60,21,22.622451,21.539276,5.92557,121.415111,kidneybeans
11,58,21,20.270762,19.550915,5.724636,137.590532,kidneybeans
15,58,21,19.731874,20.63463,5.830557,60.740716,kidneybeans
17,57,21,19.88394,20.315641,5.789214,60.919748,kidneybeans
18,57,21,19.769943,19.936394,5.789994,60.395147,kidneybeans
25,57,21,17.304512,20.492223,5.5526,88.701982,kidneybeans
27,57,21,19.993488,20.853511,5.655586,95.434973,kidneybeans
28,56,21,19.484505,19.796736,5.5834,96.003529,kidneybeans
30,56,21,23.064557,21.850778,5.890584,106.722055,kidneybeans
25,55,21,19.403218,20.322752,5.528184,93.340751,kidneybeans
22,80,20,22.559106,19.413892,5.658751,100.687515,kidneybeans
22,80,20,23.008847,18.86881,5.669561,100.118612,kidneybeans
22,80,20,23.008847,18.28173,5.669561,100.118612,kidneybeans
25,80,20,17.307843,19.690568,5.674501,94.106155,kidneybeans
18,79,20,20.275147,23.23536,5.877348,139.752154,kidneybeans
22,79,20,20.275147,19.386021,5.877348,139.752154,kidneybeans
40,78,20,18.925041,19.885627,5.653795,80.789393,kidneybeans
40,78,20,19.185728,20.833983,5.669236,80.152934,kidneybeans
18,76,20,19.666476,23.727296,5.763439,141.6996,kidneybeans
10,75,20,18.092802,19.186796,5.869187,87.981971,kidneybeans
6,74,20,16.273842,20.806799,5.616247,67.765069,kidneybeans
11,73,20,18.953646,24.062561,5.998125,114.92896,kidneybeans
13,73,20,23.531301,20.767172,5.986475,62.502037,kidneybeans
39,73,20,21.617175,19.62283,5.783489,62.160493,kidneybeans
40,73,20,21.59343,20.318712,5.811314,61.13872,kidneybeans
11,72,20,19.522262,24.926072,5.951177,113.334026,kidneybeans
9,71,20,19.131717,24.569795,5.502999,125.404157,kidneybeans
9,69,20,19.278465,23.92564,5.589157,129.587246,kidneybeans
9,69,20,19.306073,23.963628,5.591561,129.344933,kidneybeans
9,68,20,19.001984,23.552174,5.619652,129.674654,kidneybeans
29,68,20,24.163844,20.51347,5.82738,116.732432,kidneybeans
30,68,20,24.467701,18.292421,5.502999,148.776919,kidneybeans
36,68,20,17.061045,23.772015,5.86443,81.834205,kidneybeans
9,67,20,19.144946,23.741914,5.577529,130.75916,kidneybeans
27,67,20,18.878898,24.168882,5.784334,70.997071,kidneybeans
11,66,20,18.810973,24.926072,5.889615,113.334026,kidneybeans
30,66,20,18.939556,23.838223,5.589176,74.099987,kidneybeans
23,65,20,23.04291,22.42611,5.83394,108.368432,kidneybeans
23,65,20,23.058429,22.439562,5.837831,108.331362,kidneybeans
2,63,20,22.139747,21.145441,5.955617,95.170281,kidneybeans
6,63,20,20.845554,18.24753,5.840945,115.966131,kidneybeans
24,63,20,23.182317,22.217488,5.797079,110.970413,kidneybeans
25,63,20,15.896582,21.041209,5.51908,95.715349,kidneybeans
25,63,20,23.461683,23.221976,5.645436,95.170281,kidneybeans
25,63,20,15.786014,21.145441,5.502999,95.170281,kidneybeans
2,62,20,21.751526,23.205685,5.998125,77.122019,kidneybeans
4,62,20,20.463137,18.09224,5.831267,120.316919,kidneybeans
11,62,20,18.511471,22.283082,5.533308,133.76311,kidneybeans
17,62,20,19.612444,20.445349,5.696844,145.565802,kidneybeans
2,61,20,22.139747,23.022511,5.955617,76.641283,kidneybeans
7,61,20,20.847147,23.536877,5.817575,72.899556,kidneybeans
25,61,20,21.06833,22.704793,5.578869,134.870901,kidneybeans
27,61,20,21.280638,21.985623,5.653797,131.955213,kidneybeans
28,61,20,19.917601,21.163929,5.645709,141.334931,kidneybeans
9,59,20,23.380026,21.988794,5.744118,129.344933,kidneybeans
11,59,20,18.613042,22.934852,5.553213,134.934849,kidneybeans
35,59,20,22.649062,22.500735,5.922744,121.655765,kidneybeans
26,58,20,18.257031,20.695893,5.531233,95.015971,kidneybeans
35,58,20,23.314482,23.255242,5.735509,84.895675,kidneybeans
14,57,20,19.359316,21.656721,5.758866,66.005008,kidneybeans
27,56,20,19.259754,20.51347,5.54269,94.953353,kidneybeans
9,80,19,21.821773,18.09224,5.916528,125.779271,kidneybeans
9,80,19,21.806196,18.570866,5.945466,125.097269,kidneybeans
18,78,19,22.170406,22.205452,5.850638,66.333385,kidneybeans
27,78,19,18.633987,23.860246,5.632733,103.229345,kidneybeans
19,77,19,18.67908,22.882421,5.712542,86.797343,kidneybeans
19,76,19,18.674036,22.903932,5.711566,86.804784,kidneybeans
34,76,19,16.765131,21.227119,5.770135,85.84011,kidneybeans
22,75,19,20.345578,22.55036,5.965153,66.148319,kidneybeans
10,74,19,19.792594,24.713011,5.875781,110.108847,kidneybeans
40,73,19,21.991493,20.068555,5.783925,61.326409,kidneybeans
18,71,19,22.379025,20.79855,5.677488,145.848825,kidneybeans
12,70,19,21.194839,22.544821,5.706689,83.324222,kidneybeans
13,70,19,17.76879,21.038045,5.882052,114.811388,kidneybeans
22,70,19,18.237757,21.076433,5.515615,69.449516,kidneybeans
23,70,19,16.517835,21.076433,5.515615,69.449516,kidneybeans
13,69,19,17.308445,20.017309,5.863904,115.199245,kidneybeans
27,69,19,17.308445,20.017309,5.961934,64.026408,kidneybeans
25,68,19,17.15433,19.870707,5.566523,87.996697,kidneybeans
32,68,19,24.62835,18.183252,5.514234,149.744103,kidneybeans
33,68,19,24.797373,19.266524,5.502999,149.685147,kidneybeans
36,68,19,16.927744,24.324272,5.856361,80.534479,kidneybeans
14,66,19,24.280412,24.969699,5.62554,84.214271,kidneybeans
26,66,19,23.134433,22.508543,5.822271,108.667041,kidneybeans
34,65,19,18.634308,20.741512,5.877143,126.384954,kidneybeans
26,64,19,20.477892,21.295764,5.600785,132.930435,kidneybeans
21,63,19,15.744885,18.7223,5.981725,109.173611,kidneybeans
22,63,19,16.924041,20.922058,5.502999,97.965889,kidneybeans
25,63,19,15.962623,20.912164,5.532458,94.366286,kidneybeans
27,63,19,20.888544,20.890758,5.564693,135.058303,kidneybeans
27,63,19,20.934099,21.189301,5.562202,133.191442,kidneybeans
10,62,19,19.240427,23.951515,5.675612,67.043521,kidneybeans
23,62,19,16.517835,20.45556,5.609435,98.777942,kidneybeans
23,62,19,16.494919,20.477162,5.606102,98.664975,kidneybeans
28,62,19,16.517835,18.28173,5.609435,143.763089,kidneybeans
11,61,19,19.752736,23.972377,5.700699,69.731533,kidneybeans
12,61,19,19.331626,24.13995,5.945466,125.097269,kidneybeans
12,61,19,19.331626,24.13995,5.655727,68.512534,kidneybeans
24,60,19,16.777971,20.216529,5.591897,94.371624,kidneybeans
34,60,19,23.849405,22.37055,5.957682,90.219696,kidneybeans
23,59,19,21.985608,24.873048,5.852047,129.56506,kidneybeans
5,58,19,19.827142,23.81273,5.800133,76.339229,kidneybeans
25,57,19,17.15433,19.870707,5.566523,87.996697,kidneybeans
7,56,19,18.845079,24.366572,5.628837,76.991729,kidneybeans
32,56,19,15.657135,23.668389,5.716381,110.019229,kidneybeans
33,56,19,15.900504,23.43846,5.549895,105.491088,kidneybeans
7,55,19,18.744943,24.930753,5.648118,76.054049,kidneybeans
27,55,19,19.250124,20.955742,5.554447,95.770336,kidneybeans
21,80,18,22.747394,18.09224,5.737944,100.639155,kidneybeans
26,80,18,19.325096,23.333479,5.581022,104.778395,kidneybeans
26,80,18,18.881464,22.749794,5.518011,100.888012,kidneybeans
21,79,18,21.316663,20.155355,5.855676,115.285556,kidneybeans
8,76,18,20.020449,24.954892,5.78031,108.068388,kidneybeans
9,76,18,20.001598,24.548286,5.817489,107.615333,kidneybeans
10,75,18,19.350312,23.233712,5.805535,108.641973,kidneybeans
31,75,18,15.467893,21.437807,5.824208,88.887961,kidneybeans
29,74,18,15.521315,20.965942,5.859685,90.332343,kidneybeans
37,72,18,18.87615,24.540383,5.724242,105.412051,kidneybeans
23,71,18,18.213621,19.734158,5.502999,106.252105,kidneybeans
31,71,18,23.265982,18.316177,5.594564,148.223603,kidneybeans
23,69,18,18.093648,21.615782,5.502999,70.404263,kidneybeans
25,69,18,19.782509,20.122373,5.71649,105.83166,kidneybeans
6,67,18,21.280825,19.065512,5.865118,107.885765,kidneybeans
28,66,18,19.957624,23.325797,5.502999,70.637566,kidneybeans
29,66,18,20.338222,23.359455,5.580919,71.802827,kidneybeans
27,65,18,20.109938,23.223238,5.595032,73.363865,kidneybeans
29,65,18,19.94952,22.828622,5.586139,71.9506,kidneybeans
12,64,18,18.595436,19.661171,5.707744,138.68612,kidneybeans
12,64,18,19.027275,23.732763,5.599955,137.036395,kidneybeans
21,64,18,16.379284,19.741403,5.929657,107.825978,kidneybeans
22,64,18,18.777694,20.550974,5.919626,108.354179,kidneybeans
30,64,18,19.957123,21.230268,5.712864,129.461151,kidneybeans
29,63,18,20.111189,24.937858,5.518628,137.904668,kidneybeans
23,59,18,21.953017,24.155913,5.840526,130.022459,kidneybeans
28,59,18,21.157458,21.121358,5.535359,97.418452,kidneybeans
34,59,18,23.380026,21.988794,5.77909,146.454864,kidneybeans
34,59,18,23.380026,21.988794,5.744118,87.668987,kidneybeans
35,59,18,23.755704,22.706529,5.556516,86.48334,kidneybeans
32,57,18,15.538348,23.755602,5.695423,107.385059,kidneybeans
7,56,18,18.594191,24.23403,5.717238,76.178191,kidneybeans
7,56,18,18.313575,24.329916,5.698371,76.141539,kidneybeans
27,80,17,19.552152,18.09224,5.846854,144.172926,kidneybeans
28,80,17,19.622078,18.671709,5.80942,144.156745,kidneybeans
28,80,17,18.982414,22.649762,5.592155,106.519545,kidneybeans
29,80,17,19.54165,18.10596,5.836872,141.447101,kidneybeans
22,79,17,21.424511,20.396597,5.91229,116.520692,kidneybeans
23,79,17,21.292534,21.465867,5.87917,117.241226,kidneybeans
9,78,17,19.403198,24.969699,5.629853,107.588546,kidneybeans
9,77,17,20.123733,24.452026,5.783425,106.158201,kidneybeans
17,77,17,18.4167,23.428299,5.670063,132.980105,kidneybeans
17,77,17,24.513248,24.452026,5.670063,106.158201,kidneybeans
21,77,17,20.832955,19.703635,5.978964,119.46015,kidneybeans
29,77,17,16.968607,21.343307,5.809288,87.776385,kidneybeans
30,76,17,16.184336,21.392693,5.817086,88.357293,kidneybeans
31,76,17,15.784098,20.769759,5.998125,87.297501,kidneybeans
31,76,17,17.742058,21.251478,5.792415,86.925064,kidneybeans
32,74,17,15.562927,21.391152,5.828148,89.96738,kidneybeans
38,74,17,18.809806,24.969699,5.762386,102.672739,kidneybeans
21,73,17,17.473792,18.817937,5.569073,109.091643,kidneybeans
21,73,17,18.359888,19.552638,5.546532,107.912314,kidneybeans
8,72,17,20.573412,19.752022,5.711439,87.878692,kidneybeans
13,72,17,17.136928,20.595417,5.711439,128.256862,kidneybeans
11,71,17,19.919179,21.473242,5.746448,82.685544,kidneybeans
22,71,17,18.153002,19.386021,5.509295,107.690796,kidneybeans
21,70,17,18.139886,18.593927,5.538904,108.871735,kidneybeans
34,70,17,19.731369,24.894874,5.819404,84.063541,kidneybeans
24,68,17,19.517017,19.149142,5.759651,106.596062,kidneybeans
21,67,17,16.90475,19.304334,5.756227,108.033561,kidneybeans
28,67,17,20.425578,22.470307,5.599711,73.016822,kidneybeans
35,67,17,18.299207,21.037374,5.763909,123.242817,kidneybeans
34,66,17,18.810973,21.27833,5.889615,125.084915,kidneybeans
21,65,17,16.430387,19.273291,5.850067,108.163819,kidneybeans
17,64,17,21.022633,24.938928,5.662798,124.614425,kidneybeans
17,64,17,21.022132,24.938963,5.662699,124.611847,kidneybeans
11,63,17,18.623288,23.024103,5.979974,135.337803,kidneybeans
12,63,17,18.358923,19.377034,5.717143,138.414764,kidneybeans
12,63,17,18.366188,19.388373,5.720736,138.355156,kidneybeans
21,63,17,21.022132,24.938963,5.979974,108.344141,kidneybeans
21,63,17,15.773702,19.230316,5.979974,108.344141,kidneybeans
21,63,17,15.798293,18.709999,5.792782,106.520818,kidneybeans
27,63,17,21.020763,21.027179,5.599018,132.236311,kidneybeans
40,62,17,16.399897,24.121098,5.95637,136.8995,kidneybeans
11,61,17,18.623288,21.473242,5.532101,135.337803,kidneybeans
21,61,17,15.640762,18.945041,5.894653,105.477438,kidneybeans
0,59,17,22.986669,20.579406,5.689858,143.858494,kidneybeans
13,59,17,17.308445,20.017309,5.689858,115.199245,kidneybeans
17,59,17,18.432621,23.315521,5.699671,133.021836,kidneybeans
17,59,17,18.4167,23.428299,5.689858,132.980105,kidneybeans
17,59,17,18.221654,24.110318,5.502999,132.339292,kidneybeans
28,79,16,19.012323,21.036859,5.763324,87.261437,kidneybeans
16,78,16,18.506928,23.616701,5.679224,87.051329,kidneybeans
18,78,16,20.533222,22.413207,5.943233,68.844806,kidneybeans
19,78,16,20.653758,23.105386,5.967533,67.717689,kidneybeans
20,78,16,20.327603,23.968045,5.863388,68.199178,kidneybeans
20,77,16,20.459267,22.627009,5.832656,66.6471,kidneybeans
22,77,16,22.667385,20.749434,5.751152,145.492135,kidneybeans
22,77,16,22.185384,20.793122,5.823826,114.613038,kidneybeans
32,77,16,20.523041,21.023623,5.753536,84.524718,kidneybeans
37,74,16,24.740712,18.934432,5.58823,61.021033,kidneybeans
8,72,16,20.764244,19.392721,5.719557,89.240482,kidneybeans
8,72,16,21.255395,19.117863,5.610586,85.131867,kidneybeans
21,70,16,21.358291,21.438128,5.766732,107.522902,kidneybeans
25,70,16,19.634743,18.907056,5.759237,106.359818,kidneybeans
26,70,16,19.657349,19.821953,5.746482,108.430119,kidneybeans
13,69,16,23.605066,21.905396,5.863904,115.199245,kidneybeans
17,66,16,21.072982,24.369651,5.502999,124.930564,kidneybeans
27,66,16,20.591716,24.24517,5.725669,142.87471,kidneybeans
5,65,16,21.32776,18.485229,5.866744,109.101326,kidneybeans
37,65,16,22.835202,18.972675,5.683548,63.592767,kidneybeans
40,65,16,16.240419,24.7387,5.998125,134.918605,kidneybeans
40,65,16,20.109938,23.223238,5.926677,73.363865,kidneybeans
5,64,16,21.471531,18.09224,5.998125,107.327741,kidneybeans
26,64,16,21.177174,20.435665,5.578882,133.957291,kidneybeans
27,64,16,20.396491,23.728778,5.529336,136.698661,kidneybeans
30,64,16,23.618915,21.164178,5.532522,100.831136,kidneybeans
36,64,16,22.70213,18.251462,5.502999,64.348948,kidneybeans
40,64,16,16.433403,24.240459,5.926677,140.371782,kidneybeans
30,63,16,23.605066,21.905396,5.525905,100.597873,kidneybeans
40,62,16,16.90715,23.655857,5.691254,144.536077,kidneybeans
13,59,16,18.557635,22.429973,5.776724,133.34951,kidneybeans
27,80,15,19.010223,21.425759,5.79705,88.562882,kidneybeans
27,80,15,19.070962,21.210923,5.788387,86.219176,kidneybeans
29,80,15,18.756294,20.403123,5.788835,84.786688,kidneybeans
31,80,15,23.94523,20.609466,5.694172,82.601503,kidneybeans
32,79,15,23.909101,20.746193,5.706199,81.602112,kidneybeans
14,77,15,20.611622,24.363141,5.792745,69.638339,kidneybeans
18,74,15,24.903582,22.275127,5.708366,146.472724,kidneybeans
18,74,15,24.513248,20.815276,5.670063,146.472724,kidneybeans
18,74,15,24.923601,21.891459,5.782041,141.929664,kidneybeans
37,74,15,24.923601,18.225908,5.582178,62.708917,kidneybeans
37,74,15,24.67817,18.380146,5.599066,62.593195,kidneybeans
38,73,15,24.923601,18.09224,5.599055,63.920438,kidneybeans
36,72,15,24.804134,18.292254,5.703954,61.911171,kidneybeans
14,69,15,19.806736,24.969699,5.686163,141.376923,kidneybeans
20,69,15,23.442607,22.772559,5.934136,107.413725,kidneybeans
20,69,15,17.308445,22.772559,5.863904,107.413725,kidneybeans
14,67,15,19.563765,24.673851,5.690066,139.2921,kidneybeans
19,67,15,18.09551,18.293184,5.690066,144.790232,kidneybeans
20,67,15,22.849808,22.808227,5.795422,109.096258,kidneybeans
0,65,15,23.461683,23.221976,5.645436,95.842534,kidneybeans
0,65,15,24.306416,23.590793,5.502999,92.687556,kidneybeans
27,65,15,20.253209,24.596936,5.520002,141.316135,kidneybeans
25,64,15,20.182719,24.79266,5.502999,138.183561,kidneybeans
27,64,15,20.160805,24.842076,5.514927,138.236212,kidneybeans
29,64,15,20.382858,24.709382,5.504888,139.485562,kidneybeans
14,60,15,20.80183,23.348199,5.55967,149.744103,kidneybeans
5,59,15,18.87493,20.182383,5.972292,134.181172,kidneybeans
14,59,15,21.351357,22.912449,5.77909,146.454864,kidneybeans
12,58,15,21.43231,23.670377,5.777208,146.250208,kidneybeans
7,56,15,18.17256,24.830142,5.673176,75.94324,kidneybeans
27,80,25,28.49161,61.100035,7.837017,48.79023,lentil
28,80,25,28.304851,61.07354,7.817068,47.7947,lentil
4,76,25,21.233578,66.598802,7.327698,42.699199,lentil
15,75,25,24.227173,60.249999,6.463213,45.026629,lentil
13,74,25,24.121926,61.095335,6.461619,44.236293,lentil
7,73,25,27.521856,63.132153,7.288057,45.208411,lentil
8,73,25,27.521856,63.132153,7.288057,45.208411,lentil
40,73,25,21.126956,63.132153,6.403684,38.718345,lentil
13,72,25,24.249699,62.687463,6.439405,45.349584,lentil
14,69,25,24.98874,60.920214,7.041538,48.058173,lentil
14,67,25,25.287106,60.859935,7.241152,49.3737,lentil
29,67,25,22.175,60.859935,7.241152,53.466226,lentil
37,67,25,26.286639,60.859935,7.241152,49.3737,lentil
7,64,25,19.793762,64.942899,6.825165,52.599693,lentil
13,62,25,18.959544,69.923759,7.328178,48.833975,lentil
29,60,25,26.881822,62.346001,7.070857,37.707582,lentil
13,59,25,21.845272,63.225992,6.797988,46.668498,lentil
12,58,25,21.581062,63.540863,6.786591,48.230977,lentil
18,58,25,27.304644,64.118798,6.146453,48.326467,lentil
28,58,25,27.481865,62.04815,6.86164,37.81124,lentil
26,56,25,22.978234,60.608727,7.028864,52.843958,lentil
27,80,24,28.420628,62.138738,7.815211,53.466226,lentil
27,80,24,28.420628,61.773363,7.815211,49.023668,lentil
12,74,24,24.052346,61.644817,6.507119,45.818264,lentil
7,72,24,27.373245,62.155588,7.270155,44.542986,lentil
13,71,24,24.815402,62.040392,6.518403,44.816345,lentil
13,71,24,24.799264,62.0184,6.517082,44.802847,lentil
25,71,24,25.599741,60.784416,7.436173,37.401264,lentil
26,68,24,28.048496,64.076919,7.504931,37.15825,lentil
26,68,24,28.008092,64.145293,7.491458,37.128353,lentil
0,67,24,29.293692,60.415308,7.554105,53.162509,lentil
0,67,24,27.946256,64.545665,7.841496,51.619312,lentil
1,67,24,25.404744,60.536577,6.551578,51.920573,lentil
19,67,24,25.842247,67.182992,6.351146,46.024406,lentil
12,66,24,27.41435,64.076919,7.336117,37.15825,lentil
14,66,24,24.833399,60.091166,7.28179,48.929258,lentil
0,65,24,28.495844,62.446162,7.841496,53.14531,lentil
7,65,24,19.925729,63.275925,7.087614,51.702133,lentil
13,65,24,18.297836,69.689762,6.978362,49.391115,lentil
40,65,24,25.545459,69.763164,7.70043,38.836707,lentil
8,64,24,19.519294,64.372201,6.824365,54.939377,lentil
7,63,24,19.557508,64.452683,6.818681,53.046694,lentil
13,61,24,18.297836,69.689762,7.62991,49.391115,lentil
13,60,24,18.51358,69.448166,7.692374,52.531459,lentil
13,60,24,19.512659,67.472066,7.325226,49.758203,lentil
31,60,24,25.404744,65.856754,7.722336,51.920573,lentil
28,58,24,26.805691,61.673361,7.045007,37.749735,lentil
2,78,23,21.318521,66.439346,7.320515,45.426168,lentil
31,78,23,18.092058,68.467518,6.311068,48.045718,lentil
11,71,23,25.071546,61.077327,7.128518,40.303675,lentil
26,70,23,28.263428,63.952304,7.526469,35.874302,lentil
3,69,23,28.852413,64.155172,7.18967,44.297883,lentil
3,69,23,28.674088,63.18833,7.299361,42.960186,lentil
18,68,23,25.785899,69.097839,6.559154,48.598903,lentil
12,67,23,25.558087,63.112263,6.592239,45.597628,lentil
12,67,23,25.628962,63.149098,6.58502,45.49684,lentil
14,67,23,25.111844,61.842212,7.226645,50.671719,lentil
19,67,23,27.81613,63.313732,7.399779,53.134177,lentil
2,66,23,27.41435,66.439346,7.320515,45.426168,lentil
16,66,23,26.000326,67.102307,6.352755,48.825366,lentil
26,66,23,18.064861,65.103435,6.300479,50.433061,lentil
39,65,23,25.434598,69.126134,7.685959,41.026829,lentil
6,64,23,23.269962,67.329094,7.057842,36.191207,lentil
6,64,23,23.335652,67.404607,7.065264,36.186787,lentil
7,63,23,19.318551,64.661114,6.813676,52.02096,lentil
8,63,23,23.393584,68.021122,7.104187,37.787121,lentil
37,63,23,24.14794,63.101035,7.682052,50.599697,lentil
12,62,23,18.329921,69.576067,7.617494,49.462393,lentil
6,61,23,23.129106,68.121719,7.12557,36.131297,lentil
35,61,23,24.37018,62.692884,7.479614,50.321646,lentil
11,58,23,22.256986,63.684618,6.699065,50.483369,lentil
12,58,23,21.746001,63.395032,6.765091,50.433061,lentil
29,58,23,24.372798,63.473442,7.410286,52.219927,lentil
25,57,23,23.333132,60.091166,7.05239,52.155218,lentil
28,57,23,23.770624,62.082704,7.228195,52.39461,lentil
19,56,23,27.280242,64.603765,6.174165,49.382063,lentil
2,80,22,22.06759,66.36708,7.289081,46.445672,lentil
28,80,22,18.076536,69.368755,6.231802,48.124438,lentil
2,79,22,18.287661,69.485151,6.254217,52.557301,lentil
30,79,22,18.287661,69.485151,6.254217,48.604494,lentil
32,79,22,27.601955,63.461707,5.916454,54.378142,lentil
33,79,22,24.282038,63.306655,7.021055,51.98733,lentil
32,78,22,23.970814,62.355576,7.007038,53.40906,lentil
33,78,22,27.532763,63.231288,5.916454,54.939377,lentil
26,77,22,28.234829,69.315996,6.313284,35.368314,lentil
38,77,22,28.234829,69.315996,6.313284,35.368314,lentil
34,76,22,27.525265,60.977906,6.87441,41.944142,lentil
2,75,22,23.892719,61.787794,6.658605,52.557301,lentil
15,75,22,28.859665,62.972092,7.035614,35.034848,lentil
35,74,22,26.723001,63.395032,6.898906,50.433061,lentil
35,74,22,26.649472,63.502935,6.915826,43.632188,lentil
35,74,22,26.723001,62.968418,6.898906,42.872749,lentil
29,68,22,25.096786,60.106302,7.634897,37.900408,lentil
0,67,22,29.821121,69.407321,6.593798,51.564611,lentil
1,67,22,27.927038,62.011412,7.840081,52.47745,lentil
22,67,22,29.030176,64.491666,7.475927,54.939377,lentil
22,67,22,20.971953,63.831799,7.630424,53.102079,lentil
16,66,22,25.879903,67.55109,6.347379,47.896452,lentil
18,66,22,25.879903,67.55109,6.347379,47.896452,lentil
26,66,22,18.064861,65.103435,6.300479,53.40906,lentil
26,66,22,18.331193,65.625316,6.257149,52.278441,lentil
26,66,22,18.064861,65.103435,6.300479,51.549228,lentil
26,66,22,18.067134,65.011538,6.292775,51.516694,lentil
18,65,22,25.447478,68.687253,6.424238,47.669529,lentil
27,65,22,21.700526,63.488504,6.240253,46.689428,lentil
26,64,22,18.064861,64.229738,6.189823,52.52387,lentil
9,62,22,24.020379,66.772921,6.261938,49.781026,lentil
13,62,22,18.064861,69.923759,7.627561,50.262101,lentil
36,62,22,23.411459,63.567854,7.189283,50.321605,lentil
36,62,22,23.884155,61.808202,7.437636,49.743337,lentil
37,62,22,23.879449,61.578565,7.379161,49.918246,lentil
37,62,22,24.020379,61.623133,7.397546,49.781026,lentil
37,62,22,18.287661,61.623133,7.397546,49.781026,lentil
38,62,22,24.00984,60.091166,7.438919,49.7497,lentil
40,62,22,21.88239,66.500256,7.144395,43.571159,lentil
13,61,22,19.260574,64.288992,7.713231,47.235023,lentil
13,61,22,19.440843,63.277715,7.728832,46.831301,lentil
40,61,22,20.949818,65.810876,7.002216,44.23913,lentil
1,59,22,27.521354,67.898153,6.766607,46.907251,lentil
12,59,22,23.535142,67.635528,6.788342,45.519814,lentil
14,59,22,24.220827,67.45915,6.698887,47.191848,lentil
14,59,22,23.827235,67.898153,6.766607,46.907251,lentil
14,59,22,23.758724,67.696378,6.75897,45.806243,lentil
26,57,22,23.074393,60.093066,7.021334,54.482451,lentil
24,56,22,24.255959,61.402765,6.773143,51.732107,lentil
26,56,22,23.052764,60.424786,7.011121,52.602853,lentil
28,56,22,23.120361,60.476841,7.034987,48.610599,lentil
10,79,21,25.035649,66.66381,6.39703,38.464342,lentil
30,79,21,18.064861,69.923759,6.367254,46.978456,lentil
2,78,21,24.295468,60.091166,6.679963,50.793946,lentil
28,78,21,25.390384,68.652577,6.88713,39.183745,lentil
34,78,21,22.929141,69.011773,6.755803,50.073052,lentil
3,76,21,24.440938,61.352005,6.484917,51.569525,lentil
6,76,21,25.246135,60.094382,5.916454,50.770374,lentil
6,76,21,26.166324,60.904299,6.326933,48.283817,lentil
32,76,21,23.317654,64.637859,7.134602,53.527438,lentil
2,72,21,26.575975,60.978766,7.83672,50.891107,lentil
28,70,21,26.341648,60.091166,7.491928,39.751999,lentil
28,70,21,25.390384,60.498966,7.437374,39.183745,lentil
0,69,21,25.869282,61.883211,7.072923,36.68284,lentil
28,68,21,25.947066,62.050368,7.285417,39.691755,lentil
0,67,21,29.727213,68.497839,6.591874,50.287349,lentil
1,67,21,27.521354,60.536577,6.551578,48.064913,lentil
2,67,21,27.048056,60.833907,6.575716,47.943381,lentil
26,67,21,18.308783,65.510831,6.308394,52.714725,lentil
28,67,21,21.797926,63.730861,6.250994,46.623702,lentil
13,66,21,27.273234,63.586177,7.326829,44.195306,lentil
27,66,21,21.610352,63.522977,6.292918,46.210983,lentil
37,63,21,22.142906,64.569473,6.494385,44.796708,lentil
4,61,21,24.84064,60.091166,6.750205,48.777904,lentil
18,61,21,26.785178,65.366487,6.231573,48.850461,lentil
9,60,21,29.944139,67.313231,7.52178,40.371137,lentil
4,59,21,25.105706,60.091166,6.760724,48.252913,lentil
6,59,21,26.589725,66.140077,6.139216,50.909945,lentil
14,58,21,21.930298,64.180506,6.762815,52.080792,lentil
4,57,21,27.376596,60.091166,6.750205,49.473718,lentil
18,57,21,27.345396,63.093974,6.005814,50.064896,lentil
18,57,21,27.376596,63.939278,6.155916,49.473718,lentil
10,79,20,24.982875,66.895409,6.379881,38.213706,lentil
14,79,20,24.982875,63.681288,7.239455,52.398812,lentil
36,79,20,24.982875,66.895409,6.924042,38.213706,lentil
3,77,20,21.717313,65.846925,6.793732,51.575764,lentil
6,77,20,25.787463,60.28163,6.058306,49.143372,lentil
6,77,20,25.836525,60.362265,6.093093,49.03206,lentil
9,77,20,19.134577,63.583371,6.590571,36.46947,lentil
15,77,20,25.131636,66.926424,7.399749,49.040156,lentil
16,77,20,18.130278,68.70533,6.078724,51.023728,lentil
34,77,20,23.439747,66.926424,5.942392,45.402773,lentil
37,77,20,25.93382,68.70533,7.080506,51.023728,lentil
3,76,20,24.380419,62.106524,6.868882,36.501137,lentil
14,76,20,29.059412,62.106524,7.042475,36.501137,lentil
15,75,20,25.131636,64.002139,7.399749,48.281375,lentil
0,71,20,26.277641,63.730818,6.965495,37.652486,lentil
1,69,20,26.56927,60.091166,6.513459,46.515915,lentil
28,69,20,21.881052,64.807864,6.431321,48.248317,lentil
2,68,20,25.876053,61.946041,7.068157,35.034848,lentil
28,68,20,21.90054,63.297593,6.294385,48.485774,lentil
36,67,20,20.390783,60.475289,6.924042,53.315086,lentil
12,66,20,27.41435,63.41786,7.336117,44.431775,lentil
23,66,20,18.084981,64.289954,6.232275,51.261233,lentil
37,65,20,20.855497,60.154267,6.758717,53.959668,lentil
6,64,20,23.335652,66.895409,6.379881,36.186787,lentil
13,64,20,19.134577,62.575269,6.590571,36.46947,lentil
5,63,20,18.164758,69.369956,6.863101,48.154374,lentil
13,62,20,18.746352,63.10906,6.846375,36.520978,lentil
4,61,20,24.405985,60.168108,6.877117,47.196151,lentil
6,60,20,26.993427,63.919746,6.009811,49.525504,lentil
33,60,20,23.073563,61.583546,7.610103,48.580723,lentil
38,60,20,29.848231,60.638726,7.491217,46.804526,lentil
9,59,20,29.555096,67.915101,7.444805,38.667615,lentil
12,58,20,25.618073,68.218046,7.007374,46.563005,lentil
36,57,20,27.376596,60.475289,6.155916,49.473718,lentil
4,80,19,29.154798,68.25771,7.461438,43.992511,lentil
12,80,19,22.635466,65.612792,6.060615,36.600418,lentil
12,80,19,22.034641,65.284504,5.978898,36.187493,lentil
12,80,19,21.91041,65.216625,5.962001,36.102114,lentil
34,80,19,23.439747,63.220117,7.441977,44.932619,lentil
39,80,19,20.86602,63.27283,6.433265,36.436705,lentil
18,79,19,20.365845,67.341773,6.559054,41.772436,lentil
19,79,19,20.06004,67.762526,6.677263,42.895091,lentil
31,79,19,18.449018,68.274404,6.27526,46.869145,lentil
5,78,19,26.717027,62.392007,6.435672,47.994982,lentil
10,78,19,20.311027,63.857194,6.319753,42.467094,lentil
38,78,19,25.904474,69.923759,7.12156,49.524017,lentil
33,77,19,23.439747,63.220117,5.942392,40.745368,lentil
12,74,19,26.723001,65.216625,5.962001,36.102114,lentil
6,73,19,25.172943,61.258231,6.345208,48.316168,lentil
9,71,19,24.910796,66.772921,7.142611,46.482807,lentil
11,71,19,24.88471,64.214023,7.197576,41.949037,lentil
12,71,19,24.910796,60.713674,7.142611,42.197404,lentil
12,71,19,24.897869,62.448337,7.16985,42.074321,lentil
12,71,19,25.226268,62.742101,7.3978,41.075963,lentil
1,70,19,27.708281,63.919682,7.403036,51.126108,lentil
10,70,19,24.7172,61.377756,6.982688,44.074902,lentil
10,70,19,24.849184,68.980884,7.272428,41.610805,lentil
10,70,19,25.431126,69.718366,7.382826,40.715457,lentil
11,70,19,24.871136,66.035295,7.226174,41.819809,lentil
1,69,19,25.988254,61.887306,7.084657,36.829287,lentil
6,69,19,24.480418,62.337782,6.721496,49.104107,lentil
14,69,19,20.956285,63.681288,7.239455,52.398812,lentil
25,69,19,26.390978,61.670578,7.571106,38.439265,lentil
10,68,19,25.6631,69.038933,7.399741,42.989007,lentil
35,68,19,20.701751,60.268115,7.028738,53.21733,lentil
14,67,19,20.140858,62.789686,7.48982,51.577388,lentil
35,67,19,21.155417,61.69236,6.735073,52.639793,lentil
4,66,19,18.064861,68.297374,6.995044,51.130729,lentil
26,66,19,18.064861,65.103435,6.300479,45.402773,lentil
5,65,19,18.280722,68.103654,6.978362,48.802533,lentil
12,65,19,19.470244,62.521291,6.57909,35.46855,lentil
16,65,19,27.61205,69.297862,7.04316,42.723744,lentil
34,65,19,23.439747,63.220117,5.942392,45.402773,lentil
13,64,19,19.134577,62.575269,6.590571,49.552133,lentil
16,64,19,27.069296,66.647527,7.295467,41.070738,lentil
15,63,19,27.003215,66.963423,7.172658,42.716821,lentil
32,60,19,24.779965,64.463777,7.046045,50.737884,lentil
4,59,19,26.250703,67.627797,7.621495,40.81063,lentil
4,59,19,26.250703,67.627797,7.621495,40.81063,lentil
25,59,19,22.921077,65.338282,6.24808,36.304963,lentil
33,59,19,23.193053,62.747108,7.641024,49.552133,lentil
33,59,19,22.80893,63.125195,7.579275,49.124972,lentil
36,59,19,29.406768,60.51053,7.109218,46.389057,lentil
34,57,19,23.617336,60.592491,7.349208,49.410199,lentil
20,56,19,26.004615,65.506527,6.293923,49.575386,lentil
32,56,19,20.048373,66.964463,7.172564,48.19011,lentil
5,79,18,27.746757,64.729789,6.853701,46.722845,lentil
3,78,18,20.213682,68.652577,6.88713,50.89733,lentil
3,78,18,20.295108,68.489464,6.91907,50.49411,lentil
3,78,18,24.020379,61.623133,6.88713,49.781026,lentil
4,78,18,20.477704,69.227205,6.87131,48.62141,lentil
9,78,18,22.968411,64.888447,6.319797,38.130622,lentil
10,78,18,18.541418,62.706376,6.296977,44.078197,lentil
10,78,18,19.129147,64.076781,6.503444,43.835378,lentil
40,78,18,21.317533,62.591089,6.432368,37.682767,lentil
1,77,18,20.154903,67.542783,6.87848,52.00407,lentil
10,77,18,18.520755,63.792261,6.588414,43.049027,lentil
10,77,18,18.064861,66.2078,7.593195,39.305978,lentil
11,77,18,25.10664,62.895292,6.635633,37.342572,lentil
36,77,18,26.019324,68.30814,7.091856,49.554968,lentil
22,76,18,23.408404,65.147117,7.039497,46.641338,lentil
2,74,18,26.58815,60.091166,7.672929,52.021082,lentil
11,74,18,18.434103,67.368433,7.746553,39.081024,lentil
0,73,18,23.385853,64.700288,7.242572,43.452062,lentil
30,73,18,22.282189,63.199611,6.501084,51.398306,lentil
2,72,18,26.575975,60.978766,7.83672,50.891107,lentil
14,72,18,20.611701,65.044753,7.187144,51.063543,lentil
28,72,18,26.575975,60.978766,7.437374,39.183745,lentil
3,71,18,25.804816,61.516703,7.439946,49.611077,lentil
28,71,18,22.175,60.268542,6.410441,53.466226,lentil
29,71,18,22.175,62.138738,6.410441,53.466226,lentil
6,70,18,24.192012,64.182202,6.753154,48.573608,lentil
5,68,18,24.435665,61.532016,6.723783,46.156923,lentil
6,68,18,24.48681,62.442908,6.706338,47.285713,lentil
6,68,18,24.388717,62.504531,6.711341,47.260525,lentil
6,68,18,28.495844,62.504531,6.711341,47.260525,lentil
37,68,18,20.516719,61.619957,6.737732,51.515099,lentil
18,64,18,26.843273,68.955766,6.895805,42.337014,lentil
31,63,18,27.428797,64.572602,6.101902,51.638349,lentil
37,63,18,27.266194,62.807487,7.616585,48.906196,lentil
23,62,18,18.825979,60.457512,6.490676,42.866463,lentil
22,61,18,19.044982,61.096825,6.98731,42.778076,lentil
30,61,18,27.149111,67.026643,6.157783,52.508127,lentil
22,60,18,19.59221,61.286334,6.74398,41.770489,lentil
22,60,18,19.59221,61.286334,6.74398,41.770489,lentil
31,60,18,26.0833,65.873684,6.557386,51.711746,lentil
7,59,18,29.944139,68.046257,7.470369,38.913186,lentil
28,58,18,27.481865,62.706376,6.296977,37.81124,lentil
9,57,18,28.246785,68.812923,7.313512,42.479137,lentil
32,57,18,21.54242,64.371805,7.375681,47.716557,lentil
32,57,18,20.915142,64.989226,7.274844,47.018998,lentil
10,56,18,27.996279,68.642859,7.32711,46.105852,lentil
32,56,18,20.046771,65.843953,7.135252,46.053331,lentil
32,56,18,21.199334,65.056823,7.000463,45.957455,lentil
38,80,17,21.790256,63.048491,5.937552,42.724102,lentil
39,80,17,20.835687,61.812042,6.389493,39.344227,lentil
40,79,17,21.126956,63.187385,6.403684,38.718345,lentil
4,78,17,29.944139,67.387264,7.519998,45.935843,lentil
10,78,17,18.064861,66.81373,7.526718,37.83839,lentil
14,78,17,25.150146,67.817759,7.406784,49.293485,lentil
9,77,17,21.658458,63.583371,6.280726,38.076594,lentil
35,77,17,23.838955,66.448893,7.805535,39.632563,lentil
0,76,17,23.443246,61.939148,7.163192,45.656523,lentil
0,76,17,23.158217,64.682614,7.503961,45.560327,lentil
8,76,17,20.888537,69.398444,6.738526,48.396571,lentil
11,76,17,22.20194,69.923759,6.479269,46.283083,lentil
33,76,17,27.727207,63.368732,7.431952,43.239503,lentil
10,75,17,18.43966,68.05395,7.732195,39.009921,lentil
11,75,17,21.417737,69.923759,6.708043,46.953355,lentil
23,75,17,24.874255,64.002139,7.198076,48.281375,lentil
23,75,17,21.658458,63.583371,7.198076,38.076594,lentil
26,75,17,24.874255,65.103435,6.300479,48.281375,lentil
0,74,17,23.333759,64.505158,7.240988,47.015107,lentil
10,74,17,18.476647,67.308256,7.715474,38.767299,lentil
11,74,17,21.363838,69.923759,6.633865,46.635286,lentil
17,74,17,26.03027,69.558631,7.393211,37.113958,lentil
9,73,17,18.268213,68.301028,7.734582,35.034848,lentil
17,73,17,27.028374,69.541954,7.686619,37.083631,lentil
19,71,17,28.806678,69.923759,6.892711,42.970985,lentil
37,70,17,20.638443,64.51383,6.308992,50.454656,lentil
12,69,17,24.705279,60.832449,7.167573,41.617846,lentil
28,69,17,29.258928,65.61696,6.651244,36.103744,lentil
10,68,17,18.43966,68.05395,7.746724,37.461607,lentil
28,68,17,29.944139,67.530439,6.774554,35.259366,lentil
23,65,17,24.874255,64.002139,7.841496,53.14531,lentil
26,64,17,29.867245,65.789476,6.9083,43.991339,lentil
27,64,17,28.865874,64.722247,7.019349,45.375711,lentil
40,64,17,23.335652,67.404607,7.065264,38.718345,lentil
21,63,17,25.089661,68.175431,6.559682,41.454866,lentil
21,63,17,26.286639,68.175431,6.559682,41.454866,lentil
24,63,17,27.674185,66.856111,6.770496,43.344696,lentil
26,63,17,29.438398,65.861487,6.951041,45.279307,lentil
26,63,17,29.878546,65.730852,6.950301,44.956548,lentil
26,63,17,18.064861,65.103435,6.559682,41.454866,lentil
24,61,17,21.354995,62.601363,5.925392,41.782198,lentil
24,61,17,22.758852,65.789905,6.233715,39.943646,lentil
24,61,17,22.637142,65.445449,6.233269,38.304111,lentil
29,61,17,26.774535,67.041239,6.316911,51.67921,lentil
29,61,17,26.364497,67.057216,6.491104,50.771816,lentil
8,60,17,29.512483,67.872281,7.194702,35.034848,lentil
23,60,17,23.227464,64.730937,6.157423,38.206054,lentil
33,60,17,27.253658,68.006101,6.174373,51.356517,lentil
8,59,17,29.232627,68.692886,7.513221,36.514086,lentil
21,59,17,26.250703,67.627797,6.559682,41.454866,lentil
8,58,17,28.752731,69.156401,7.28605,35.154262,lentil
10,58,17,18.43966,60.194614,6.167855,45.365213,lentil
8,57,17,27.484586,68.000819,6.78953,40.64668,lentil
9,56,17,26.137083,66.772921,6.261938,46.482807,lentil
21,56,17,23.052764,68.175431,7.011121,52.602853,lentil
4,80,16,28.590667,65.701142,7.621837,45.145283,lentil
4,80,16,29.195855,68.019657,7.441977,44.932619,lentil
23,80,16,24.874255,68.019657,7.441977,44.932619,lentil
26,80,16,29.195855,68.019657,7.441977,44.932619,lentil
27,80,16,25.449472,60.261468,5.917497,54.421292,lentil
27,80,16,26.286639,61.773363,7.815211,49.023668,lentil
27,80,16,27.704968,61.773363,7.815211,49.023668,lentil
28,79,16,24.705882,60.269628,6.052682,53.124577,lentil
28,79,16,24.706264,60.268542,6.052185,53.124429,lentil
5,78,16,21.589356,64.647346,6.970489,36.766687,lentil
28,78,16,25.046339,60.091166,6.11579,54.31047,lentil
38,78,16,21.220405,63.289608,5.932923,41.933026,lentil
13,75,16,28.221027,65.245772,6.49447,45.293747,lentil
14,73,16,25.932685,65.020302,6.712102,50.661937,lentil
35,73,16,20.428504,65.323019,7.3617,54.729961,lentil
36,72,16,26.142218,67.689783,7.307005,44.7423,lentil
27,71,16,29.368178,64.797573,6.418408,35.034848,lentil
37,71,16,26.286639,68.519667,7.324863,46.13833,lentil
37,71,16,26.263949,68.150516,7.350673,43.890912,lentil
24,70,16,25.727659,68.617532,6.547954,35.113966,lentil
24,70,16,25.178853,68.933073,6.548035,35.034848,lentil
23,69,16,26.551709,65.822319,7.199481,36.353708,lentil
28,69,16,29.770131,66.29327,6.547362,35.696741,lentil
12,68,16,25.628962,63.20915,7.746724,37.461607,lentil
22,68,16,27.704968,63.20915,7.746724,37.461607,lentil
0,67,16,26.286639,69.407321,6.593798,46.13833,lentil
36,67,16,25.712698,60.536577,6.551578,50.170678,lentil
36,66,16,25.798767,64.773263,7.636955,49.565981,lentil
16,65,16,18.130278,62.458516,6.078724,50.612852,lentil
36,65,16,25.712698,64.112333,7.692014,50.170678,lentil
3,64,16,25.007231,62.308413,6.891213,54.742411,lentil
16,64,16,18.064861,64.633027,5.999407,52.627267,lentil
21,64,16,24.151984,69.384019,6.398643,41.959616,lentil
21,64,16,24.814959,68.440139,6.564158,41.786344,lentil
26,64,16,29.944139,68.118458,6.992097,45.869363,lentil
3,63,16,24.380419,61.184582,6.868882,53.139467,lentil
25,63,16,29.163235,67.835378,6.948517,45.886411,lentil
27,62,16,26.629151,66.695266,6.955762,47.339323,lentil
27,61,16,29.195855,68.019657,6.958055,44.932619,lentil
28,61,16,24.847311,66.221975,7.095823,48.584041,lentil
34,60,16,22.928037,62.189841,7.664741,49.782056,lentil
22,57,16,24.276873,69.923759,6.345074,49.129626,lentil
22,55,16,23.793715,68.032092,6.516318,50.891107,lentil
22,55,16,23.793715,68.032092,6.516318,49.739221,lentil
38,80,15,20.993595,62.972551,5.916454,39.325664,lentil
2,79,15,21.535779,65.472277,7.505284,35.751076,lentil
3,79,15,21.338581,65.082772,7.520909,35.034848,lentil
19,79,15,20.252411,68.710339,6.664342,44.4106,lentil
29,79,15,24.622724,60.541115,6.054486,53.29063,lentil
29,79,15,24.687287,60.091166,6.044228,50.411388,lentil
31,79,15,28.318869,60.194614,6.167855,45.365213,lentil
31,79,15,27.446339,63.426141,7.578798,42.832526,lentil
11,78,15,18.266568,62.796662,6.275005,46.050352,lentil
36,78,15,22.498436,64.274294,6.7695,41.315879,lentil
39,78,15,21.354995,62.601363,5.925392,41.782198,lentil
7,77,15,21.920957,64.623919,6.295935,36.677848,lentil
33,77,15,23.897364,66.32102,7.802212,40.745368,lentil
32,76,15,28.051536,63.498022,7.60411,43.357954,lentil
33,76,15,23.861431,65.825987,7.7808,41.714562,lentil
20,75,15,27.725264,69.923759,6.800109,43.691607,lentil
33,75,15,27.612256,64.712309,7.581586,43.6963,lentil
14,74,15,27.999903,65.576534,6.493037,49.940431,lentil
32,74,15,21.363838,69.923759,6.633865,46.635286,lentil
34,73,15,20.971953,63.831799,7.630424,53.102079,lentil
0,72,15,26.59724,60.937264,7.802947,51.984219,lentil
5,72,15,22.906098,67.502072,7.644136,54.269256,lentil
6,72,15,22.99452,66.708972,7.670178,54.490442,lentil
15,72,15,28.070285,65.914891,6.458068,48.654333,lentil
19,72,15,28.83601,69.689762,6.89076,44.085625,lentil
19,72,15,28.83601,69.761129,6.89076,44.085625,lentil
19,72,15,28.83601,66.29327,6.547362,35.696741,lentil
28,72,15,29.770131,66.708972,6.547362,35.696741,lentil
36,72,15,20.891316,63.859378,7.131267,51.058597,lentil
37,70,15,20.882201,63.536164,6.363928,48.453306,lentil
37,70,15,26.210129,67.182699,7.328488,46.360224,lentil
38,70,15,22.950925,65.728452,6.745525,47.219527,lentil
39,70,15,20.80862,62.556579,6.336535,49.809859,lentil
39,70,15,20.767748,63.901642,6.366356,47.927155,lentil
39,70,15,21.17251,64.240333,6.436654,47.795961,lentil
25,68,15,25.015134,68.674262,6.550839,35.034848,lentil
28,68,15,29.697541,66.229009,6.535451,36.956298,lentil
36,63,15,25.726541,64.65708,7.693693,51.719383,lentil
37,63,15,25.867896,63.473717,7.700582,49.899434,lentil
27,62,15,29.908575,67.185116,6.95445,44.154296,lentil
25,61,15,25.127664,66.815114,6.964818,48.474944,lentil
27,61,15,25.265329,67.100046,7.52178,48.339412,lentil
27,61,15,25.265329,67.100046,6.958055,48.339412,lentil
31,60,15,27.677724,60.091166,6.176849,45.538274,lentil
31,58,15,28.318869,60.194614,6.167855,45.365213,lentil
23,55,15,23.844266,67.507567,6.526587,48.891417,lentil
67,60,25,24.921622,66.786274,5.750255,109.216228,maize
67,60,25,24.921622,62.357506,5.696205,60.951975,maize
69,60,25,24.61464,64.422699,5.94829,105.422694,maize
71,60,25,19.188083,68.033343,5.627189,87.155017,maize
72,60,25,18.525108,69.027623,5.773455,88.102344,maize
72,60,25,24.605322,69.027623,5.773455,88.102344,maize
93,60,25,18.79989,72.922492,5.697208,66.563645,maize
72,59,25,18.382797,68.421607,5.80769,87.655351,maize
73,59,25,18.631027,68.848169,5.780424,87.811051,maize
85,59,25,22.404761,69.208707,6.660071,66.463996,maize
91,59,25,18.669316,70.985003,5.733956,71.037379,maize
69,58,25,18.041855,71.787565,5.618459,89.3332,maize
93,58,25,18.621791,71.902206,5.739341,67.810365,maize
60,57,25,18.89395,62.195201,6.140294,77.398543,maize
60,57,25,21.445269,61.553272,6.178056,65.889512,maize
84,57,25,22.535105,67.992575,6.48904,64.40866,maize
96,54,25,25.629092,60.371812,6.919274,81.390049,maize
90,53,25,26.182654,69.023292,6.823459,101.975678,maize
91,53,25,25.236196,71.001048,6.797352,105.92312,maize
90,52,25,25.827183,68.928425,6.768244,103.457515,maize
90,52,25,25.974824,69.363857,6.822587,103.223421,maize
67,50,25,23.694026,61.113311,5.561205,64.434607,maize
87,48,25,18.653967,61.378797,6.65673,93.620392,maize
86,36,25,21.36447,63.128819,6.179079,64.49675,maize
87,35,25,21.611404,63.563276,6.256707,67.766062,maize
87,35,25,21.445269,63.162155,6.178056,65.889512,maize
72,60,24,21.047258,65.80172,5.917558,87.318792,maize
76,60,24,26.074701,59.371476,6.995844,85.756924,maize
72,59,24,19.2008,68.145607,5.769564,88.04569,maize
82,59,24,22.073839,69.701521,6.28444,62.976397,maize
83,58,24,20.845026,62.951972,6.423785,65.074263,maize
60,57,24,18.661162,61.553272,6.121294,75.032477,maize
61,57,24,18.703879,61.221299,6.125251,72.906606,maize
90,57,24,18.928519,72.800861,6.641906,90.988051,maize
90,57,24,18.928519,72.800861,6.15886,82.341629,maize
90,57,24,18.928519,57.682729,6.596061,60.651715,maize
75,55,24,18.290159,66.043476,6.825187,83.241342,maize
70,53,24,23.224916,61.807949,5.574927,63.291136,maize
67,51,24,23.502979,61.320261,5.584171,64.777914,maize
87,51,24,23.502979,61.320261,5.584171,108.830376,maize
87,48,24,18.776344,61.38496,6.648924,98.06879,maize
87,48,24,19.310048,62.085853,6.439255,90.0325,maize
89,48,24,18.440181,61.111551,6.662081,93.417082,maize
75,45,24,25.878324,61.65085,6.372608,102.244165,maize
97,45,24,20.405727,69.259868,6.510485,67.324851,maize
73,43,24,25.081789,63.262986,6.272374,102.059452,maize
73,43,24,26.11335,62.555749,6.343586,101.273396,maize
75,43,24,25.885371,59.752118,6.178252,95.660933,maize
76,39,24,24.254745,55.647099,6.995844,64.238455,maize
74,38,24,23.850075,56.397311,6.995844,62.656066,maize
75,38,24,22.544288,67.469987,6.926467,89.679859,maize
88,37,24,26.549864,72.934148,5.974653,70.733938,maize
69,36,24,22.162714,60.084621,5.634189,67.941501,maize
71,36,24,21.749858,61.412762,5.662688,68.981222,maize
86,36,24,26.549864,72.891873,5.787268,73.336361,maize
66,35,24,22.841548,61.514442,5.696792,62.657796,maize
71,35,24,22.273736,59.521932,5.826427,67.967048,maize
87,35,24,26.416235,73.749044,5.765894,71.397866,maize
98,35,24,23.502979,74.829137,5.584171,91.763372,maize
99,35,24,22.273736,59.521932,6.352472,67.727773,maize
60,60,23,24.921622,66.786274,5.72258,109.216228,maize
87,60,23,20.439873,64.213493,6.442755,62.643926,maize
87,60,23,20.273171,63.912819,6.439072,62.503519,maize
92,60,23,18.887471,71.58176,5.742396,69.979136,maize
92,60,23,18.667467,71.516474,5.721667,69.932933,maize
93,59,23,18.858878,72.381847,5.855734,70.666714,maize
63,58,23,18.184907,55.282204,6.235963,63.251542,maize
83,58,23,19.742133,59.662631,6.381202,65.508614,maize
62,56,23,19.961995,61.131432,6.095542,72.234017,maize
93,56,23,21.856678,67.843959,6.505348,82.715778,maize
67,54,23,25.051601,59.86908,5.905071,70.956133,maize
68,53,23,21.34214,71.412153,6.535211,108.454081,maize
69,51,23,22.217382,72.854628,6.801639,106.621316,maize
78,48,23,23.174345,62.378767,5.6148,70.224755,maize
78,48,23,23.089749,63.104596,6.439072,62.503519,maize
87,48,23,20.273171,63.912819,6.708447,95.713885,maize
81,45,23,19.326661,68.034493,6.19236,84.229692,maize
81,45,23,21.869274,68.034493,5.85044,84.229692,maize
81,45,23,23.093481,68.034493,6.19236,65.497307,maize
60,44,23,24.794708,70.045567,5.72258,76.728601,maize
74,43,23,18.093002,61.890822,6.325235,99.579812,maize
74,43,23,25.952633,61.890822,6.325235,99.579812,maize
74,43,23,25.795375,63.256194,6.361601,99.23107,maize
74,43,23,25.680854,64.250506,6.388084,98.977104,maize
74,39,23,22.626512,73.588685,6.780736,96.591953,maize
74,39,23,22.626512,65.774729,6.780736,88.17251,maize
74,39,23,21.631628,60.277664,6.430616,88.17251,maize
76,39,23,22.715294,64.608909,6.657024,88.44501,maize
77,38,23,24.84162,59.787035,6.636792,69.787766,maize
93,38,23,19.696389,62.236112,5.755852,101.245916,maize
67,36,23,23.359489,60.178362,6.041753,63.368106,maize
77,36,23,24.73354,56.814895,6.643667,88.627592,maize
77,36,23,24.714175,56.734265,6.648725,88.453619,maize
64,35,23,22.687307,61.953416,5.701637,63.214447,maize
64,35,23,23.020383,61.89472,5.680361,63.038434,maize
65,35,23,22.868768,61.412899,5.710021,64.039244,maize
65,35,23,23.178961,60.998619,5.680221,62.403033,maize
87,35,23,21.403796,63.512142,6.211247,66.862721,maize
65,60,22,25.367452,72.517562,6.606538,107.91309,maize
65,60,22,25.367684,72.520546,6.606984,107.912411,maize
65,60,22,25.518258,72.121819,6.586987,107.660019,maize
70,60,22,26.493193,59.768458,5.997213,86.738625,maize
71,60,22,26.074701,59.371476,6.204802,85.756924,maize
86,60,22,20.1809,63.748742,6.360704,62.33984,maize
91,60,22,18.698679,71.695751,5.731168,70.00107,maize
63,59,22,25.323909,73.521446,6.592357,109.629861,maize
94,59,22,19.951491,71.897507,5.842648,70.20259,maize
95,59,22,19.327587,71.294861,5.683786,68.632556,maize
63,58,22,18.254054,55.282204,6.204748,63.723582,maize
83,58,22,19.742133,59.662631,6.499936,65.508614,maize
62,57,22,18.584034,61.556749,6.138321,75.693722,maize
74,56,22,18.283622,66.659528,6.829199,80.975733,maize
74,56,22,18.506707,66.809537,6.812731,80.943867,maize
86,56,22,19.07556,60.822373,6.195562,66.150346,maize
95,54,22,19.849394,61.245001,5.730617,83.207113,maize
96,54,22,25.701967,61.334504,6.960358,83.207113,maize
100,54,22,26.253299,61.321908,6.995844,81.616462,maize
66,53,22,24.431303,60.703935,5.768435,68.819933,maize
79,51,22,25.701967,68.49836,6.586245,96.463802,maize
89,49,22,23.91073,67.457742,6.465384,71.101239,maize
78,48,22,23.089749,63.104596,5.588651,70.434736,maize
60,46,22,24.893646,65.614188,6.625404,87.929808,maize
82,46,22,21.592606,60.161802,6.119645,91.533599,maize
95,46,22,20.500588,68.358658,6.527546,64.54811,maize
96,46,22,20.58314,69.001286,6.499936,66.293904,maize
68,44,22,23.318793,74.644167,5.868475,95.339178,maize
82,44,22,19.198825,57.029886,5.70525,78.593505,maize
82,44,22,19.525602,59.912055,5.62305,78.127468,maize
76,43,22,26.04824,61.210716,6.338554,97.946129,maize
72,42,22,26.00916,63.166445,6.422851,101.84328,maize
73,41,22,22.739414,63.175683,6.896108,86.036568,maize
75,40,22,22.653988,65.771962,6.732107,89.577272,maize
71,39,22,23.891146,57.487758,6.204802,102.830194,maize
95,38,22,19.849394,61.245001,5.730617,100.768925,maize
77,37,22,24.704116,62.528655,6.225725,73.158018,maize
78,37,22,25.342171,63.31802,6.330554,74.52082,maize
79,37,22,25.486529,64.462403,6.265614,74.379239,maize
86,37,22,26.549864,73.333466,5.790725,71.780037,maize
98,37,22,19.98921,61.313796,5.882017,98.604031,maize
63,36,22,21.223856,62.211312,5.795119,63.987801,maize
67,36,22,20.667002,60.86543,5.88741,66.896395,maize
67,35,22,23.305468,63.24648,6.385684,108.7603,maize
87,35,22,21.223666,62.524672,6.182316,66.880802,maize
90,35,22,23.305468,69.363857,6.385684,103.223421,maize
73,60,21,22.719706,65.308622,6.183669,108.871617,maize
73,60,21,24.875028,57.682729,6.596061,60.651715,maize
92,60,21,18.620793,71.770629,5.755214,71.382692,maize
72,58,21,22.758642,60.827018,6.239542,85.12846,maize
73,58,21,19.97216,57.682729,6.596061,60.651715,maize
82,58,21,20.847321,61.373526,6.412136,64.964115,maize
73,57,21,18.194897,64.76136,6.131933,85.413333,maize
74,57,21,19.954276,57.581112,6.726729,109.751538,maize
75,57,21,19.99324,58.840367,6.56822,61.301374,maize
77,57,21,24.612912,70.416244,6.600827,104.162615,maize
77,57,21,21.869274,61.910449,6.550564,79.740787,maize
77,57,21,24.932158,73.804353,6.550564,79.740787,maize
87,57,21,18.653967,73.804353,6.550564,79.740787,maize
93,57,21,25.469115,63.779606,6.482506,80.860198,maize
75,56,21,18.041855,61.635998,6.262688,83.225032,maize
86,56,21,21.374822,60.758511,6.846343,109.751538,maize
60,55,21,18.740253,63.162518,6.397866,70.252495,maize
84,55,21,20.771325,57.541013,6.95861,109.751538,maize
86,55,21,21.541562,59.640242,6.803932,109.751538,maize
60,54,21,18.687318,61.879953,6.377648,70.157143,maize
66,54,21,25.190087,60.200169,5.919046,72.123756,maize
71,54,21,22.6136,58.75082,5.749914,79.75329,maize
84,53,21,20.158652,60.025395,6.294095,107.570555,maize
84,53,21,20.137709,60.031228,6.286374,107.537526,maize
87,53,21,25.521487,62.649978,6.595335,109.751538,maize
66,52,21,23.226299,60.506554,5.887796,65.263976,maize
70,50,21,22.606291,60.820684,5.989759,66.905466,maize
89,50,21,25.830558,65.626305,6.270316,72.880497,maize
90,49,21,24.840167,68.358457,6.472523,74.054749,maize
72,46,21,25.506033,74.829137,6.451577,93.057095,maize
84,46,21,18.933759,58.330305,5.744657,82.448348,maize
98,46,21,25.259035,74.829137,6.41697,106.389065,maize
98,46,21,24.830264,74.829137,6.415444,105.301148,maize
61,45,21,23.261088,63.032275,6.62963,88.712928,maize
73,45,21,24.592594,73.47393,6.681802,99.74466,maize
73,45,21,24.605322,73.588685,6.636803,96.591953,maize
83,45,21,18.833445,58.75082,5.716223,79.75329,maize
78,44,21,23.911642,60.013139,5.703672,90.512794,maize
82,44,21,19.282118,60.978548,5.646732,76.812917,maize
84,44,21,21.869274,61.910449,5.85044,107.268193,maize
86,44,21,21.618619,64.315421,5.947679,106.82995,maize
98,44,21,25.771751,73.588685,6.524478,107.493192,maize
98,44,21,25.771751,74.089114,6.524478,107.493192,maize
99,44,21,21.869274,68.30579,6.112751,87.850924,maize
60,43,21,24.900575,68.58758,5.813808,76.715178,maize
62,43,21,23.355651,71.673226,6.012538,66.741541,maize
66,43,21,19.269909,67.277966,6.773744,78.356725,maize
63,42,21,23.262376,72.331255,5.798424,67.102251,maize
61,39,21,18.041855,64.721655,6.179423,65.924626,maize
70,38,21,22.883309,70.416244,6.600827,67.727773,maize
73,38,21,21.585162,60.64637,5.837186,66.969894,maize
83,38,21,18.833445,64.235803,6.474477,76.413124,maize
96,38,21,19.663193,61.934231,5.542537,100.442976,maize
98,38,21,23.265498,71.732174,6.293557,68.312392,maize
99,38,21,22.883309,72.610242,6.352472,67.727773,maize
99,38,21,22.883309,71.597224,6.352472,67.727773,maize
80,36,21,24.803212,61.238659,6.12412,75.670442,maize
80,35,21,25.332467,63.401284,6.32199,73.685391,maize
92,60,20,24.263605,67.532468,6.078289,76.031687,maize
72,59,20,21.654774,59.810122,6.403745,109.087752,maize
92,58,20,18.467023,71.898115,5.950206,73.08324,maize
76,57,20,23.805462,59.24538,5.715209,94.262494,maize
76,56,20,19.811752,56.693539,6.734503,108.763111,maize
81,56,20,25.832284,68.950421,6.995844,97.909827,maize
89,56,20,21.541316,59.650343,6.810611,109.17088,maize
86,54,20,25.129127,63.496083,6.582734,108.800102,maize
87,54,20,25.617074,63.471176,6.576418,108.830376,maize
87,54,20,25.452794,62.622598,6.596934,107.802907,maize
88,54,20,25.280787,63.210264,6.469937,108.602151,maize
89,54,20,25.704235,65.316192,6.822159,109.751538,maize
67,53,20,24.983066,60.116404,5.762418,69.49296,maize
82,51,20,18.984719,60.352346,5.861303,105.71915,maize
86,51,20,24.5067,63.008774,6.36133,108.367543,maize
81,50,20,18.176881,62.549521,5.513698,100.882111,maize
63,49,20,21.984983,61.54237,6.599457,92.625171,maize
78,49,20,19.036657,70.500601,5.744765,85.014315,maize
81,49,20,18.041855,60.614943,5.513698,104.232162,maize
89,49,20,18.041855,66.69029,5.913665,104.232162,maize
62,48,20,21.701814,60.474705,6.708447,95.713885,maize
63,48,20,21.661233,60.139418,6.712863,95.291218,maize
82,48,20,18.802908,60.872545,5.580656,104.835853,maize
79,47,20,18.077008,60.915602,5.558466,104.637933,maize
82,47,20,19.636013,61.154534,5.653954,105.496699,maize
72,45,20,24.232531,73.54976,6.409906,95.927975,maize
78,45,20,23.589407,59.537596,5.674908,89.874432,maize
79,45,20,23.805462,59.24538,5.715209,89.962201,maize
66,44,20,19.078147,69.022986,6.740001,80.725159,maize
66,44,20,19.068871,68.955583,6.736262,80.664447,maize
68,44,20,18.94195,69.035503,6.921429,78.034909,maize
61,39,20,18.041855,60.989075,5.957554,66.813462,maize
63,39,20,18.041855,60.970088,6.194453,66.345203,maize
94,39,20,21.969817,59.273839,5.815857,101.850328,maize
96,39,20,24.086442,56.110916,5.883405,102.003103,maize
61,38,20,18.498179,63.520908,5.938996,68.503058,maize
61,38,20,18.478913,62.695039,5.970458,65.438354,maize
64,37,20,23.22436,61.245284,5.685853,61.631689,maize
78,37,20,25.551141,62.547592,6.331481,76.365629,maize
77,36,20,19.078147,56.734265,6.740001,88.453619,maize
99,36,20,20.579819,65.345839,6.671086,78.346045,maize
89,60,19,25.191924,66.69029,5.913665,78.066396,maize
89,60,19,25.191924,66.69029,5.913665,78.066396,maize
90,59,19,24.625801,69.272397,6.077953,75.10761,maize
77,58,19,21.869274,61.910449,5.79165,107.268193,maize
77,58,19,22.805603,56.507689,5.79165,101.595279,maize
78,58,19,25.191924,66.69029,5.913665,78.066396,maize
73,57,19,19.876736,57.953258,6.570433,63.727836,maize
76,57,19,22.887038,55.282204,5.938732,99.364899,maize
83,57,19,21.096768,61.209575,6.742768,109.274375,maize
83,57,19,25.730444,74.089114,6.877869,107.493192,maize
83,57,19,25.730444,70.747393,6.877869,98.737713,maize
72,56,19,18.041855,62.524606,6.14782,83.300889,maize
76,56,19,23.431258,55.282204,5.668218,105.21396,maize
91,56,19,18.459591,72.693877,6.281094,80.444607,maize
60,55,19,18.851816,62.11317,6.474514,68.752628,maize
74,55,19,18.050337,62.89367,6.288868,84.236135,maize
77,55,19,24.903074,70.376598,6.195234,78.074991,maize
88,55,19,25.639529,63.614183,6.559596,109.751538,maize
60,54,19,18.748267,62.498785,6.41782,70.234016,maize
65,54,19,22.216952,60.002837,6.005618,66.843142,maize
73,54,19,21.338519,59.671273,6.056799,81.405561,maize
74,54,19,18.041855,63.41548,6.535833,84.554426,maize
60,53,19,18.855136,62.446739,6.429099,69.958939,maize
66,53,19,23.093481,60.115938,6.03355,65.497307,maize
68,53,19,22.856171,59.684238,5.945519,65.174676,maize
60,52,19,18.536242,64.824878,6.519458,70.407389,maize
66,52,19,23.059563,59.583286,6.038203,66.429182,maize
65,51,19,22.522707,60.15579,5.890533,66.876366,maize
69,50,19,24.899641,55.282204,5.819341,77.666166,maize
74,50,19,21.527257,70.934361,5.91898,105.360733,maize
94,50,19,23.303553,73.625484,5.873242,97.590813,maize
90,49,19,18.748267,68.358457,6.472523,70.234016,maize
94,49,19,22.763187,72.6662,5.898848,97.245436,maize
93,48,19,23.542573,74.829137,6.032809,95.659875,maize
83,45,19,18.833445,58.75082,6.03355,65.497307,maize
84,45,19,18.884906,60.564085,5.730144,82.004378,maize
63,44,19,18.430218,55.282204,6.66325,91.425394,maize
66,44,19,18.842449,69.157954,6.783785,81.330524,maize
70,44,19,23.316891,73.454154,5.852607,94.297128,maize
63,43,19,18.518168,55.531281,6.641906,90.988051,maize
67,43,19,23.502979,61.320261,5.584171,64.777914,maize
70,43,19,24.036735,70.517792,5.940561,96.311403,maize
61,41,19,26.14384,66.205699,6.655426,76.68456,maize
64,40,19,24.879663,67.937602,6.693273,105.102357,maize
67,40,19,26.549864,66.105831,6.809278,103.577311,maize
68,40,19,26.14384,66.205699,6.655426,107.236137,maize
70,40,19,26.14384,70.416244,6.600827,104.162615,maize
94,40,19,23.347191,64.431837,5.922882,103.614843,maize
76,39,19,24.254745,55.647099,6.877869,64.238455,maize
94,39,19,22.775626,58.524754,5.84825,102.261285,maize
100,39,19,19.406953,66.750048,6.032615,90.292623,maize
61,38,19,18.325392,63.520688,6.447043,78.376292,maize
62,38,19,18.428173,64.688628,6.50026,78.393963,maize
83,38,19,25.730444,70.747393,6.877869,98.737713,maize
95,38,19,24.496198,59.720565,6.098882,101.647212,maize
88,37,19,23.65313,64.83745,6.346241,63.82705,maize
77,60,18,20.018027,62.108788,6.782674,105.758446,maize
88,60,18,24.890425,66.663437,5.913998,77.715248,maize
81,59,18,23.340737,66.441239,6.497079,62.769121,maize
88,59,18,24.308619,57.886449,6.212129,103.940816,maize
74,58,18,20.037282,56.356068,6.727303,109.024141,maize
74,58,18,20.099463,56.650071,6.740421,108.511531,maize
80,58,18,23.132641,64.911338,6.476103,63.838195,maize
61,57,18,23.715715,58.838327,6.525399,104.418376,maize
73,57,18,19.40618,56.299055,6.799634,105.567468,maize
76,57,18,18.980273,74.526008,6.092726,94.262494,maize
75,56,18,19.398517,62.357506,5.696205,60.951975,maize
94,55,18,23.561652,61.583488,5.923586,109.608027,maize
88,54,18,25.812803,62.592575,6.590778,106.295415,maize
60,53,18,18.705253,62.616073,6.425643,68.862302,maize
75,53,18,20.688999,59.437534,6.864794,103.651438,maize
77,53,18,24.882406,67.940833,5.942736,76.891275,maize
78,53,18,20.351229,58.326348,6.905519,107.625555,maize
71,52,18,25.107874,55.977328,5.79077,78.160777,maize
75,52,18,20.936636,59.146956,6.920481,103.491197,maize
77,52,18,25.87565,70.116962,6.099402,76.731803,maize
78,52,18,24.501059,66.153875,5.623342,77.359479,maize
76,51,18,26.169859,65.774729,6.780736,79.849254,maize
76,51,18,26.169859,71.962466,6.24704,79.849254,maize
76,51,18,26.549864,74.180019,6.051587,78.354351,maize
71,50,18,25.000528,55.282204,5.722849,78.111392,maize
76,50,18,19.233295,68.695604,5.848781,81.411768,maize
78,50,18,25.456079,72.628746,6.432264,79.580333,maize
78,49,18,18.571065,69.337619,5.628509,80.832049,maize
73,48,18,21.790768,60.366327,6.358635,68.840442,maize
76,48,18,19.296839,69.572675,5.792145,83.249886,maize
76,48,18,19.295634,69.634812,6.576418,83.210306,maize
76,48,18,19.295634,69.634812,5.775978,83.210306,maize
78,48,18,18.659429,70.818833,5.994475,83.459858,maize
78,48,18,23.089749,69.634812,5.588651,70.434736,maize
97,48,18,25.431997,67.593037,5.851176,74.364647,maize
61,45,18,24.747404,68.16079,6.863075,100.250975,maize
71,45,18,22.927816,73.029267,5.866949,96.085754,maize
66,44,18,24.539693,72.628472,6.326717,97.798252,maize
60,43,18,25.031946,64.606784,6.029508,75.25673,maize
94,41,18,23.821499,58.080824,5.890105,103.455739,maize
99,41,18,22.889608,66.189039,6.167169,76.624138,maize
69,39,18,26.156831,66.962397,6.666414,105.77846,maize
71,39,18,25.869582,67.986469,6.637979,105.705753,maize
94,39,18,23.891146,57.487758,5.893093,102.830194,maize
99,39,18,19.201294,68.30579,6.112751,87.850924,maize
99,39,18,19.201294,68.30579,6.112751,87.850924,maize
93,38,18,23.083757,58.030776,6.057458,98.888399,maize
99,38,18,22.883309,68.30579,6.112751,67.727773,maize
88,37,18,24.092617,65.170927,6.37972,63.416506,maize
97,36,18,23.370508,74.829137,6.104855,93.187453,maize
99,36,18,23.654661,74.079126,6.251676,91.172383,maize
98,35,18,23.797461,74.829137,6.252798,91.763372,maize
60,60,17,23.936422,58.336909,6.727333,105.891601,maize
63,60,17,24.821542,69.075179,6.258042,90.49778,maize
89,60,17,25.375488,57.210256,5.983953,101.700431,maize
89,60,17,25.213951,57.330684,5.959738,99.268887,maize
61,59,17,23.338446,59.245806,6.474443,105.008314,maize
79,59,17,20.379997,63.7385,6.644205,108.505442,maize
79,59,17,24.108592,63.7385,6.644205,71.075622,maize
96,58,17,23.881665,74.829137,6.025239,71.785093,maize
77,56,17,20.522187,61.759372,6.745711,106.271829,maize
87,56,17,18.653967,61.378797,6.23433,71.075622,maize
98,56,17,23.173371,73.050143,6.256456,72.301624,maize
99,56,17,24.108592,73.131123,6.23433,71.075622,maize
70,55,17,22.013014,63.234384,5.56366,85.950825,maize
71,55,17,23.458543,62.636271,5.860964,87.270649,maize
73,55,17,19.450012,64.115715,5.681494,62.22914,maize
95,55,17,23.871982,60.29786,5.929098,108.007078,maize
94,54,17,23.460979,61.798347,5.893716,107.367114,maize
94,54,17,23.391282,61.744272,5.871648,107.319814,maize
99,54,17,23.50844,74.829137,6.162035,70.158006,maize
73,53,17,20.444989,59.479868,6.877603,107.638706,maize
91,53,17,20.850584,70.872528,6.415834,76.956157,maize
70,52,17,24.612912,65.742005,5.7148,75.822705,maize
77,52,17,24.863749,65.742005,5.7148,75.822705,maize
79,52,17,24.122946,65.403364,5.764823,76.890298,maize
75,49,17,21.535741,71.50906,5.983953,102.485293,maize
76,49,17,21.856773,57.9023,6.377135,67.767,maize
70,48,17,24.411381,71.543956,6.820147,100.727427,maize
73,48,17,21.508998,61.064119,6.393349,71.689552,maize
74,48,17,21.631628,60.277664,6.430616,69.218031,maize
79,48,17,20.379997,63.7385,6.430616,108.505442,maize
70,47,17,24.612912,70.416244,6.600827,104.162615,maize
71,47,17,24.106238,70.596183,6.488439,103.886434,maize
73,47,17,21.383819,59.151496,6.674168,69.229953,maize
69,46,17,24.791996,70.264032,6.598999,107.449209,maize
70,46,17,24.40933,69.410534,6.571888,104.063227,maize
76,46,17,22.35557,64.528417,6.516019,68.279639,maize
91,45,17,19.487848,67.508893,6.037521,92.176088,maize
61,44,17,26.100184,71.574769,6.931757,102.266244,maize
61,44,17,26.100184,71.574769,6.931757,102.266244,maize
61,44,17,25.947364,71.189101,6.923998,102.038585,maize
62,44,17,18.548736,65.151141,6.657261,68.63111,maize
70,44,17,23.340838,72.404038,5.893111,94.223548,maize
76,44,17,20.416831,62.554248,5.855442,65.277985,maize
63,43,17,19.288899,65.470508,6.807488,71.319531,maize
62,42,17,20.767876,65.417785,6.608986,72.675166,maize
63,42,17,19.167433,65.054295,6.681966,70.437581,maize
63,42,17,23.262376,62.554248,5.855442,65.277985,maize
93,42,17,23.243921,66.244666,6.06027,101.691723,maize
61,41,17,25.142061,65.261851,6.021902,76.68456,maize
93,41,17,25.621717,66.504155,6.047907,105.46547,maize
94,41,17,20.297697,68.383685,6.131995,93.896347,maize
68,39,17,21.808413,57.691893,6.146712,101.858995,maize
60,38,17,18.41933,64.235803,6.474477,76.413124,maize
70,38,17,24.612912,70.416244,5.730617,100.768925,maize
85,37,17,21.052216,59.667635,5.646791,68.376469,maize
63,35,17,21.970165,65.464655,6.281846,84.698956,maize
63,58,16,21.776893,57.808406,6.204748,102.086169,maize
63,58,16,25.009334,67.816568,6.272418,62.913595,maize
81,58,16,20.543336,63.862039,6.646014,106.593655,maize
71,54,16,22.6136,63.690706,5.749914,87.759539,maize
62,52,16,22.275267,58.840159,6.967058,63.870206,maize
79,52,16,25.228531,68.448538,6.573937,95.072921,maize
79,51,16,25.337977,68.49836,6.586245,96.463802,maize
80,50,16,25.388599,67.766433,6.568242,98.57667,maize
77,49,16,21.554193,71.875386,5.932778,102.632408,maize
100,49,16,24.745478,69.908623,5.513698,73.889865,maize
90,48,16,25.718958,68.358457,6.472523,74.054749,maize
100,48,16,25.718958,67.221907,5.549902,74.514908,maize
77,47,16,19.405473,68.520254,5.791101,85.373811,maize
61,46,16,26.021043,70.739732,6.934432,101.723152,maize
93,45,16,18.762317,66.608198,6.002588,93.707669,maize
60,44,16,26.339317,71.2287,6.947973,101.550938,maize
61,44,16,24.875028,65.768161,6.082974,91.260567,maize
92,44,16,18.877514,65.768161,6.082974,94.761894,maize
80,43,16,23.558821,71.593514,6.385684,108.7603,maize
80,43,16,23.558821,71.593514,6.657965,66.719955,maize
65,42,16,22.092381,59.878352,6.190852,101.246179,maize
65,42,16,19.600236,66.346278,6.671614,73.106198,maize
100,42,16,25.718958,67.221907,5.549902,74.514908,maize
68,41,16,21.776893,57.808406,6.158831,102.086169,maize
86,41,16,21.776893,57.808406,5.561511,67.610137,maize
96,40,16,25.494338,67.053841,6.069369,106.389234,maize
62,37,16,22.124668,64.413428,6.262416,83.229962,maize
62,37,16,22.977909,65.326916,6.195956,81.581572,maize
85,37,16,20.602964,60.038812,5.545157,67.36225,maize
86,37,16,20.517168,59.212355,5.561511,67.610137,maize
64,36,16,22.387508,66.335822,6.04996,81.118859,maize
89,36,16,25.195013,65.764888,6.481329,65.597845,maize
63,35,16,22.02721,65.355499,6.272418,83.732801,maize
60,60,15,24.875028,65.614188,6.625404,87.929808,maize
61,60,15,24.875028,68.742483,6.265564,91.260567,maize
61,60,15,24.875028,68.742483,6.265564,76.68456,maize
62,60,15,24.896243,68.961989,6.267499,92.577339,maize
79,60,15,25.315172,65.747786,6.419896,63.70147,maize
78,59,15,20.043386,63.860671,6.616672,106.436012,maize
78,58,15,25.009334,67.816568,6.528631,62.913595,maize
81,58,15,25.028908,70.2198,6.475702,61.553637,maize
91,55,15,18.093002,72.610242,6.376651,78.961595,maize
70,54,15,22.137923,65.113399,5.798667,85.693823,maize
99,54,15,24.239181,72.989599,6.242746,71.476439,maize
60,52,15,22.452477,59.717447,6.964495,63.912533,maize
61,50,15,18.147101,59.245806,5.573286,105.008314,maize
77,50,15,21.086954,72.847843,5.924362,102.530101,maize
99,50,15,18.147101,71.094453,5.573286,88.077537,maize
75,49,15,21.535741,71.50906,5.918264,102.485293,maize
69,48,15,24.584916,70.25249,6.579978,104.191884,maize
73,48,15,21.621788,60.180794,6.466799,69.082597,maize
74,48,15,21.095128,71.475228,5.910014,102.10452,maize
83,42,15,24.032196,70.517673,6.773697,65.118732,maize
67,41,15,21.791011,57.727129,6.14306,105.078075,maize
88,39,15,20.35626,60.658738,5.516645,67.339864,maize
88,38,15,25.082397,65.921958,6.455117,62.491908,maize
86,37,15,20.390459,60.589053,5.697161,69.732431,maize
86,37,15,25.009334,67.816568,6.528631,67.610137,maize
10,38,35,29.613315,46.702829,4.980821,92.681127,mango
34,35,35,27.238207,46.669754,6.305284,98.658323,mango
34,35,35,28.222651,48.419304,6.675395,96.196045,mango
34,34,35,34.892267,48.756134,6.422711,95.257992,mango
34,34,35,27.274332,47.168081,6.422711,95.257992,mango
34,34,35,27.274332,52.346058,4.772386,95.257992,mango
23,33,35,29.021131,54.964053,5.333092,99.651683,mango
24,33,35,29.263829,54.822579,5.342866,100.758623,mango
24,33,35,28.806686,53.040007,5.17802,99.13142,mango
25,33,35,29.450508,53.695116,5.326837,100.812466,mango
31,31,35,31.390169,50.682574,5.40071,89.36139,mango
38,31,35,27.679403,53.751781,6.704627,97.373979,mango
8,29,35,29.224221,45.433328,5.728501,99.664742,mango
7,28,35,30.020862,46.783938,4.669108,96.63721,mango
8,27,35,29.675318,46.247312,4.640251,96.339358,mango
2,24,35,28.264321,53.774244,6.240497,98.102484,mango
14,19,35,32.031301,48.190423,4.628575,89.291476,mango
20,19,35,34.177198,50.621616,6.113935,98.00688,mango
20,19,35,33.819756,50.814992,6.01776,96.859239,mango
20,19,35,34.028865,51.41338,6.188708,96.594429,mango
14,18,35,31.091542,47.020584,4.791147,91.466643,mango
15,18,35,31.26388,46.542153,4.964199,93.982887,mango
39,17,35,31.921645,49.383292,6.484569,89.785903,mango
40,17,35,34.164389,54.164823,4.95474,98.333511,mango
40,17,35,31.358143,50.47474,6.612579,89.291476,mango
40,16,35,34.32535,54.556927,4.952464,100.812466,mango
40,16,35,34.164389,54.164823,4.95474,98.333511,mango
40,16,35,31.893563,49.024501,6.484152,89.593715,mango
8,38,34,28.857221,54.964053,6.288095,95.179886,mango
37,36,34,31.329956,50.222876,5.421265,89.782162,mango
1,35,34,30.793757,46.695368,6.273398,92.213186,mango
1,34,34,29.893116,48.391253,6.32008,93.144588,mango
32,33,34,27.36698,47.198779,6.435672,97.436341,mango
5,31,34,31.086158,51.120412,5.940867,94.949577,mango
21,31,34,35.385987,49.217291,5.254532,90.296439,mango
33,31,34,31.329956,50.222876,5.421265,89.782162,mango
34,31,34,31.313776,49.95631,6.866218,91.612777,mango
37,31,34,27.572301,54.199075,6.810492,95.215349,mango
37,30,34,27.539075,53.635495,6.797779,99.354082,mango
37,30,34,27.539075,53.635495,5.024125,99.354082,mango
9,29,34,29.384716,45.887447,5.727423,100.812466,mango
31,29,34,31.806154,50.423594,5.889289,92.012029,mango
33,29,34,31.409488,49.217291,6.83298,92.997394,mango
33,29,34,31.94212,49.907743,6.967418,92.009234,mango
4,27,34,30.39122,49.758566,5.752712,92.887567,mango
7,27,34,29.992826,47.836686,4.640057,96.229321,mango
28,27,34,29.384716,50.696938,6.526654,100.812466,mango
28,27,34,33.481455,52.117904,6.777619,98.670004,mango
28,27,34,32.454653,50.696938,6.113935,98.00688,mango
28,27,34,32.454653,50.696938,6.526654,95.048716,mango
34,27,34,30.072026,50.960405,6.526654,95.048716,mango
37,26,34,28.645597,52.936007,5.691298,99.683786,mango
2,24,34,28.894094,54.807502,6.472775,94.76323,mango
2,24,34,29.407809,54.767322,6.469648,94.575036,mango
25,24,34,30.089557,50.661253,6.857445,92.700815,mango
26,24,34,31.27181,52.238102,6.811291,89.74409,mango
26,24,34,31.27181,50.340353,5.497947,89.74409,mango
23,23,34,30.793757,51.427178,6.273398,92.213186,mango
25,22,34,31.27181,52.238102,6.811291,89.74409,mango
14,21,34,29.807472,52.137979,5.074273,97.728432,mango
19,21,34,30.015926,53.192124,5.074273,97.728432,mango
31,21,34,32.471602,53.234756,6.238639,93.922974,mango
20,20,34,33.897233,49.630445,6.098538,97.971659,mango
33,20,34,32.17752,49.217291,6.83298,92.997394,mango
40,17,34,32.459205,49.037256,6.359074,89.803793,mango
0,39,33,32.498354,52.86949,4.68401,91.332269,mango
2,38,33,32.386975,53.232824,4.691396,90.216332,mango
37,38,33,32.493895,45.022364,5.479635,94.652391,mango
8,37,33,28.078027,54.964053,6.128168,97.453736,mango
11,36,33,35.766281,52.305208,5.982864,95.430255,mango
11,36,33,35.990097,52.227805,5.978634,95.371348,mango
12,36,33,27.836051,51.760174,6.436879,100.812466,mango
23,36,33,30.639197,53.754583,5.63266,99.432557,mango
37,36,33,35.990097,52.227805,5.978634,95.371348,mango
39,36,33,35.990097,52.946419,4.934965,95.371348,mango
3,34,33,30.974724,46.269989,6.284243,91.40539,mango
11,34,33,29.30358,50.246293,6.822437,95.271302,mango
12,33,33,35.837139,50.819663,6.395322,96.300002,mango
5,32,33,27.351106,52.589677,6.441328,96.277925,mango
5,32,33,32.323622,52.589677,5.842764,93.367188,mango
5,32,33,32.193522,52.088423,5.879385,93.269051,mango
5,31,33,32.097247,52.61113,5.956723,91.329182,mango
38,31,33,27.003155,52.572022,6.659002,97.850642,mango
32,29,33,31.560803,50.202828,6.24737,94.808929,mango
33,29,33,31.323566,48.274951,6.815012,95.058745,mango
38,29,33,27.664116,54.534684,6.690763,96.121721,mango
3,28,33,30.164737,49.594733,5.840841,94.468516,mango
3,28,33,30.337239,48.887048,5.75505,94.428505,mango
3,28,33,31.27181,48.887048,6.811291,89.74409,mango
36,25,33,27.983928,53.330189,5.548585,99.614657,mango
38,25,33,28.026647,53.964237,5.553756,98.940858,mango
2,24,33,29.167891,54.964053,6.4534,91.69931,mango
1,23,33,31.664937,54.590778,6.455909,93.74816,mango
3,21,33,30.337239,54.259642,6.430139,94.428505,mango
21,18,33,30.506748,52.344129,6.596291,90.70582,mango
22,18,33,30.412358,52.481006,6.621624,93.923759,mango
39,18,33,34.501096,51.186369,5.483038,93.825332,mango
39,17,33,33.078399,49.051217,6.222154,90.03376,mango
17,16,33,31.955582,45.022364,5.615208,92.676302,mango
39,16,33,32.392705,48.884239,6.563261,90.313228,mango
37,39,32,31.143944,45.022364,5.27564,89.306836,mango
8,38,32,28.776787,53.0525,5.945203,94.485834,mango
8,38,32,29.751508,46.737233,4.981817,91.405983,mango
36,38,32,31.668556,45.022364,5.478446,89.291476,mango
37,38,32,31.857449,45.531063,5.417341,91.558458,mango
9,37,32,28.016176,53.712696,6.264638,98.555939,mango
11,37,32,35.990097,50.248725,6.0783,97.1534,mango
34,37,32,34.223644,47.196089,6.432626,100.812466,mango
0,36,32,34.130722,49.409833,5.101206,96.38808,mango
2,36,32,30.033056,49.697792,5.930144,91.805394,mango
8,36,32,28.978131,54.964053,5.97591,98.001117,mango
11,36,32,28.106095,50.776099,6.334541,96.320416,mango
36,36,32,27.107108,50.70881,5.64371,92.372389,mango
15,35,32,32.288529,49.879598,5.299005,93.196781,mango
35,35,32,27.3725,47.42897,6.242301,93.547646,mango
8,34,32,33.361401,46.737233,6.135269,91.405983,mango
11,34,32,29.14305,49.409833,6.831707,97.551555,mango
11,34,32,29.154846,49.410907,6.826225,97.470894,mango
14,34,32,35.636273,48.970478,6.831707,97.51952,mango
15,32,32,34.10243,49.528916,6.200357,96.823465,mango
24,32,32,32.277475,50.385897,6.336052,90.188012,mango
26,32,32,30.914715,49.929639,6.810186,90.140478,mango
27,32,32,31.137699,49.356424,6.79036,91.039473,mango
27,32,32,31.123949,49.674648,6.749689,89.639149,mango
32,32,32,30.223881,51.452567,5.994607,90.012233,mango
21,31,32,35.337366,51.407363,5.255507,90.385542,mango
21,31,32,35.385987,51.426642,5.254532,90.296439,mango
39,30,32,27.254256,53.246019,6.781973,100.392973,mango
14,29,32,35.647439,49.189469,6.82849,97.718253,mango
14,29,32,35.636273,48.970478,6.94252,97.51952,mango
14,29,32,35.636273,48.970478,6.94252,90.296439,mango
14,27,32,35.718309,48.399058,6.952754,95.608958,mango
23,24,32,28.121809,46.168886,5.63062,93.302474,mango
23,23,32,28.558567,46.461248,5.684399,92.820318,mango
23,23,32,28.676321,46.540071,5.698898,92.690324,mango
24,23,32,32.108117,49.65699,5.701675,90.363463,mango
39,23,32,33.556337,53.163656,4.741867,100.659075,mango
0,22,32,35.990097,52.102192,6.303195,90.565047,mango
0,21,32,35.898556,54.259642,6.430139,92.197217,mango
5,21,32,32.269353,54.439451,5.870116,95.940354,mango
9,21,32,32.750963,52.138663,5.763807,97.107269,mango
9,21,32,32.269353,53.560928,5.870116,95.940354,mango
19,21,32,32.269353,53.560928,5.870116,97.728432,mango
19,20,32,29.21886,52.893827,4.967837,96.453438,mango
39,20,32,34.950223,48.019192,5.87478,91.660715,mango
3,19,32,32.801965,47.542003,6.21299,93.260999,mango
12,19,32,27.805439,54.440227,5.439346,94.278929,mango
36,19,32,27.107108,50.70881,4.94295,92.372389,mango
36,19,32,29.751508,50.70881,4.94295,92.372389,mango
0,18,32,35.206178,48.423475,6.266952,98.849401,mango
3,18,32,32.585192,49.730697,6.168764,93.582035,mango
18,18,32,30.926027,45.022364,5.631728,90.377144,mango
5,16,32,34.698486,48.434697,4.507524,95.136742,mango
30,16,32,32.365719,53.99067,6.967418,91.911859,mango
39,15,32,31.771043,49.401538,6.488407,89.48686,mango
1,38,31,32.316371,52.804143,4.709968,91.725224,mango
13,38,31,31.322336,46.62581,4.550271,89.55836,mango
22,38,31,31.533564,53.060093,5.821106,98.57025,mango
22,38,31,35.377756,53.060093,5.821106,98.57025,mango
23,38,31,32.713616,51.961176,5.926426,98.216289,mango
26,38,31,35.54725,48.434528,6.044677,96.497708,mango
34,38,31,35.377756,45.5811,6.454045,97.415864,mango
36,38,31,32.475579,46.973787,5.261057,93.203015,mango
37,38,31,31.148692,45.922537,5.498564,91.368259,mango
2,37,31,30.902252,49.459626,6.166174,97.41054,mango
17,37,31,32.399064,50.499075,5.295098,96.85534,mango
23,37,31,31.93128,53.060033,5.720972,98.462255,mango
32,37,31,35.398394,45.649689,6.456191,98.121262,mango
37,37,31,32.020536,45.022364,5.579313,93.807741,mango
2,36,31,30.902252,49.959555,5.731719,91.775226,mango
11,36,31,27.920633,51.779659,6.475449,100.258567,mango
16,36,31,32.277866,49.691973,5.283591,97.058805,mango
25,36,31,32.925709,53.059883,5.470602,98.192228,mango
11,35,31,28.227471,49.865838,6.967418,98.191834,mango
16,35,31,32.27652,50.193688,5.316876,95.994871,mango
26,35,31,33.446199,53.059805,5.339557,98.050894,mango
16,34,31,31.856455,51.338831,5.278716,97.412434,mango
18,34,31,29.14305,49.409833,5.418475,91.101908,mango
18,33,31,32.611261,54.822579,5.342866,100.758623,mango
21,32,31,35.303299,50.139881,5.263472,92.878225,mango
32,32,31,32.219742,51.678333,5.718788,89.61095,mango
7,30,31,30.719331,47.216154,5.659847,95.588385,mango
29,30,31,32.04339,52.289114,5.055998,97.945596,mango
15,29,31,35.854749,49.129774,6.958539,99.594905,mango
30,28,31,30.775259,54.113072,5.031356,97.00013,mango
18,26,31,32.611261,47.749165,5.418475,95.898986,mango
18,26,31,32.611261,47.749165,5.418475,91.101908,mango
36,25,31,27.983928,53.330189,5.548585,99.614657,mango
22,24,31,27.231758,46.928271,5.464677,92.882545,mango
39,24,31,33.609535,54.964053,4.846609,99.283981,mango
39,24,31,32.678004,53.666774,4.881942,98.82343,mango
39,24,31,33.556956,53.729798,4.757115,98.675276,mango
40,24,31,28.705952,50.440301,5.956027,90.385035,mango
11,21,31,31.891478,53.978997,5.877123,94.615731,mango
21,21,31,27.003155,52.182698,5.340169,100.812466,mango
30,21,31,32.269353,53.560928,5.870116,94.629547,mango
11,20,31,29.509529,53.066955,5.703165,93.702378,mango
22,20,31,29.822948,47.307614,5.840085,91.424512,mango
39,20,31,34.77881,48.960591,6.055482,92.603412,mango
3,19,31,31.842227,46.976383,6.411771,90.237029,mango
12,19,31,27.253734,52.663197,5.566704,91.873125,mango
12,19,31,27.61196,53.780975,5.607892,89.958466,mango
37,19,31,34.38145,49.774835,5.904216,90.822636,mango
38,19,31,34.738239,49.088643,5.855119,90.650222,mango
3,18,31,32.289954,49.114345,6.397986,91.262378,mango
3,18,31,31.653334,48.206627,6.392314,91.097456,mango
3,18,31,31.836495,48.93671,6.638731,90.260528,mango
14,18,31,30.764552,47.937915,5.956027,95.746061,mango
21,18,31,29.851531,49.092597,6.153564,89.330093,mango
22,18,31,30.764552,47.937915,5.956027,90.385035,mango
18,17,31,31.745921,45.161279,5.667508,93.754416,mango
29,17,31,31.155177,54.964053,6.801179,94.544285,mango
30,17,31,31.204782,54.499605,6.804437,94.629547,mango
5,16,31,35.960546,48.696778,4.555689,98.006442,mango
17,16,31,31.702148,46.493182,5.729724,95.155559,mango
23,16,31,35.960546,46.168886,5.63062,98.006442,mango
25,16,31,33.561502,48.696778,4.555689,98.006442,mango
31,16,31,30.067164,54.964053,6.739632,91.569343,mango
37,16,31,28.327088,48.97865,5.03222,95.497864,mango
38,15,31,28.164963,48.287402,5.033144,96.358163,mango
22,38,30,32.821411,53.060093,5.821106,90.891731,mango
26,38,30,31.857449,51.084942,6.336235,91.558458,mango
2,37,30,30.205265,48.816914,5.541531,94.685839,mango
3,37,30,29.944005,49.558207,6.017007,92.949873,mango
12,37,30,31.097791,47.411967,4.546466,90.286243,mango
14,37,30,32.359778,50.310957,5.334706,95.689413,mango
26,37,30,35.399863,49.459626,6.166174,97.41054,mango
2,36,30,30.139991,48.527494,5.710137,89.291476,mango
12,36,30,31.154431,47.368638,4.572188,89.97218,mango
26,36,30,33.996929,54.841939,5.372179,95.588814,mango
8,34,30,29.996983,50.371453,6.450755,92.104167,mango
11,34,30,33.156372,45.64581,6.123702,100.812466,mango
29,34,30,33.880048,54.39416,6.166174,97.41054,mango
25,33,30,30.830361,49.934013,6.82899,91.030348,mango
26,31,30,30.784815,50.307433,6.774584,89.54719,mango
28,31,30,32.632341,52.613416,5.197914,98.265613,mango
1,28,30,27.49269,49.877193,6.095883,93.660315,mango
11,28,30,28.668786,50.47133,6.408382,89.291476,mango
21,28,30,27.698193,52.193316,5.403908,98.467686,mango
30,28,30,32.564667,54.173984,4.971868,100.067027,mango
30,28,30,31.866414,52.193316,5.064613,98.467686,mango
30,28,30,31.769638,52.129956,5.164621,98.282918,mango
2,27,30,30.902252,49.959555,5.731719,89.856465,mango
11,27,30,27.696378,48.562249,6.394743,89.856465,mango
23,23,30,32.821411,47.455538,4.755274,90.891731,mango
34,23,30,32.821411,47.455538,6.454045,90.891731,mango
38,23,30,33.646023,52.7851,4.773085,100.31559,mango
22,22,30,33.421934,48.408492,4.651005,89.291476,mango
0,21,30,28.91862,48.139745,5.075505,92.197217,mango
21,21,30,27.698193,51.415932,5.403908,100.77207,mango
21,21,30,27.351106,51.415932,5.403908,96.277925,mango
27,21,30,35.389874,52.489025,5.061678,91.229153,mango
27,21,30,35.391546,52.488231,5.061082,91.228811,mango
37,21,30,27.641246,50.619107,5.110677,93.549096,mango
18,20,30,27.696378,51.985946,5.435841,89.980243,mango
29,20,30,33.44668,53.411216,5.754798,91.627493,mango
31,20,30,32.17752,54.013527,6.207496,91.887661,mango
37,20,30,32.17752,54.013527,5.417341,91.887661,mango
26,19,30,33.136859,50.864871,6.55756,96.311924,mango
14,18,30,29.807472,52.137979,5.191265,95.746061,mango
18,18,30,31.700489,45.022364,5.668849,92.754178,mango
26,18,30,32.060972,51.084942,6.336235,96.598165,mango
38,18,30,34.464456,48.927248,6.109775,91.095731,mango
0,17,30,35.474783,47.972305,6.279134,97.790725,mango
0,17,30,34.719,49.747864,6.355284,96.202376,mango
3,17,30,31.844873,48.245772,6.360135,89.74888,mango
14,17,30,29.758887,50.913578,5.18185,94.485148,mango
19,17,30,31.625051,45.022364,5.674816,91.201717,mango
23,17,30,35.474783,47.972305,6.279134,97.790725,mango
24,17,30,31.881568,52.62491,6.344764,94.654796,mango
30,17,30,30.997252,54.964053,6.822179,97.385194,mango
31,17,30,30.692005,54.964053,6.544003,95.938404,mango
31,17,30,31.42465,53.483698,6.380061,95.39698,mango
40,16,30,34.164389,54.164823,4.755274,90.891731,mango
0,15,30,35.422783,48.601226,6.296709,97.31657,mango
38,15,30,28.91862,48.139745,5.075505,97.013316,mango
39,15,30,33.003084,48.712717,6.660001,91.193091,mango
31,37,29,33.688347,48.156361,6.268537,98.049966,mango
37,37,29,27.48053,48.484837,5.865934,89.291476,mango
17,36,29,31.929024,49.5731,4.969752,94.756414,mango
26,36,29,35.990097,48.774138,6.19905,96.612288,mango
30,36,29,34.306486,51.897442,6.386162,97.448393,mango
31,36,29,33.936799,52.721703,6.460543,97.461192,mango
12,35,29,33.596415,45.022364,6.042248,95.846019,mango
13,34,29,33.141104,46.072459,5.969085,98.24311,mango
17,34,29,32.278691,51.824238,5.298273,94.208175,mango
8,33,29,29.980805,49.486133,6.442393,91.822716,mango
13,33,29,33.986358,46.106997,6.357039,98.459804,mango
1,30,29,28.333333,51.395865,6.434198,91.672418,mango
1,29,29,27.329614,49.303472,6.052026,94.673447,mango
1,29,29,27.329614,49.303472,6.052026,93.531974,mango
2,29,29,27.70221,49.144123,6.096011,93.638326,mango
1,28,29,27.35059,48.650293,6.047668,96.53118,mango
1,28,29,28.144866,47.670613,5.824677,94.3287,mango
11,27,29,28.736562,50.188786,6.333746,89.967329,mango
17,27,29,32.750121,47.624641,5.420737,92.619412,mango
15,26,29,34.784158,46.231884,4.507524,89.291476,mango
36,26,29,30.336176,50.724767,6.783701,95.814844,mango
22,25,29,27.343768,47.216589,5.678588,95.075142,mango
24,24,29,32.545259,48.08188,4.681277,89.291476,mango
21,23,29,27.437105,50.010762,5.514979,98.923559,mango
25,23,29,33.001743,48.689755,4.749764,91.11886,mango
25,22,29,35.118773,52.054577,5.101979,93.715261,mango
15,18,29,29.21367,52.198184,5.070068,95.273305,mango
15,18,29,29.141824,52.205468,5.055404,95.216105,mango
26,18,29,31.726322,52.197188,6.281475,97.742452,mango
38,18,29,35.081974,50.745774,5.459861,91.034839,mango
5,17,29,34.043856,48.490531,4.858116,98.545621,mango
5,17,29,34.160938,48.503129,4.839642,98.512685,mango
38,17,29,34.266686,48.810662,6.293729,91.41755,mango
37,15,29,28.5316,46.335728,5.119318,97.54728,mango
38,15,29,33.853761,49.354981,6.781979,91.859097,mango
3,40,28,29.739312,47.45412,5.84108,90.248785,mango
28,37,28,32.134097,50.525591,6.09787,98.633337,mango
0,36,28,33.989083,52.073923,5.084142,95.191221,mango
26,35,28,33.361401,45.022364,5.339557,98.815965,mango
29,35,28,28.347161,53.539031,6.967418,90.402604,mango
31,35,28,33.936799,52.721703,6.967418,97.461192,mango
37,35,28,27.951424,48.152735,5.859009,90.337798,mango
11,34,28,28.972284,51.548903,6.074872,91.449441,mango
12,34,28,33.361401,45.022364,6.135269,98.815965,mango
20,30,28,28.615133,51.34179,4.938952,96.006878,mango
15,27,28,33.803987,46.128661,4.507524,90.825492,mango
15,27,28,34.24298,47.813878,4.539508,89.291476,mango
21,24,28,27.306695,49.3089,5.570457,98.000255,mango
23,24,28,32.96898,47.703246,4.784828,90.155638,mango
28,23,28,30.100809,50.138211,5.702727,96.108101,mango
28,23,28,30.018213,50.098318,5.676033,96.087451,mango
28,22,28,30.500274,50.331146,5.83183,96.207972,mango
19,20,28,27.730147,51.93742,5.049837,97.038087,mango
17,19,28,27.003155,51.514888,4.879297,94.30346,mango
17,19,28,27.645649,52.415334,4.945897,93.623043,mango
4,18,28,31.920631,48.262059,5.193132,99.142899,mango
18,18,28,27.547714,50.514765,4.915538,94.546344,mango
38,18,28,35.50971,52.374857,4.914883,92.6571,mango
7,16,28,35.990097,47.741845,4.545163,100.784695,mango
38,16,28,34.039528,48.676753,6.505016,91.787189,mango
38,15,28,29.145224,47.929619,5.127056,94.211379,mango
2,40,27,29.211583,47.797936,6.141484,91.499272,mango
2,40,27,29.7377,47.548852,5.954627,90.095869,mango
3,40,27,30.217405,47.349847,5.919682,92.540051,mango
11,40,27,29.7377,47.548852,5.978634,95.371348,mango
4,39,27,27.003155,49.215933,6.594276,94.744592,mango
0,37,27,34.128358,52.620497,5.038342,96.408944,mango
13,37,27,27.898908,52.711504,5.616536,92.157895,mango
37,37,27,33.422838,52.989366,4.568959,93.485899,mango
15,36,27,27.789125,53.968867,5.64371,91.01153,mango
37,36,27,27.552974,51.084942,6.336235,90.403327,mango
37,36,27,27.552974,47.908591,5.910635,90.403327,mango
38,36,27,27.391485,48.315012,5.91601,92.874826,mango
2,35,27,34.066326,51.521526,5.054214,99.268547,mango
2,34,27,29.7377,47.548852,6.831707,97.551555,mango
30,33,27,33.83357,53.925313,6.267851,89.291476,mango
2,31,27,29.7377,50.222876,5.954627,90.095869,mango
7,31,27,31.328637,47.593196,6.524114,94.673447,mango
19,31,27,27.807735,51.857755,4.848308,95.357012,mango
7,30,27,31.907241,46.532822,6.734569,94.60667,mango
12,30,27,34.539042,51.068596,5.311706,97.497443,mango
18,30,27,27.911845,52.966412,4.749509,93.815175,mango
20,30,27,27.810056,51.594455,4.749104,95.898986,mango
12,29,27,30.346306,45.406524,5.561442,96.992624,mango
13,29,27,35.600993,52.794338,5.38272,99.365262,mango
34,28,27,30.171111,51.398519,6.808996,96.369504,mango
21,26,27,27.645881,46.386533,5.753899,95.894082,mango
21,26,27,27.003155,47.675254,5.699587,95.851183,mango
22,26,27,34.864694,52.4346,5.170462,95.937939,mango
23,23,27,34.724132,51.427178,5.161149,97.312581,mango
25,23,27,34.646564,51.968799,5.170021,97.709239,mango
25,22,27,33.561502,47.908591,5.910635,90.403327,mango
6,20,27,28.863781,54.169249,6.265644,96.174101,mango
39,20,27,35.53845,51.985946,4.934965,89.980243,mango
18,19,27,27.755187,52.346058,4.772386,94.112133,mango
7,18,27,34.879826,47.737122,6.424011,93.548226,mango
35,17,27,29.193599,50.885864,5.762331,92.177955,mango
19,16,27,31.76749,45.077978,5.685972,93.2077,mango
37,16,27,33.392985,48.976895,6.475532,93.297804,mango
39,16,27,35.53845,52.946419,4.934965,91.545604,mango
38,15,27,33.746269,48.503876,6.777788,92.264392,mango
38,15,27,32.611261,47.749165,5.418475,92.264392,mango
2,40,26,30.902663,48.371677,5.919084,89.291476,mango
4,40,26,27.173291,47.161821,6.850344,98.757141,mango
4,40,26,27.582589,48.569162,6.720042,95.844564,mango
19,38,26,31.484517,48.779263,4.525722,93.17222,mango
0,37,26,34.20177,51.235905,5.111477,96.265657,mango
37,37,26,28.055719,49.621179,5.910411,89.291476,mango
0,36,26,34.130722,51.257862,5.101206,96.38808,mango
0,36,26,34.130722,49.959555,5.101206,91.775226,mango
36,36,26,33.046454,52.890113,4.902923,93.683168,mango
37,36,26,32.893002,52.61324,4.650536,94.491614,mango
37,36,26,28.097122,48.278352,6.100929,89.291476,mango
38,36,26,33.089522,49.466274,5.685491,96.196927,mango
0,35,26,35.495012,52.397604,5.295048,97.877168,mango
29,35,26,33.823005,54.315359,6.292305,89.291476,mango
2,34,26,34.271699,50.246363,5.074115,96.570348,mango
29,34,26,33.880048,54.39416,6.273954,89.291476,mango
12,31,26,35.787774,51.941903,5.395276,100.216062,mango
7,30,26,31.276235,49.292451,6.555904,95.942542,mango
12,30,26,34.728689,50.179039,5.440455,97.723416,mango
31,30,26,28.766272,46.484743,5.027643,98.179496,mango
19,29,26,27.329614,49.303472,4.525722,93.17222,mango
31,29,26,34.177198,47.405191,5.024125,98.00688,mango
31,29,26,28.223734,47.405191,5.024125,97.768323,mango
31,29,26,28.274523,46.526351,4.96912,96.002915,mango
22,28,26,27.766013,45.022364,4.943732,93.218575,mango
22,28,26,27.672562,45.41692,4.947683,92.849915,mango
12,27,26,29.093823,45.566106,5.323072,96.2352,mango
21,27,26,27.744272,46.105992,5.483047,93.819594,mango
36,26,26,30.127005,51.064415,6.771743,95.255116,mango
36,26,26,30.172941,51.08459,6.81463,95.234443,mango
22,23,26,34.182747,51.010912,5.299569,96.4593,mango
4,20,26,28.111003,48.150026,5.74548,97.820046,mango
18,20,26,31.665247,51.985946,5.435841,89.980243,mango
18,19,26,28.144944,50.582042,4.743276,90.994103,mango
18,19,26,32.702189,51.669124,5.636159,89.291476,mango
26,18,26,31.484517,51.084942,6.336235,96.598165,mango
35,18,26,31.994905,50.848813,5.279389,97.387415,mango
35,18,26,32.215932,50.398744,5.370786,94.7749,mango
7,17,26,34.892267,48.756134,6.414527,91.630745,mango
7,17,26,34.766505,48.734797,6.413664,91.610039,mango
7,17,26,34.58324,48.703705,6.412407,91.579864,mango
22,17,26,28.698181,47.718757,4.754435,99.642454,mango
36,17,26,32.665549,49.950874,5.853166,95.425672,mango
37,17,26,33.395138,51.677683,5.14329,95.079022,mango
6,16,26,34.911455,48.565915,6.40319,91.612599,mango
37,16,26,32.893002,52.61324,4.650536,94.491614,mango
37,15,26,32.893002,52.61324,4.650536,94.491614,mango
4,40,25,27.003155,48.278005,6.768773,94.141634,mango
9,39,25,34.645903,48.977233,5.447004,100.812466,mango
9,38,25,34.585615,50.340353,5.497947,100.306072,mango
9,38,25,34.436153,49.691091,5.575756,100.124148,mango
19,37,25,31.565087,47.665405,4.530771,93.403529,mango
19,37,25,31.287751,48.117137,4.524257,93.037456,mango
19,37,25,31.536843,50.01478,4.652941,91.200248,mango
39,37,25,33.330248,45.611436,6.953247,98.28583,mango
37,34,25,33.024265,52.080921,4.633974,95.783221,mango
31,32,25,34.051373,53.626232,6.291774,89.291476,mango
7,31,25,31.103442,48.636715,6.531768,96.146355,mango
12,30,25,35.990097,52.269374,5.291236,100.812466,mango
23,28,25,27.648171,45.568028,4.92302,95.086823,mango
11,27,25,29.06615,46.383495,5.314054,98.721036,mango
39,24,25,28.927594,50.537644,5.651939,95.794897,mango
39,24,25,29.401372,51.67914,5.408957,94.050715,mango
40,24,25,28.705952,50.440301,5.445008,95.894644,mango
40,23,25,28.794824,50.502246,5.437971,95.726033,mango
25,22,25,33.561502,45.535566,5.977414,95.705259,mango
25,22,25,31.329956,45.535566,5.977414,89.782162,mango
4,20,25,28.833859,48.096561,5.682048,100.812466,mango
4,20,25,28.932702,45.161279,5.667508,99.983424,mango
4,20,25,28.932702,47.94054,5.664587,99.983424,mango
4,20,25,28.932702,47.94054,5.664587,95.705259,mango
17,20,25,31.610079,52.559342,5.517056,89.291476,mango
3,19,25,28.782532,49.202419,5.67299,99.146631,mango
5,19,25,27.351106,54.439451,6.441328,96.277925,mango
5,19,25,27.521989,54.408927,6.421481,96.266197,mango
20,19,25,34.177198,50.621616,5.497947,100.306072,mango
35,18,25,31.789883,50.002381,5.278501,100.411937,mango
33,17,25,30.201393,51.620123,6.119986,90.794652,mango
34,16,25,30.072026,50.960405,6.107296,92.096098,mango
35,15,25,30.040767,50.675492,6.036852,90.004242,mango
10,60,25,30.222482,60.284409,7.722997,31.840063,mothbeans
9,59,25,30.393213,60.162995,7.699201,35.374932,mothbeans
25,59,25,28.023738,56.788583,6.842849,36.988113,mothbeans
35,59,25,28.601356,58.157125,8.404514,36.503236,mothbeans
17,58,25,31.128968,43.587888,6.455593,32.767429,mothbeans
36,58,25,28.660242,59.318912,8.399136,36.926297,mothbeans
36,58,25,28.773354,59.926689,8.401864,34.12322,mothbeans
34,57,25,27.253316,42.624354,8.379202,73.520062,mothbeans
35,57,25,27.095629,42.262062,8.340398,71.127104,mothbeans
17,56,25,28.660242,45.413936,8.399136,36.926297,mothbeans
38,56,25,25.740953,45.384971,7.881186,67.434882,mothbeans
0,55,25,28.355553,42.979538,4.478958,47.975134,mothbeans
0,55,25,28.174894,43.66723,4.524172,45.781728,mothbeans
0,55,25,29.176724,41.929871,4.631079,45.245551,mothbeans
21,55,25,28.577992,58.049614,8.666939,66.790372,mothbeans
39,55,25,26.32686,45.50624,7.904361,68.836022,mothbeans
0,54,25,28.518788,42.105121,4.449234,45.638545,mothbeans
36,54,25,31.185926,41.011844,5.041658,68.930966,mothbeans
25,53,25,24.965435,63.194219,9.282652,67.164749,mothbeans
19,51,25,26.804744,48.239914,3.525366,43.87802,mothbeans
26,51,25,28.76489,52.627415,7.792508,55.216067,mothbeans
38,48,25,25.740953,56.402263,5.993514,67.434882,mothbeans
10,45,25,29.93734,43.924008,7.742453,56.43725,mothbeans
25,44,25,31.566185,52.505665,9.0098,74.443307,mothbeans
26,44,25,26.340433,55.591604,8.016211,35.10512,mothbeans
18,36,25,28.174894,43.66723,7.214079,35.034044,mothbeans
30,35,25,30.270798,47.043297,7.708381,66.350601,mothbeans
17,58,24,31.274151,42.868574,6.47543,33.358904,mothbeans
2,57,24,28.684966,46.008435,6.450271,44.315761,mothbeans
25,57,24,24.832066,58.599863,5.885097,52.081089,mothbeans
25,57,24,27.654722,58.599863,6.974978,36.94255,mothbeans
27,57,24,31.704475,56.854201,6.974978,36.94255,mothbeans
5,56,24,26.802959,40.933611,5.287221,53.047596,mothbeans
25,56,24,27.978311,60.584238,6.790255,37.685463,mothbeans
10,55,24,28.604532,54.895319,7.432721,58.707526,mothbeans
22,55,24,28.568006,57.30636,8.66078,64.530276,mothbeans
2,54,24,27.04493,59.561712,7.397534,35.889964,mothbeans
34,54,24,31.21193,41.559344,5.026004,68.801418,mothbeans
11,53,24,28.523967,55.772644,7.393899,61.329356,mothbeans
20,53,24,26.956613,49.131758,3.773768,41.713771,mothbeans
22,51,24,27.965837,53.220827,4.523636,46.193746,mothbeans
25,51,24,25.934916,61.651731,8.496614,66.276377,mothbeans
25,51,24,25.504242,61.668524,9.392695,65.079815,mothbeans
26,51,24,28.644402,52.895263,7.996027,54.613969,mothbeans
25,50,24,25.703227,61.60556,9.412884,65.39079,mothbeans
10,44,24,30.992569,43.021514,8.034412,58.276007,mothbeans
22,44,24,24.309351,56.329383,6.030447,58.995363,mothbeans
22,44,24,25.42517,53.220827,8.016211,35.10512,mothbeans
38,44,24,24.309351,61.187491,6.030447,58.995363,mothbeans
22,43,24,24.170932,53.220827,4.523636,59.189534,mothbeans
22,43,24,25.42517,53.220827,4.523636,46.193746,mothbeans
36,43,24,27.187033,43.566481,3.612399,41.719007,mothbeans
36,43,24,27.094006,43.653054,3.510404,41.537495,mothbeans
19,37,24,25.332847,59.311478,6.211013,59.85072,mothbeans
23,37,24,28.778334,44.22526,7.991902,33.958257,mothbeans
6,36,24,24.282217,59.480963,8.852702,41.888459,mothbeans
30,35,24,30.357327,47.902376,7.713866,68.187732,mothbeans
2,60,23,25.876823,45.963419,6.276004,38.532547,mothbeans
9,60,23,31.969879,57.17377,6.276004,64.255204,mothbeans
22,59,23,27.322206,51.278688,4.371746,36.503791,mothbeans
22,57,23,27.561476,51.342855,4.520899,36.565351,mothbeans
27,57,23,31.704475,56.854201,5.875334,44.943174,mothbeans
2,56,23,26.65333,59.790234,7.550091,36.918526,mothbeans
7,56,23,26.339088,40.009334,5.545219,55.504292,mothbeans
5,55,23,26.953217,59.260488,7.568341,39.408614,mothbeans
7,55,23,26.990662,51.435299,8.250493,58.554129,mothbeans
7,55,23,29.508789,61.782836,6.271752,34.414348,mothbeans
37,55,23,31.103233,52.847789,8.63204,53.936769,mothbeans
34,54,23,31.253166,52.881162,8.639523,56.186058,mothbeans
35,54,23,30.229038,53.966057,8.778761,53.323291,mothbeans
20,52,23,31.181714,48.21365,9.776539,37.874394,mothbeans
25,52,23,26.022644,61.659552,9.395124,64.744854,mothbeans
26,52,23,29.988354,49.603848,4.931891,52.929296,mothbeans
24,51,23,25.577279,60.719507,9.384634,63.646065,mothbeans
22,50,23,27.799575,61.392239,3.819422,74.28614,mothbeans
22,49,23,27.959485,62.29702,3.710332,71.722795,mothbeans
15,45,23,24.204226,61.433787,7.224194,70.471304,mothbeans
15,45,23,24.204226,61.433787,7.224194,46.020396,mothbeans
28,45,23,29.970672,63.971108,8.63502,35.281275,mothbeans
8,44,23,31.044558,43.730511,8.060813,59.488774,mothbeans
10,44,23,31.013543,42.821585,8.081895,57.847777,mothbeans
23,44,23,31.435742,52.203571,8.991896,71.527879,mothbeans
23,44,23,25.513599,51.461714,4.666632,47.264096,mothbeans
37,44,23,27.770359,47.813675,4.508281,40.591061,mothbeans
40,44,23,29.651476,58.330508,6.841094,39.620965,mothbeans
3,43,23,27.910952,56.854201,5.875334,32.678919,mothbeans
15,43,23,25.42517,61.433787,4.523636,46.193746,mothbeans
16,43,23,30.116886,44.73453,5.288125,40.577879,mothbeans
22,43,23,26.138206,57.976698,7.798747,47.003479,mothbeans
27,43,23,31.999286,58.377624,5.865786,46.306817,mothbeans
27,43,23,31.704475,56.854201,5.875334,44.943174,mothbeans
11,40,23,29.612531,63.047491,8.620108,50.197827,mothbeans
11,40,23,29.612531,63.047491,5.804286,50.197827,mothbeans
12,40,23,29.948362,63.118137,5.823613,49.874187,mothbeans
13,39,23,28.478926,61.824568,5.902438,52.062052,mothbeans
20,39,23,24.999877,57.679581,6.112103,57.813408,mothbeans
2,38,23,26.65333,63.181803,7.550091,32.711293,mothbeans
7,36,23,24.41346,59.054684,8.853377,42.326436,mothbeans
11,36,23,26.340433,53.766234,7.214079,35.034044,mothbeans
18,36,23,27.335809,53.766234,8.050304,35.034044,mothbeans
18,36,23,24.018254,53.766234,7.214079,35.034044,mothbeans
6,35,23,25.051342,57.648913,8.93595,42.464926,mothbeans
30,35,23,30.072062,46.552339,7.907734,68.675935,mothbeans
31,35,23,30.302605,47.182836,7.707595,68.040398,mothbeans
4,60,22,29.487505,48.628164,8.906919,41.948797,mothbeans
4,59,22,29.337434,49.003231,8.914075,42.440543,mothbeans
4,59,22,29.337434,49.003231,7.881186,42.440543,mothbeans
11,59,22,31.0062,53.842086,5.585218,64.789745,mothbeans
21,59,22,27.821973,52.629371,4.408118,36.035123,mothbeans
23,59,22,29.298543,48.881329,5.248121,34.671203,mothbeans
2,57,22,26.220125,45.862263,7.745556,52.60695,mothbeans
7,57,22,27.329461,41.2296,5.192545,55.020242,mothbeans
21,57,22,28.66036,59.076765,6.148283,35.737594,mothbeans
19,56,22,28.530973,49.984403,5.716852,65.52578,mothbeans
8,55,22,26.53289,42.568852,5.530299,53.511951,mothbeans
15,55,22,28.513361,49.249132,5.172236,64.32018,mothbeans
22,55,22,30.382579,40.592607,7.115994,48.46797,mothbeans
34,55,22,25.571612,50.513053,7.417607,31.704137,mothbeans
35,55,22,30.888831,52.626968,8.63493,55.519324,mothbeans
36,55,22,25.388051,49.303201,7.414955,34.158413,mothbeans
26,54,22,30.024794,48.592243,4.954969,53.249189,mothbeans
27,54,22,29.251435,50.304991,4.898229,50.91469,mothbeans
36,53,22,30.923052,52.561784,8.616133,55.531118,mothbeans
19,51,22,25.446891,58.553636,6.164963,55.216067,mothbeans
20,50,22,30.996947,46.426937,9.406888,38.315979,mothbeans
22,49,22,28.234947,61.562052,3.711059,72.666664,mothbeans
22,49,22,28.234947,58.553636,6.164963,57.048266,mothbeans
29,49,22,31.493981,61.562052,8.869797,72.666664,mothbeans
20,48,22,30.737991,46.169958,9.241731,37.807346,mothbeans
4,45,22,25.506346,64.955854,4.193189,72.192458,mothbeans
7,45,22,25.506346,44.830255,9.926212,74.326351,mothbeans
35,45,22,30.436837,55.20522,8.63493,55.519324,mothbeans
36,45,22,24.995647,51.800362,4.526394,36.582468,mothbeans
7,43,22,25.506346,44.830255,9.926212,46.193746,mothbeans
17,43,22,30.061426,45.900677,5.498341,41.055092,mothbeans
22,43,22,31.28589,51.629338,8.971721,73.651213,mothbeans
24,43,22,25.350499,53.344236,4.52059,48.772329,mothbeans
27,43,22,31.805291,57.152561,5.872979,44.501255,mothbeans
32,43,22,31.999286,54.107746,5.270749,71.62667,mothbeans
32,43,22,31.930912,52.035335,5.403312,69.410001,mothbeans
22,42,22,25.542491,56.966408,7.887659,48.46797,mothbeans
22,42,22,25.521566,57.036261,7.877285,48.429699,mothbeans
31,42,22,31.763859,58.180467,6.947584,68.337996,mothbeans
36,42,22,27.255667,43.255981,3.515842,41.853136,mothbeans
37,42,22,29.413963,61.498797,8.086442,42.359852,mothbeans
11,41,22,29.015935,60.773467,5.858402,51.043131,mothbeans
28,41,22,31.254346,56.151309,6.038806,43.18572,mothbeans
39,41,22,29.343174,60.503209,8.869797,64.568076,mothbeans
25,40,22,24.727743,59.782676,8.195494,36.494142,mothbeans
28,40,22,31.286701,62.880034,8.861135,67.291218,mothbeans
13,39,22,29.083357,62.43812,8.183523,71.554214,mothbeans
24,38,22,24.478765,58.516639,8.202706,34.969333,mothbeans
34,38,22,25.318261,64.102172,9.156021,34.619594,mothbeans
5,37,22,24.045174,59.360729,8.860448,38.576458,mothbeans
19,37,22,26.016259,58.934959,6.399666,58.544314,mothbeans
21,37,22,27.206723,62.414951,5.807445,63.066223,mothbeans
6,36,22,24.216103,59.792363,8.869533,42.247835,mothbeans
17,36,22,24.030603,53.653137,7.243943,38.21722,mothbeans
19,36,22,25.446891,58.553636,6.164963,57.048266,mothbeans
19,36,22,24.018254,53.99845,7.168122,36.347994,mothbeans
39,36,22,29.343174,60.503209,9.072011,34.033355,mothbeans
17,35,22,28.929526,53.570147,5.498341,41.055092,mothbeans
32,35,22,30.302605,47.182836,7.707595,68.040398,mothbeans
3,60,21,25.313906,46.895375,9.146667,57.040994,mothbeans
3,58,21,25.361405,46.826528,9.160692,55.605232,mothbeans
5,58,21,29.107464,49.562269,8.896448,43.176503,mothbeans
35,58,21,25.928036,49.529885,7.590309,31.819963,mothbeans
36,58,21,28.82146,59.838414,8.429852,37.191024,mothbeans
15,56,21,28.512471,48.701855,4.985854,64.571089,mothbeans
36,56,21,25.715,49.270525,7.395635,33.168256,mothbeans
37,56,21,31.455351,46.174032,7.253867,72.662522,mothbeans
35,55,21,30.415817,53.56587,8.563802,55.833231,mothbeans
11,51,21,31.019636,41.814208,5.131779,32.812965,mothbeans
16,51,21,31.019636,49.976752,3.532009,32.812965,mothbeans
22,51,21,28.390034,63.835839,3.751767,72.317659,mothbeans
25,50,21,27.170208,51.812801,6.044999,31.382461,mothbeans
23,47,21,30.012332,56.19019,6.613215,73.644254,mothbeans
22,46,21,31.165586,51.256373,8.727781,74.036779,mothbeans
21,45,21,27.10508,63.567914,5.79429,62.202796,mothbeans
23,45,21,31.465113,51.799394,8.985348,74.443307,mothbeans
26,45,21,31.465113,51.669211,6.005243,74.443307,mothbeans
35,44,21,25.993577,49.447715,4.582483,39.567581,mothbeans
36,44,21,25.125289,51.331894,4.516154,38.48679,mothbeans
37,44,21,26.421093,53.271624,5.236152,38.442976,mothbeans
18,43,21,29.806885,45.254301,5.497248,39.411049,mothbeans
24,42,21,25.542491,56.966408,7.887659,62.748038,mothbeans
36,42,21,25.049352,51.344071,4.52019,37.147375,mothbeans
16,41,21,30.166827,45.849337,5.505769,40.478525,mothbeans
29,41,21,31.493981,62.849169,8.869797,64.568076,mothbeans
30,41,21,31.999286,61.140272,8.89912,63.643365,mothbeans
39,41,21,29.422073,60.858216,8.056278,38.823627,mothbeans
12,39,21,28.993191,62.859482,8.183845,70.471304,mothbeans
39,39,21,29.346303,60.848592,8.604291,37.161171,mothbeans
12,38,21,28.912221,64.199592,8.160909,72.276579,mothbeans
28,38,21,30.050816,47.341469,7.568739,71.798761,mothbeans
18,37,21,24.018254,52.852977,7.245369,37.61509,mothbeans
24,37,21,30.573999,58.226868,5.818219,62.748038,mothbeans
5,36,21,28.186092,55.284173,9.40939,64.208731,mothbeans
5,60,20,31.302684,46.040232,3.836216,50.567299,mothbeans
26,60,20,27.287999,53.834859,4.327053,34.960466,mothbeans
5,59,20,27.992892,46.463441,6.755114,54.48848,mothbeans
27,59,20,28.009374,52.6095,4.397699,36.01203,mothbeans
17,58,20,31.128968,43.587888,7.354287,70.799345,mothbeans
38,58,20,31.674339,45.437558,7.33871,69.108401,mothbeans
17,57,20,28.506779,45.200945,3.793575,66.176146,mothbeans
17,57,20,28.506779,45.200945,7.887659,48.46797,mothbeans
27,57,20,28.981029,51.812065,4.348606,35.93472,mothbeans
28,57,20,30.477577,45.200945,9.416003,66.176146,mothbeans
29,57,20,25.609734,50.733007,5.877075,53.392495,mothbeans
37,57,20,31.100625,44.820692,7.354287,70.799345,mothbeans
0,56,20,26.748561,60.263295,7.607795,37.771385,mothbeans
15,56,20,28.044258,45.005408,3.810307,65.841501,mothbeans
29,56,20,25.900296,49.681957,5.88138,56.134002,mothbeans
30,56,20,25.557309,49.901353,5.842175,52.542739,mothbeans
35,56,20,30.704613,52.146523,8.681812,55.513144,mothbeans
36,56,20,31.048053,52.36092,8.629327,56.987386,mothbeans
36,56,20,25.412376,49.664743,7.437078,31.87417,mothbeans
35,54,20,26.331848,50.649393,7.151171,31.621739,mothbeans
1,53,20,26.784289,45.056697,5.319501,41.395114,mothbeans
27,51,20,27.91547,54.487853,9.450153,48.882935,mothbeans
35,51,20,25.224801,47.094028,8.318941,65.35581,mothbeans
10,49,20,26.296642,45.019569,8.638683,72.813784,mothbeans
15,49,20,29.743487,51.50808,4.754976,33.4381,mothbeans
4,47,20,25.97949,64.955854,4.193189,72.192458,mothbeans
4,47,20,25.97949,49.326096,5.490911,48.252078,mothbeans
39,46,20,29.395445,57.650676,6.863097,39.67827,mothbeans
28,45,20,30.802921,61.165606,8.329183,30.92014,mothbeans
40,45,20,29.376875,57.696229,6.878498,38.343035,mothbeans
29,44,20,30.041323,63.56223,8.620108,31.831924,mothbeans
35,44,20,27.095629,42.262062,8.340398,31.831924,mothbeans
40,44,20,29.364592,59.320264,7.416027,39.477693,mothbeans
40,44,20,28.999531,58.207329,7.086669,37.818316,mothbeans
29,43,20,30.041323,63.56223,4.523636,31.831924,mothbeans
30,42,20,30.297039,63.192712,8.599427,31.125265,mothbeans
39,42,20,29.349971,61.253539,8.055909,40.828407,mothbeans
11,41,20,26.859113,45.200945,5.131779,44.138271,mothbeans
11,41,20,27.907945,42.478972,5.082488,43.826918,mothbeans
29,41,20,31.062208,62.62939,8.693402,65.169505,mothbeans
39,41,20,29.341033,62.268325,8.055792,41.934762,mothbeans
11,40,20,29.206243,62.811424,7.690227,69.764558,mothbeans
12,39,20,28.993191,62.859482,7.437078,31.87417,mothbeans
21,39,20,27.082537,57.699363,6.624353,61.443961,mothbeans
21,39,20,27.061797,52.300317,7.388007,60.745835,mothbeans
21,39,20,27.039059,52.388363,7.370787,60.693774,mothbeans
21,38,20,27.376344,61.890778,5.964156,62.460386,mothbeans
21,38,20,27.10508,63.567914,5.79429,62.202796,mothbeans
21,38,20,27.508614,53.784856,7.106025,61.066072,mothbeans
23,37,20,28.123117,47.141686,8.273137,67.177417,mothbeans
5,36,20,29.206931,53.730072,9.727614,68.426913,mothbeans
7,36,20,28.951956,56.842872,9.152398,67.806083,mothbeans
5,35,20,28.929526,53.570147,9.679241,66.356341,mothbeans
5,35,20,29.888941,55.075477,9.644375,63.703122,mothbeans
21,35,20,25.428722,50.114887,6.187516,36.151877,mothbeans
24,35,20,29.655807,44.102345,9.027123,74.295622,mothbeans
25,35,20,28.902454,43.353657,8.923096,71.900186,mothbeans
6,59,19,28.433057,46.402708,6.352735,54.301682,mothbeans
7,59,19,29.600354,46.241647,5.285649,53.806304,mothbeans
29,59,19,28.107529,52.01795,4.365489,35.76247,mothbeans
23,58,19,24.170932,58.252046,5.243635,59.189534,mothbeans
27,58,19,27.975024,52.915541,4.960853,35.417917,mothbeans
36,58,19,31.947573,46.406255,7.458205,69.173596,mothbeans
9,57,19,27.044535,61.582453,5.490911,48.252078,mothbeans
29,57,19,25.585417,51.302023,5.858139,52.993797,mothbeans
23,56,19,24.018254,59.060583,5.440354,59.924722,mothbeans
32,56,19,28.110856,56.404045,8.245474,33.881919,mothbeans
17,55,19,27.733717,45.320574,3.93649,65.420337,mothbeans
2,51,19,25.876823,45.963419,5.838509,32.711293,mothbeans
3,51,19,27.603935,63.508435,4.634511,33.713915,mothbeans
4,51,19,28.431791,63.755379,4.533491,33.244608,mothbeans
9,51,19,27.044535,49.326096,5.490911,48.252078,mothbeans
23,51,19,24.170932,61.349001,5.243635,70.104721,mothbeans
40,51,19,31.017482,45.532532,6.714588,54.989701,mothbeans
9,50,19,26.90557,51.091169,5.682519,48.504818,mothbeans
26,50,19,27.317912,51.669211,6.005243,32.559196,mothbeans
26,50,19,27.351826,51.887847,6.162764,32.521869,mothbeans
13,47,19,28.329824,53.204417,6.109726,34.130597,mothbeans
10,46,19,26.959211,45.869434,5.325653,46.359073,mothbeans
9,45,19,28.700121,60.162995,7.699201,35.374932,mothbeans
11,45,19,28.700121,44.359648,3.828031,44.116221,mothbeans
11,45,19,29.337434,44.359648,8.914075,42.440543,mothbeans
17,45,19,26.858519,48.824639,6.455593,34.742646,mothbeans
24,45,19,26.858519,48.824639,5.952385,34.742646,mothbeans
40,45,19,29.174797,58.216622,6.932923,39.936188,mothbeans
38,43,19,29.280238,60.790703,8.095555,42.711371,mothbeans
11,41,19,26.859113,41.814208,5.131779,44.138271,mothbeans
19,41,19,26.859113,41.814208,6.164963,44.138271,mothbeans
39,41,19,27.636103,59.67822,6.546752,36.861906,mothbeans
20,40,19,27.030752,53.545443,7.420723,60.503185,mothbeans
37,40,19,26.156684,60.450097,6.255617,35.487409,mothbeans
21,38,19,27.693112,61.593271,5.75289,63.782479,mothbeans
35,38,19,25.36508,63.104368,9.00333,32.82866,mothbeans
35,38,19,25.326888,63.181803,9.112772,32.711293,mothbeans
35,38,19,25.326888,63.181803,9.112772,32.711293,mothbeans
22,37,19,27.21109,47.069896,5.431407,37.812903,mothbeans
36,37,19,25.445346,63.185584,8.94247,32.471436,mothbeans
11,36,19,24.018254,41.814208,7.214079,44.138271,mothbeans
22,35,19,25.759855,49.257666,5.946511,36.414309,mothbeans
8,60,18,31.2163,46.018682,3.808429,53.120528,mothbeans
8,59,18,30.912295,46.263247,3.680143,55.124405,mothbeans
8,58,18,31.170115,45.370364,4.345288,53.389894,mothbeans
16,58,18,30.531118,58.994904,4.618115,32.905612,mothbeans
17,58,18,27.82481,45.982024,5.904395,68.830939,mothbeans
23,58,18,24.018254,58.562172,5.282703,59.05239,mothbeans
12,57,18,28.969638,55.946104,7.424741,70.206746,mothbeans
17,57,18,27.981945,44.931145,5.92145,71.653645,mothbeans
3,56,18,28.32535,53.006396,8.732,51.06069,mothbeans
18,56,18,28.001664,45.540989,5.974864,69.924529,mothbeans
40,55,18,30.382579,40.592607,7.115994,47.954065,mothbeans
40,54,18,30.116539,41.612717,6.837285,46.895072,mothbeans
38,53,18,30.448056,40.009334,7.118999,45.211053,mothbeans
40,53,18,30.567633,42.126032,6.99195,49.578336,mothbeans
27,52,18,27.500831,52.848478,6.854867,32.357867,mothbeans
10,51,18,27.021042,49.665138,5.548304,46.205483,mothbeans
25,51,18,27.777995,54.821308,9.459493,50.284387,mothbeans
25,51,18,27.777995,54.107746,9.459493,50.284387,mothbeans
27,51,18,27.468906,52.642658,6.706581,32.393005,mothbeans
3,49,18,27.910952,64.709306,5.261286,32.678919,mothbeans
3,49,18,27.910952,64.709306,3.692864,32.678919,mothbeans
3,48,18,28.612542,63.332942,3.756957,31.85942,mothbeans
32,48,18,26.457078,56.402263,5.993514,64.161677,mothbeans
33,47,18,31.2163,46.018682,8.621514,63.918765,mothbeans
22,46,18,30.025723,54.120553,4.620915,47.984394,mothbeans
25,46,18,26.051415,50.20258,6.111348,34.433594,mothbeans
40,45,18,30.186702,55.793061,5.642924,32.671832,mothbeans
40,45,18,30.393979,55.305941,5.326676,31.220275,mothbeans
40,45,18,30.436837,55.20522,5.261286,30.92014,mothbeans
11,44,18,29.396749,45.658946,3.853683,43.643297,mothbeans
39,44,18,30.703114,54.618469,5.334057,30.92014,mothbeans
4,43,18,29.029553,61.093875,8.840656,72.980166,mothbeans
6,43,18,29.064756,60.579804,8.806236,74.443307,mothbeans
8,41,18,24.832066,44.17085,5.885097,53.120528,mothbeans
9,41,18,28.605364,41.457937,6.495757,48.00899,mothbeans
32,41,18,28.636189,61.394513,5.993514,68.548779,mothbeans
40,41,18,29.123946,62.379443,8.063991,40.599566,mothbeans
8,40,18,30.039567,41.16533,7.615996,51.188025,mothbeans
21,40,18,27.015152,52.906685,7.388932,61.910712,mothbeans
37,39,18,27.074717,61.721946,6.331364,35.564664,mothbeans
35,38,18,25.630164,62.788163,8.997366,31.649214,mothbeans
38,38,18,26.310518,61.187491,6.29413,35.734038,mothbeans
22,35,18,26.323004,47.39467,5.414842,36.193802,mothbeans
23,35,18,26.490833,47.365348,5.414493,36.993628,mothbeans
8,60,17,31.142558,44.849177,3.838023,53.94127,mothbeans
2,58,17,25.876823,45.963419,5.838509,32.767429,mothbeans
3,58,17,28.170472,52.742288,8.70404,51.962983,mothbeans
14,58,17,30.536843,59.966647,4.605701,33.48919,mothbeans
17,58,17,27.540782,44.773192,5.781265,69.513675,mothbeans
29,58,17,30.459955,62.244163,9.413476,62.640587,mothbeans
36,58,17,28.660242,59.318912,8.399136,36.926297,mothbeans
40,58,17,30.536843,40.592607,4.605701,47.954065,mothbeans
28,57,17,30.287061,63.680833,9.790088,63.255739,mothbeans
28,57,17,30.477577,61.582453,9.416003,61.866339,mothbeans
33,57,17,25.376845,48.526201,7.454269,33.315575,mothbeans
3,56,17,28.199121,53.505676,8.709292,52.135805,mothbeans
10,56,17,28.199121,53.505676,8.709292,58.276007,mothbeans
17,56,17,27.942937,45.413936,5.956585,69.6629,mothbeans
40,56,17,30.275464,40.030157,7.126323,48.460742,mothbeans
18,55,17,26.963412,43.893573,5.722886,70.030317,mothbeans
35,55,17,28.061748,56.952717,7.704082,58.855391,mothbeans
3,54,17,28.035617,51.629999,8.928743,51.485473,mothbeans
25,54,17,29.380639,61.480499,9.076923,65.464242,mothbeans
34,52,17,29.727129,48.302792,3.506279,39.51784,mothbeans
2,51,17,25.876823,45.963419,5.838509,38.532547,mothbeans
35,51,17,28.799292,49.842134,3.558823,40.855347,mothbeans
10,50,17,31.089778,41.664641,7.671891,54.635615,mothbeans
36,50,17,28.894748,51.140156,4.107455,40.440145,mothbeans
38,50,17,30.045572,47.627659,5.312832,47.982774,mothbeans
22,49,17,28.234947,61.562052,3.711059,63.918765,mothbeans
36,49,17,29.473104,49.97507,3.532971,41.362705,mothbeans
38,49,17,29.67785,46.412922,7.109791,55.828895,mothbeans
40,49,17,31.022159,45.892395,6.687275,53.567833,mothbeans
40,49,17,31.022159,49.603848,6.687275,53.567833,mothbeans
6,48,17,27.652072,60.616521,5.515211,34.787611,mothbeans
40,48,17,30.850092,46.544935,6.519958,54.340719,mothbeans
40,48,17,31.034438,47.333839,6.884554,53.886476,mothbeans
32,47,17,24.731294,48.354354,8.621979,65.779457,mothbeans
33,47,17,24.86804,48.27532,8.621514,63.918765,mothbeans
11,46,17,27.363534,53.998162,7.885715,34.180386,mothbeans
40,46,17,31.631337,55.674101,5.203704,30.92014,mothbeans
8,44,17,31.075959,41.109134,8.16949,54.315045,mothbeans
11,44,17,25.361308,53.713942,7.747705,35.886534,mothbeans
11,44,17,26.340433,55.591604,8.016211,35.10512,mothbeans
11,44,17,26.469794,55.988985,7.765277,35.011963,mothbeans
22,44,17,24.309351,56.329383,8.621514,58.995363,mothbeans
4,43,17,28.799292,61.093875,3.558823,40.855347,mothbeans
11,43,17,26.544733,57.309982,8.041952,37.120214,mothbeans
32,43,17,28.799292,49.842134,5.270749,40.855347,mothbeans
7,42,17,31.14726,41.013454,8.358978,54.039455,mothbeans
7,40,17,31.212394,40.926049,8.532079,53.7877,mothbeans
22,37,17,30.919265,49.526965,7.93491,66.890236,mothbeans
13,59,16,30.951529,61.306858,4.688922,34.699848,mothbeans
27,58,16,30.470801,61.755397,9.405705,61.792278,mothbeans
25,57,16,28.902454,57.142188,8.292876,71.900186,mothbeans
36,57,16,28.614091,57.142188,8.292876,57.028917,mothbeans
29,56,16,31.480368,61.027441,9.301796,60.403322,mothbeans
29,56,16,28.275694,54.794697,8.403148,31.920621,mothbeans
40,56,16,30.319771,40.009334,7.091197,48.136879,mothbeans
17,54,16,27.928828,46.580443,5.988071,68.106503,mothbeans
28,54,16,27.662491,54.817914,8.143134,32.965256,mothbeans
29,54,16,28.614091,54.6503,8.153023,57.028917,mothbeans
29,54,16,27.780315,54.6503,8.153023,32.050253,mothbeans
22,51,16,27.965837,61.349001,8.639586,70.104721,mothbeans
26,51,16,28.210574,61.281699,9.072385,68.625157,mothbeans
26,51,16,27.841323,55.627817,9.428886,49.319134,mothbeans
35,51,16,27.965837,61.349001,9.935091,65.675918,mothbeans
9,49,16,30.884827,41.365618,7.661537,55.053805,mothbeans
30,49,16,26.268978,53.606423,7.519972,40.884545,mothbeans
9,48,16,30.245886,42.475407,7.642854,54.27396,mothbeans
40,48,16,30.974751,45.585675,6.688587,54.751739,mothbeans
4,46,16,29.559859,63.14056,3.703475,66.202579,mothbeans
10,45,16,26.27471,56.452634,8.014718,35.711084,mothbeans
20,45,16,29.939649,54.618135,4.626212,45.436699,mothbeans
32,45,16,24.853865,46.657994,7.543256,59.254247,mothbeans
33,45,16,24.838494,47.82062,8.599184,62.759969,mothbeans
32,43,16,29.231332,59.523235,7.685712,67.376447,mothbeans
32,42,16,28.624013,61.259828,7.751278,67.009978,mothbeans
19,41,16,28.636189,61.394513,6.164963,68.548779,mothbeans
32,41,16,28.636189,61.394513,7.702287,68.548779,mothbeans
32,41,16,28.725676,61.440063,7.738846,68.42413,mothbeans
32,37,16,28.778334,61.394513,7.702287,68.548779,mothbeans
22,36,16,30.581395,50.771481,8.184229,64.585596,mothbeans
14,55,15,27.335809,55.277559,8.050304,73.447753,mothbeans
14,54,15,30.421517,56.491159,8.106131,45.995817,mothbeans
15,54,15,29.976024,57.030588,8.353018,44.860829,mothbeans
15,54,15,29.976043,57.031844,8.354958,44.860529,mothbeans
16,54,15,29.69192,55.552851,8.503953,45.60601,mothbeans
34,53,15,28.91108,61.199529,9.873043,65.220551,mothbeans
16,52,15,29.818189,56.780719,8.360848,48.723319,mothbeans
35,52,15,28.698413,61.147544,9.935091,65.675918,mothbeans
35,51,15,28.694857,61.161657,9.807494,65.840092,mothbeans
28,49,15,24.549392,55.078362,9.376907,39.82166,mothbeans
25,48,15,25.00483,55.92282,9.258915,40.128831,mothbeans
28,48,15,25.161254,55.254358,9.254089,40.897328,mothbeans
4,47,15,31.197007,60.355603,3.614124,66.147483,mothbeans
4,46,15,31.012749,62.403925,3.504752,63.771924,mothbeans
20,46,15,29.974922,54.738672,4.632585,46.274154,mothbeans
8,45,15,28.045576,60.942077,4.713469,33.948032,mothbeans
8,45,15,28.09569,60.983538,4.611364,33.841108,mothbeans
10,45,15,26.281791,56.376244,8.022757,34.058952,mothbeans
11,44,15,26.161106,55.095571,8.029198,36.355339,mothbeans
20,44,15,29.971377,53.918881,4.651181,43.610771,mothbeans
29,42,15,24.758848,45.66052,5.819167,52.547565,mothbeans
29,42,15,24.610603,45.76322,5.824367,50.693535,mothbeans
30,41,15,24.832066,44.17085,5.885097,52.081089,mothbeans
7,39,15,31.237125,41.187793,8.524077,54.822625,mothbeans
7,60,25,28.275317,82.760208,6.397637,56.049954,mungbean
33,60,25,29.670418,84.346329,7.05125,39.528466,mungbean
34,60,25,29.784167,85.16907,6.793856,40.778728,mungbean
3,59,25,27.641454,82.998445,6.420233,52.436155,mungbean
3,59,25,27.62659,81.324088,6.218924,52.003841,mungbean
4,59,25,27.685151,84.342627,6.635969,54.622433,mungbean
4,59,25,27.685151,81.942686,6.227134,54.622433,mungbean
11,59,25,27.254587,88.872067,7.068324,51.092293,mungbean
23,59,25,27.826262,88.731002,6.320768,56.688338,mungbean
23,59,25,27.645133,88.342003,6.528369,54.889995,mungbean
24,59,25,28.224713,82.359162,6.428054,56.688338,mungbean
33,59,25,29.827287,85.100905,6.771116,41.558912,mungbean
20,58,25,27.966741,87.983153,6.481443,54.846998,mungbean
25,58,25,27.758546,89.128499,6.349951,56.325267,mungbean
13,57,25,28.300415,86.206816,6.863086,50.473339,mungbean
4,56,25,27.38539,88.66664,6.227134,58.299331,mungbean
9,55,25,29.914544,89.996156,7.199495,43.177576,mungbean
13,55,25,27.308322,87.854222,7.000327,51.083375,mungbean
31,51,25,27.535929,85.57019,7.196774,53.018992,mungbean
37,50,25,29.756951,88.313736,6.535227,55.015333,mungbean
1,49,25,29.324931,86.453665,6.218924,57.564846,mungbean
27,49,25,27.840265,89.996156,7.063022,52.84626,mungbean
37,49,25,29.914544,85.853844,6.41546,41.390815,mungbean
37,49,25,29.912709,85.844203,6.420787,41.382197,mungbean
27,46,25,29.454913,80.114115,6.509243,57.911849,mungbean
30,44,25,29.891291,86.899341,7.128511,50.467461,mungbean
36,42,25,27.963909,88.153782,6.350716,59.872321,mungbean
23,40,25,28.275831,82.138311,6.445162,41.090432,mungbean
27,40,25,27.807767,89.996156,7.043241,51.917904,mungbean
29,39,25,27.900877,89.996156,7.119808,52.499766,mungbean
30,38,25,29.914544,80.034996,7.199495,55.8365,mungbean
28,37,25,27.531932,89.996156,7.199495,48.032963,mungbean
29,37,25,28.436835,80.144872,7.120032,54.796013,mungbean
29,37,25,29.891291,88.439398,7.120032,48.566902,mungbean
30,37,25,29.891291,80.144872,7.120032,54.796013,mungbean
30,37,25,29.295692,83.220633,7.123832,52.486145,mungbean
34,37,25,28.44525,80.144872,7.120032,58.187132,mungbean
24,36,25,28.224713,82.359162,6.428054,48.566902,mungbean
29,36,25,29.1283,81.220107,7.165596,55.446735,mungbean
29,36,25,27.965602,89.973277,7.174824,50.361334,mungbean
29,36,25,28.285115,88.439398,7.130279,48.566902,mungbean
29,35,25,27.987222,87.187871,7.108195,48.73237,mungbean
1,60,24,27.366429,86.86776,7.193128,43.852826,mungbean
1,59,24,28.636281,87.17649,7.184399,48.483193,mungbean
6,59,24,27.58218,83.881926,6.465379,53.5805,mungbean
2,58,24,27.32012,88.126547,7.191276,45.634343,mungbean
12,58,24,27.842362,87.298016,6.943864,50.770296,mungbean
12,58,24,28.03447,86.840365,6.909985,50.645752,mungbean
9,57,24,29.892328,89.715033,7.165121,42.99499,mungbean
9,57,24,28.809577,86.705065,6.913401,42.730658,mungbean
12,56,24,28.346213,86.61199,6.773334,50.476932,mungbean
33,56,24,28.200318,84.067094,7.027814,55.261473,mungbean
32,50,24,27.728958,84.517204,7.142485,51.40324,mungbean
31,49,24,27.386351,85.757801,7.157133,52.590848,mungbean
1,48,24,29.345946,85.604726,6.232837,59.0363,mungbean
6,48,24,28.636281,84.614311,6.790736,48.483193,mungbean
31,48,24,29.345946,85.604726,7.121571,51.526174,mungbean
7,47,24,28.566684,84.424833,6.79182,48.777066,mungbean
11,46,24,27.652802,89.806506,6.459252,56.52558,mungbean
11,46,24,27.654647,89.764183,6.458371,56.415853,mungbean
24,45,24,28.941394,86.4217,6.930118,52.900981,mungbean
27,40,24,27.014704,88.309234,7.199495,54.55319,mungbean
27,40,24,27.840265,89.996156,7.063022,52.84626,mungbean
27,40,24,27.87305,89.881424,7.067979,52.530875,mungbean
1,38,24,29.755389,86.451933,6.232837,59.0363,mungbean
29,36,24,29.738479,82.93449,7.1355,56.945329,mungbean
19,35,24,27.296303,82.320887,6.960315,50.414411,mungbean
19,35,24,27.766056,83.490234,7.106109,49.414908,mungbean
19,35,24,27.110304,83.642741,6.883308,49.119646,mungbean
11,60,23,27.336844,88.502291,7.033013,51.098026,mungbean
12,60,23,27.379566,88.950642,7.030212,54.073052,mungbean
29,60,23,27.336844,88.502291,7.033013,43.120633,mungbean
1,59,23,27.46853,87.17649,7.184399,43.78421,mungbean
9,59,23,29.914544,89.24831,7.199495,41.97992,mungbean
34,59,23,28.562122,83.248559,6.935804,56.482652,mungbean
30,58,23,28.860921,83.370233,6.90788,58.915309,mungbean
32,58,23,28.535921,87.149083,6.747065,43.679934,mungbean
32,57,23,28.873273,87.786648,6.796726,44.646305,mungbean
11,55,23,27.336844,88.502291,7.033013,51.098026,mungbean
19,55,23,27.860987,80.366713,6.869349,42.365464,mungbean
21,54,23,28.574239,84.024795,6.699295,40.221138,mungbean
28,51,23,29.650212,80.298683,6.679127,56.762784,mungbean
36,51,23,29.76839,88.817003,6.54183,57.94929,mungbean
4,50,23,27.685151,81.942686,6.227134,56.019132,mungbean
37,50,23,29.652969,88.485874,6.530471,56.019132,mungbean
37,50,23,29.86779,88.610779,6.530949,54.292585,mungbean
10,48,23,27.578918,86.974785,6.393357,50.904378,mungbean
10,47,23,27.640955,87.143805,6.446465,46.859474,mungbean
22,46,23,28.285911,88.524425,7.199495,57.987589,mungbean
4,45,23,28.776535,86.133164,7.01274,43.800411,mungbean
12,45,23,27.618568,89.996156,6.469961,57.090861,mungbean
23,45,23,28.776535,86.69134,6.98313,56.124432,mungbean
28,45,23,29.650212,80.298683,6.489259,56.762784,mungbean
33,45,23,28.027526,83.606084,6.254624,37.976965,mungbean
38,45,23,28.776535,84.884573,6.98313,36.120429,mungbean
24,44,23,28.896273,86.907241,6.976017,55.917031,mungbean
11,42,23,28.124345,89.508633,6.727111,57.40492,mungbean
24,42,23,28.727527,82.359162,7.069748,58.529743,mungbean
24,42,23,28.224713,82.359162,6.428054,44.012066,mungbean
23,39,23,29.193705,84.323416,7.099491,40.654467,mungbean
21,38,23,29.755389,86.451933,7.033013,37.546027,mungbean
20,36,23,27.80641,83.103284,6.877318,46.818479,mungbean
28,36,23,28.165401,88.461348,7.104169,44.74766,mungbean
28,35,23,29.609215,85.294246,7.148583,58.76345,mungbean
10,59,22,28.609011,86.994958,7.155685,36.94617,mungbean
10,59,22,28.609011,84.884573,7.155685,36.94617,mungbean
34,59,22,28.340601,82.775349,6.974766,57.251722,mungbean
25,58,22,27.714657,89.007099,6.311693,54.254401,mungbean
32,58,22,27.632297,89.996156,6.894378,43.751912,mungbean
33,58,22,28.429428,87.197391,6.801149,43.366573,mungbean
32,57,22,27.547632,89.507733,6.703193,57.052915,mungbean
32,57,22,28.689985,87.504368,6.769416,44.565984,mungbean
33,57,22,27.705617,87.192205,6.766188,57.804954,mungbean
7,54,22,28.253315,81.723802,7.010024,37.521465,mungbean
8,54,22,28.998912,83.552745,6.387185,56.073634,mungbean
34,54,22,28.082816,88.611043,6.649779,57.598024,mungbean
19,53,22,27.864013,80.451314,6.852885,42.830539,mungbean
19,53,22,27.978858,80.976024,6.826036,42.531292,mungbean
37,52,22,28.661915,86.92948,6.570101,55.747623,mungbean
0,50,22,29.688697,88.759071,6.985591,44.643877,mungbean
36,50,22,28.676161,86.80836,6.461028,55.541028,mungbean
38,49,22,29.914544,86.278455,6.356194,40.406886,mungbean
9,48,22,27.770763,87.099795,6.459252,56.52558,mungbean
9,48,22,27.770763,87.099795,6.402926,49.508126,mungbean
9,48,22,27.770763,87.099795,6.402926,46.756901,mungbean
25,48,22,28.341347,83.620135,6.290357,51.136769,mungbean
9,46,22,27.014704,84.573273,6.371797,48.108181,mungbean
24,46,22,28.642892,85.427156,6.700614,54.714811,mungbean
19,45,22,28.769809,89.996156,6.810165,54.376282,mungbean
20,45,22,29.878881,87.327612,6.904587,54.961213,mungbean
20,45,22,29.588816,89.993969,6.904587,54.961213,mungbean
34,44,22,29.092845,85.207032,6.432654,37.579539,mungbean
36,43,22,27.826843,87.166791,6.389882,58.372498,mungbean
5,42,22,28.090361,88.10911,6.497891,42.36837,mungbean
35,42,22,28.210062,81.750561,6.934117,51.147757,mungbean
23,41,22,28.198145,82.279731,6.638912,44.921042,mungbean
31,40,22,29.408894,86.160635,6.365514,53.35487,mungbean
5,39,22,28.362914,81.979522,6.487124,43.051301,mungbean
21,39,22,28.990577,86.553348,6.435247,36.883581,mungbean
23,39,22,29.256493,81.979522,6.864839,42.024833,mungbean
24,39,22,28.65629,81.648335,6.622135,42.872404,mungbean
3,37,22,27.49347,85.96886,7.020331,43.626427,mungbean
4,37,22,27.850193,84.980645,6.954423,43.902001,mungbean
10,37,22,28.727527,89.127604,7.069748,58.529743,mungbean
20,37,22,27.643083,82.857912,6.976798,47.90243,mungbean
4,36,22,27.608874,86.133164,7.01274,43.800411,mungbean
28,35,22,29.530376,86.73346,7.156563,59.872321,mungbean
33,35,22,28.451443,80.034996,6.535303,56.99915,mungbean
36,60,21,28.275317,82.760208,6.397637,56.049954,mungbean
9,59,21,28.604074,87.618052,7.106262,37.722025,mungbean
20,56,21,27.529228,88.031119,6.974247,55.210859,mungbean
32,56,21,27.38539,88.66664,6.702772,58.299331,mungbean
32,56,21,27.464176,88.660359,6.696786,58.220106,mungbean
8,50,21,28.629112,89.114806,6.218924,50.499132,mungbean
8,50,21,28.526512,88.873947,6.240918,50.380675,mungbean
10,50,21,27.85313,86.586546,6.471873,52.709583,mungbean
9,49,21,29.914544,83.356352,6.6114,57.861397,mungbean
9,49,21,29.350823,85.536103,6.429924,56.208536,mungbean
10,49,21,28.501755,89.926994,6.236916,52.192408,mungbean
25,49,21,28.787611,81.556848,6.218924,50.541499,mungbean
10,48,21,28.16541,87.328191,6.441538,47.770995,mungbean
14,48,21,29.24599,84.800841,6.991242,53.432289,mungbean
24,48,21,27.973971,82.241283,6.218924,52.212527,mungbean
25,48,21,28.438097,83.489914,6.267684,52.5547,mungbean
36,48,21,28.363194,83.489914,6.267684,52.5547,mungbean
5,47,21,28.362914,85.991279,6.401456,43.051301,mungbean
9,47,21,28.140316,84.913592,6.485684,49.478533,mungbean
11,47,21,28.602584,87.581197,6.48431,45.846678,mungbean
34,47,21,28.870628,85.429348,6.525972,38.190491,mungbean
31,46,21,27.23925,86.404241,6.459252,56.52558,mungbean
5,45,21,28.362914,88.009893,6.248901,44.175809,mungbean
5,45,21,28.362914,88.009893,6.487124,43.051301,mungbean
5,45,21,28.337737,87.518533,6.505898,42.397285,mungbean
34,45,21,28.188371,82.606297,6.28738,37.011104,mungbean
37,44,21,28.438147,81.762097,7.199495,54.743397,mungbean
36,43,21,28.954512,84.859361,7.140438,57.659014,mungbean
36,43,21,28.363194,84.859361,7.140438,52.930311,mungbean
23,42,21,28.521407,83.011891,6.434126,44.299555,mungbean
34,42,21,28.833185,85.444219,6.792148,53.121129,mungbean
37,42,21,28.072436,86.458072,6.480498,58.681463,mungbean
4,41,21,29.745899,80.034996,6.797703,44.031991,mungbean
25,41,21,28.332745,80.034996,6.356963,42.769467,mungbean
35,41,21,28.658608,80.803066,6.680594,57.571372,mungbean
4,40,21,28.797281,80.457444,6.725551,44.300705,mungbean
10,40,21,28.727527,81.13903,6.248901,58.529743,mungbean
25,40,21,27.733291,81.13903,6.248901,44.175809,mungbean
4,39,21,28.144485,82.119305,6.725551,44.300705,mungbean
22,39,21,28.656351,82.054962,6.972747,44.578693,mungbean
25,39,21,27.895603,83.182929,6.218924,44.604251,mungbean
4,38,21,27.704346,85.417211,6.98781,43.651198,mungbean
21,38,21,28.486902,82.021367,7.042921,45.211338,mungbean
21,38,21,29.755389,86.451933,6.637677,37.546027,mungbean
22,38,21,29.531009,84.440448,6.739844,39.560389,mungbean
22,38,21,29.888922,85.904683,6.632793,36.120429,mungbean
32,38,21,28.297183,83.467855,6.67506,36.533572,mungbean
23,37,21,27.23925,86.404241,6.713411,56.124432,mungbean
25,37,21,28.997314,81.13903,6.248901,44.175809,mungbean
31,37,21,27.23925,86.404241,6.713411,37.312369,mungbean
31,37,21,27.23925,86.404241,6.684381,37.312369,mungbean
27,36,21,29.484849,87.104419,7.199495,59.872321,mungbean
31,36,21,27.273312,84.116906,6.87785,36.254278,mungbean
32,36,21,27.074007,86.372191,6.755593,36.698509,mungbean
37,36,21,28.22299,83.210912,6.723087,36.120429,mungbean
38,36,21,28.029526,84.884573,6.556373,36.120429,mungbean
4,35,21,27.604006,86.46928,6.986997,42.016201,mungbean
32,35,21,28.759217,83.850255,6.821001,58.674719,mungbean
34,35,21,28.44525,82.676395,6.684381,58.187132,mungbean
34,35,21,28.32363,83.220962,6.711636,53.809561,mungbean
38,35,21,28.432683,86.261378,6.80027,36.120429,mungbean
11,58,20,28.933371,86.009864,7.019393,37.759,mungbean
17,58,20,28.066428,85.916255,6.324005,58.866871,mungbean
17,58,20,28.080433,85.851808,6.436746,39.288516,mungbean
17,58,20,28.123083,85.82957,6.435455,39.265933,mungbean
17,58,20,28.066428,85.916255,6.429379,39.23831,mungbean
20,56,20,27.455016,87.918606,7.167358,58.46409,mungbean
27,56,20,29.211422,87.114978,6.418743,51.538482,mungbean
19,55,20,27.433294,87.805077,7.185301,54.733676,mungbean
19,55,20,27.433294,87.805077,7.185301,54.733676,mungbean
23,55,20,28.495279,84.487742,6.667185,39.16442,mungbean
36,55,20,27.014704,84.342627,6.635969,55.296354,mungbean
7,54,20,28.26044,81.317335,7.046986,39.2217,mungbean
8,54,20,28.334043,80.77276,7.034214,38.797641,mungbean
20,54,20,27.297125,87.389186,7.199495,54.014342,mungbean
22,54,20,28.561498,83.638022,6.666381,50.664875,mungbean
22,54,20,28.759055,84.191318,6.719961,41.573842,mungbean
22,54,20,28.561498,83.638022,6.689825,41.013132,mungbean
22,54,20,28.561498,83.489914,6.689825,41.013132,mungbean
18,53,20,28.341885,89.996156,7.196086,54.966784,mungbean
19,53,20,27.625174,89.996156,7.199495,53.239443,mungbean
8,50,20,28.812776,88.657287,6.265102,51.631573,mungbean
4,48,20,29.664616,84.281876,6.377569,56.09542,mungbean
9,48,20,29.664616,84.281876,6.377569,56.09542,mungbean
25,48,20,28.480942,83.943677,6.296296,53.689613,mungbean
13,47,20,29.2178,87.937242,6.421271,57.659014,mungbean
13,47,20,29.066966,87.84995,6.529745,43.802593,mungbean
13,47,20,29.2178,87.937242,6.544502,43.138663,mungbean
13,47,20,28.561498,87.937242,6.689825,41.013132,mungbean
15,47,20,29.308571,83.876102,7.003516,53.790915,mungbean
24,47,20,28.432151,84.085612,6.244698,50.169357,mungbean
24,47,20,28.408408,82.251779,6.287004,50.137567,mungbean
25,47,20,28.461136,84.358116,6.278806,52.674029,mungbean
13,46,20,29.914544,87.163105,6.696883,42.262462,mungbean
20,46,20,28.284697,84.718626,6.785031,36.120429,mungbean
4,42,20,28.063877,83.680886,6.76764,39.985052,mungbean
4,41,20,28.147209,83.800151,6.647966,37.448005,mungbean
9,41,20,28.705627,84.281876,6.705009,56.09542,mungbean
20,41,20,29.868601,89.487502,7.073048,58.413941,mungbean
20,41,20,28.213277,87.633483,7.199495,52.399395,mungbean
20,41,20,29.093906,89.996156,6.847085,51.479982,mungbean
20,41,20,29.273086,89.487502,7.073048,50.924655,mungbean
40,41,20,28.147209,86.121946,6.647966,50.015343,mungbean
5,40,20,29.03875,81.274175,6.722196,41.521747,mungbean
21,39,20,28.144485,82.119305,7.064782,46.756901,mungbean
22,39,20,28.152787,83.506209,7.199495,44.888532,mungbean
28,39,20,29.650212,80.298683,7.064782,46.756901,mungbean
6,38,20,27.83069,82.581021,6.76289,38.781099,mungbean
31,38,20,29.168034,84.474632,6.958179,59.871589,mungbean
32,38,20,27.467888,86.573977,6.736118,38.295519,mungbean
7,37,20,27.876812,80.805457,6.850916,41.790862,mungbean
22,37,20,27.627495,86.493669,6.605733,39.261376,mungbean
34,37,20,28.547569,82.250268,6.692487,58.848698,mungbean
33,36,20,29.131368,80.914204,6.667499,59.872321,mungbean
9,35,20,27.415035,80.980047,6.913809,40.531732,mungbean
35,35,20,28.506469,82.799786,6.699614,58.370973,mungbean
25,59,19,29.125909,83.953933,6.646003,44.010534,mungbean
25,59,19,29.066315,83.68692,6.62663,43.951837,mungbean
25,59,19,29.914544,83.271355,6.552669,43.705806,mungbean
25,57,19,28.036959,85.149595,6.558736,42.894759,mungbean
28,57,19,28.680502,86.572408,6.596334,51.535372,mungbean
20,53,19,28.284411,84.787887,6.557055,42.497105,mungbean
38,53,19,27.675035,85.056373,6.726077,53.177958,mungbean
35,52,19,27.106068,89.895933,6.698574,37.456806,mungbean
4,51,19,27.956397,83.52706,6.921994,53.018992,mungbean
33,48,19,28.251027,82.186616,6.790175,53.531453,mungbean
34,48,19,27.237732,86.152549,6.561138,53.815462,mungbean
34,47,19,27.560504,85.768615,6.564752,53.454673,mungbean
34,47,19,27.374574,85.506158,6.569803,53.177279,mungbean
34,47,19,27.313728,85.448152,6.568795,53.152231,mungbean
34,46,19,27.650861,84.012556,6.624883,53.170672,mungbean
5,45,19,28.863991,81.313392,6.695522,39.367919,mungbean
8,45,19,27.967123,85.161716,7.041218,45.750373,mungbean
21,45,19,27.8958,85.427756,7.102941,51.465784,mungbean
35,45,19,27.423604,86.199937,6.671606,54.930105,mungbean
4,44,19,27.956397,83.52706,6.921994,43.257268,mungbean
31,44,19,27.23925,86.404241,6.921994,37.312369,mungbean
20,43,19,27.193023,86.711521,7.118655,51.567764,mungbean
35,42,19,28.451959,83.201213,6.614045,59.438199,mungbean
3,41,19,27.825141,82.89123,6.646286,39.617926,mungbean
20,40,19,28.518314,89.996156,7.199495,50.782659,mungbean
21,38,19,28.168953,86.933722,6.77096,40.870697,mungbean
22,38,19,29.160243,82.601275,6.870965,36.923118,mungbean
37,38,19,28.40889,87.285697,6.28525,57.346894,mungbean
31,37,19,27.324896,87.745729,6.707672,38.509068,mungbean
33,37,19,27.926786,86.55432,7.18319,43.482619,mungbean
33,37,19,27.898986,86.548251,7.164195,43.233134,mungbean
33,37,19,27.764538,86.518903,7.072329,42.026533,mungbean
34,37,19,28.333746,87.179047,7.199495,42.936519,mungbean
8,36,19,27.14639,80.034996,6.912173,40.769239,mungbean
8,36,19,27.721614,80.692436,6.843907,39.442,mungbean
31,36,19,27.947359,85.584618,7.19251,42.566902,mungbean
37,59,18,27.996967,88.463551,6.782917,59.105665,mungbean
24,58,18,29.387752,85.127115,6.731123,44.26843,mungbean
25,58,18,28.951545,84.125672,6.622894,45.59743,mungbean
27,58,18,29.069867,83.364399,6.606835,45.409306,mungbean
19,55,18,27.433294,87.805077,6.715277,54.733676,mungbean
20,54,18,28.10727,88.287853,7.008686,52.489375,mungbean
36,53,18,27.476094,89.996156,6.547877,38.231253,mungbean
24,52,18,28.75262,89.134008,6.384011,53.867783,mungbean
39,52,18,28.217368,85.642575,6.800084,51.438113,mungbean
6,51,18,29.161746,86.121946,6.860603,40.16546,mungbean
0,49,18,29.641055,86.147935,7.057697,41.955924,mungbean
0,49,18,29.683617,87.935981,6.990095,41.824902,mungbean
0,48,18,29.537576,86.434847,6.763842,43.135991,mungbean
0,48,18,29.914544,84.664155,7.173958,41.525769,mungbean
6,47,18,29.161746,80.280381,6.715277,40.16546,mungbean
11,47,18,27.336844,88.502291,6.715277,40.16546,mungbean
8,45,18,27.930363,85.419602,7.010984,43.250959,mungbean
8,45,18,27.930349,85.420587,7.011031,43.250956,mungbean
21,45,18,27.426016,87.255258,7.058647,50.130742,mungbean
21,44,18,27.0691,86.899341,7.128511,50.467461,mungbean
22,41,18,28.705627,81.592007,6.689825,41.013132,mungbean
35,41,18,28.705627,81.592007,6.705009,59.870654,mungbean
3,39,18,27.754146,89.851277,6.60017,44.984924,mungbean
19,39,18,29.044562,81.867129,6.926468,44.948928,mungbean
34,39,18,29.061522,80.034996,6.671074,59.872321,mungbean
36,39,18,27.94319,87.021334,7.160769,40.069252,mungbean
2,38,18,28.342828,89.996156,6.855328,45.757366,mungbean
2,38,18,27.536329,89.929082,6.619891,45.485919,mungbean
24,60,17,29.337161,83.114028,6.611341,44.357733,mungbean
10,59,17,29.070414,89.059851,6.540097,56.499073,mungbean
24,59,17,29.100332,83.815735,6.6172,41.827666,mungbean
33,57,17,27.896361,88.717823,6.784153,57.798634,mungbean
22,56,17,29.878881,87.327612,6.89078,44.752159,mungbean
22,56,17,29.775305,87.246958,6.864413,44.437062,mungbean
33,55,17,27.0903,88.686771,6.722862,57.897891,mungbean
38,55,17,28.379063,88.661299,6.849636,40.532447,mungbean
10,54,17,27.047366,80.034996,6.926314,36.120429,mungbean
22,54,17,27.883529,83.638022,6.689825,44.644071,mungbean
26,54,17,28.547414,88.957045,6.272588,49.489724,mungbean
24,53,17,28.954512,89.078661,6.421271,57.659014,mungbean
25,53,17,28.619203,89.763721,6.666901,59.872321,mungbean
17,52,17,28.799037,85.606659,6.3601,44.763322,mungbean
17,52,17,27.883529,86.451476,6.364967,44.644071,mungbean
40,51,17,28.660863,86.121946,6.860603,50.015343,mungbean
2,50,17,29.641705,88.673677,6.948975,45.519115,mungbean
28,50,17,28.911255,87.825013,6.523054,55.393164,mungbean
39,50,17,28.352124,86.386271,6.884694,51.013909,mungbean
31,48,17,28.880789,86.942068,6.594739,53.797325,mungbean
31,47,17,29.1394,85.708785,6.548335,52.919738,mungbean
27,46,17,28.819143,87.430785,6.534331,46.170597,mungbean
5,45,17,28.022623,84.360152,6.931157,42.59634,mungbean
20,45,17,28.174587,83.696593,6.770955,37.246466,mungbean
24,45,17,29.914544,80.128425,6.842388,52.496995,mungbean
30,45,17,29.710007,84.410919,6.378953,49.525656,mungbean
31,45,17,28.878808,83.79234,6.486889,51.703272,mungbean
31,45,17,29.914544,82.787196,6.434282,48.810286,mungbean
24,44,17,29.859691,80.034996,6.666381,50.664875,mungbean
20,43,17,29.161687,82.95511,6.630642,36.430855,mungbean
8,41,17,29.129395,88.483126,7.085982,50.499132,mungbean
14,41,17,29.129395,88.483126,7.085982,36.450128,mungbean
14,40,17,28.479872,87.632659,7.199495,37.073303,mungbean
20,40,17,29.0087,85.721639,7.146263,45.721259,mungbean
19,39,17,27.962357,81.800924,6.581351,48.936695,mungbean
19,39,17,29.280862,81.800924,6.890156,44.474274,mungbean
20,39,17,29.876849,80.048022,6.706672,45.397848,mungbean
38,39,17,28.580278,84.992574,6.667875,59.320346,mungbean
6,38,17,27.80952,80.708043,6.555475,38.00657,mungbean
6,38,17,27.054355,80.034996,6.598204,37.589905,mungbean
19,38,17,29.914544,82.239375,6.990626,45.754541,mungbean
6,37,17,28.086572,80.350059,6.760694,38.144768,mungbean
7,37,17,27.877596,80.034996,6.752149,39.88757,mungbean
33,37,17,27.926786,88.483126,7.18319,43.482619,mungbean
40,37,17,29.044973,83.690115,6.774125,59.872321,mungbean
6,35,17,28.222258,81.149672,6.739322,36.912785,mungbean
33,59,16,28.607105,83.971976,6.600088,56.931487,mungbean
12,57,16,28.165658,81.332994,6.826251,36.120429,mungbean
14,57,16,29.602345,83.566214,6.594119,39.987164,mungbean
32,57,16,27.656433,87.573234,6.887138,55.884185,mungbean
8,56,16,28.27502,81.119298,6.846024,38.369469,mungbean
10,56,16,28.174327,81.045548,6.828187,38.797641,mungbean
10,56,16,28.174327,81.045548,6.828187,36.357207,mungbean
10,55,16,28.378167,82.030628,6.569308,36.498923,mungbean
31,53,16,28.74201,85.816759,6.452006,48.545986,mungbean
38,50,16,28.014156,86.675621,6.911065,52.107013,mungbean
28,47,16,27.734118,87.35454,6.630563,43.478766,mungbean
28,46,16,29.008124,84.960894,6.664188,45.910114,mungbean
28,46,16,29.008124,84.960894,6.664188,45.910114,mungbean
28,46,16,29.543027,89.996156,6.778,44.017485,mungbean
24,45,16,29.741952,80.520682,6.674357,47.570104,mungbean
26,45,16,29.404878,82.665866,6.665209,48.125407,mungbean
29,45,16,28.614751,89.996156,6.684024,44.609225,mungbean
29,45,16,28.436835,87.913327,6.583382,43.120633,mungbean
30,44,16,29.73013,82.891664,6.442336,50.915113,mungbean
30,44,16,29.174587,85.048749,6.502923,47.566947,mungbean
31,44,16,29.330779,83.314167,6.463235,51.284834,mungbean
35,44,16,29.73013,82.891664,6.442336,50.915113,mungbean
20,42,16,28.614371,87.624843,7.172314,47.121203,mungbean
20,39,16,28.586101,88.763334,7.199495,43.53034,mungbean
19,38,16,29.342704,82.046952,6.875224,44.635566,mungbean
1,37,16,27.381696,89.996156,6.631298,47.458047,mungbean
17,37,16,27.833367,85.198937,6.599211,47.603195,mungbean
6,36,16,27.112043,80.034996,6.609511,38.693019,mungbean
33,36,16,27.979428,85.505377,7.178375,46.618159,mungbean
35,36,16,28.455624,89.794049,6.337991,59.872321,mungbean
33,60,15,28.951724,81.670853,6.510841,56.511033,mungbean
10,59,15,29.830404,89.304283,6.324005,58.866871,mungbean
10,59,15,29.87536,89.909971,6.252433,57.679129,mungbean
10,58,15,29.792923,88.623143,6.32754,59.175301,mungbean
11,58,15,29.46416,88.502291,6.9784,51.098026,mungbean
31,58,15,29.530376,86.73346,7.156563,59.872321,mungbean
31,58,15,27.110265,84.967717,7.121571,51.526174,mungbean
31,58,15,27.244166,85.339409,7.04247,51.336435,mungbean
32,58,15,29.03266,82.702675,6.546599,55.923291,mungbean
40,58,15,29.46416,87.6089,6.9784,43.154115,mungbean
9,57,15,29.573295,89.715033,7.165121,42.99499,mungbean
14,57,15,29.875702,83.147963,6.623438,40.120442,mungbean
31,57,15,27.014704,85.245978,6.878157,51.954144,mungbean
31,57,15,27.367616,85.101624,7.015971,51.056153,mungbean
31,57,15,27.206156,84.521311,7.156037,49.287461,mungbean
39,57,15,28.531444,86.645001,6.866366,43.61845,mungbean
15,56,15,29.914544,82.846436,6.629502,40.963638,mungbean
21,51,15,29.364884,89.188695,6.679127,48.301593,mungbean
20,50,15,28.428059,88.354139,6.59283,46.808823,mungbean
21,50,15,28.366123,88.290055,6.678059,48.748479,mungbean
35,50,15,27.014704,86.0723,6.980647,53.650969,mungbean
32,49,15,29.111689,85.607345,6.587667,53.128613,mungbean
34,49,15,27.014704,86.347466,6.768447,54.930247,mungbean
37,49,15,29.914544,85.853844,6.401456,58.413941,mungbean
35,48,15,27.108181,87.451267,6.981758,55.03724,mungbean
35,48,15,27.277306,87.402684,6.944833,54.918939,mungbean
2,47,15,29.868601,85.991279,6.401456,58.413941,mungbean
11,47,15,29.868601,89.806506,6.401456,58.413941,mungbean
2,46,15,29.914544,85.43543,6.632535,59.872321,mungbean
31,45,15,29.759298,82.475811,6.419634,51.081102,mungbean
31,45,15,29.884417,83.240329,6.458615,48.546431,mungbean
21,44,15,27.956397,89.188695,6.679127,43.257268,mungbean
29,44,15,29.831285,83.086872,6.452425,50.759728,mungbean
30,43,15,29.799765,83.085418,6.439692,48.605756,mungbean
2,40,15,28.104427,80.034996,6.274166,49.962874,mungbean
2,40,15,27.290314,80.034996,6.498307,48.566302,mungbean
3,40,15,28.004001,82.322668,6.473351,49.374326,mungbean
16,40,15,29.167707,89.113781,7.099106,37.680555,mungbean
20,40,15,29.573295,88.075055,7.199495,45.044671,mungbean
20,40,15,29.255521,82.012044,6.907003,44.410547,mungbean
1,39,15,27.83627,83.553255,6.47592,48.926385,mungbean
2,39,15,28.195249,81.269801,6.441175,51.062393,mungbean
2,39,15,27.909332,82.809087,6.57543,50.704485,mungbean
2,39,15,28.072196,82.911647,6.478557,49.618653,mungbean
2,39,15,29.755389,82.911647,6.637677,37.546027,mungbean
19,39,15,29.785645,87.914046,7.196042,46.00012,mungbean
37,39,15,28.685043,89.933216,6.422128,56.080829,mungbean
2,38,15,27.670594,85.810433,6.441231,50.374706,mungbean
14,38,15,27.014704,86.98485,6.320087,50.803452,mungbean
36,38,15,28.363639,87.598107,6.320662,57.995244,mungbean
2,37,15,28.997314,83.789115,6.821747,59.844992,mungbean
14,37,15,27.962357,83.975868,6.581351,48.936695,mungbean
14,37,15,27.962357,86.55432,6.581351,43.482619,mungbean
15,37,15,28.159033,84.476329,6.656819,48.461526,mungbean
39,37,15,29.222714,84.320684,6.841623,59.872321,mungbean
39,37,15,28.997314,83.789115,6.821747,59.844992,mungbean
39,35,15,28.44525,82.676395,6.821747,59.844992,mungbean
103,30,55,28.701015,90.015064,6.735165,26.457203,muskmelon
99,29,55,29.193787,91.462411,6.660955,26.482403,muskmelon
93,28,55,28.671773,92.152073,6.167254,22.627336,muskmelon
98,28,55,28.936661,91.373625,6.482613,24.488489,muskmelon
92,27,55,29.561573,94.048076,6.311753,20.400587,muskmelon
95,27,55,28.472126,91.213221,6.160414,20.886204,muskmelon
96,27,55,28.623548,91.265507,6.26544,22.060423,muskmelon
95,26,55,28.360162,91.004975,6.210967,22.448925,muskmelon
120,26,55,29.497069,91.675105,6.002927,29.866814,muskmelon
93,25,55,28.419578,90.853724,6.171099,21.208766,muskmelon
104,25,55,29.811966,90.368813,6.123803,22.687665,muskmelon
105,25,55,27.618522,90.477414,6.717562,24.108727,muskmelon
110,25,55,28.744153,91.457674,6.404773,24.247069,muskmelon
116,25,55,28.350448,90.015064,6.174503,24.253095,muskmelon
107,24,55,28.830121,92.892656,6.530845,22.869881,muskmelon
119,24,55,28.100283,91.881892,6.554861,27.281065,muskmelon
89,23,55,27.704216,90.8986,6.354951,26.393625,muskmelon
120,23,55,27.844928,91.606666,6.732049,26.478444,muskmelon
120,22,55,28.03735,92.565695,6.709574,28.131829,muskmelon
84,21,55,28.470907,94.794532,6.494251,21.084841,muskmelon
84,21,55,28.432045,94.517165,6.513985,21.055117,muskmelon
100,21,55,27.515841,91.06485,6.729836,24.238371,muskmelon
84,19,55,29.943492,91.783369,6.121745,20.390205,muskmelon
117,19,55,28.803119,91.783369,6.121745,25.163599,muskmelon
117,19,55,28.803119,91.783369,6.075144,23.695868,muskmelon
115,17,55,27.578269,94.118782,6.776533,28.082532,muskmelon
115,17,55,27.966979,94.138098,6.590008,26.614706,muskmelon
118,17,55,27.781095,91.078367,6.764424,29.188003,muskmelon
119,17,55,27.173532,92.867189,6.78105,27.295895,muskmelon
97,15,55,29.51883,94.962187,6.677688,23.760641,muskmelon
111,15,55,27.024151,90.015064,6.137057,21.902915,muskmelon
110,14,55,27.840319,92.438454,6.15334,20.445778,muskmelon
119,14,55,29.692387,92.588625,6.168758,26.839248,muskmelon
96,13,55,29.52753,94.574594,6.700338,21.135457,muskmelon
96,12,55,29.457921,94.962187,6.688439,21.965829,muskmelon
96,12,55,29.305662,94.386346,6.713782,20.746384,muskmelon
108,11,55,28.637847,91.411697,6.15803,29.866814,muskmelon
114,9,55,29.178921,94.34941,6.435761,26.180402,muskmelon
99,6,55,28.133316,94.962187,6.167097,22.885666,muskmelon
93,5,55,28.539161,92.011304,6.129876,27.116037,muskmelon
94,5,55,28.078041,91.501379,6.051099,27.871617,muskmelon
94,5,55,28.585465,91.892168,6.085682,26.883726,muskmelon
94,5,55,28.600163,92.926105,6.137585,26.147725,muskmelon
95,5,55,28.599045,91.555725,6.104799,28.877943,muskmelon
95,5,55,28.65912,92.212332,6.088872,26.376274,muskmelon
118,5,55,29.631224,94.342319,6.209975,27.068093,muskmelon
118,5,55,29.672956,94.194818,6.167079,26.49247,muskmelon
118,5,55,29.500631,94.558405,6.196111,25.668593,muskmelon
119,5,55,29.678633,94.308195,6.175839,26.878564,muskmelon
119,5,55,29.688467,94.301116,6.168758,26.839248,muskmelon
119,5,55,28.68276,94.301116,6.150686,26.839248,muskmelon
119,5,55,29.688467,94.301116,6.085445,21.26035,muskmelon
95,28,54,28.908132,90.834425,6.367943,23.112708,muskmelon
99,28,54,28.338819,90.803287,6.709093,26.024828,muskmelon
107,26,54,29.939124,93.88925,6.374133,25.822728,muskmelon
107,26,54,28.875965,93.718841,6.216834,25.103909,muskmelon
103,25,54,29.544182,91.816389,6.359086,22.626551,muskmelon
106,25,54,28.68276,92.509693,6.150686,23.03625,muskmelon
110,25,54,28.911056,90.784138,6.425931,23.443985,muskmelon
117,25,54,28.68276,92.509693,6.150686,29.111877,muskmelon
102,24,54,27.723383,90.938979,6.698469,22.818634,muskmelon
106,24,54,28.960179,91.695322,6.585873,24.74582,muskmelon
90,23,54,28.558525,90.45773,6.159021,27.265883,muskmelon
102,23,54,27.820895,90.423989,6.718205,23.801305,muskmelon
117,23,54,28.718084,92.296526,6.142193,27.953104,muskmelon
107,22,54,27.996117,90.846603,6.630301,21.618938,muskmelon
117,22,54,29.042079,92.062207,6.232936,22.664065,muskmelon
86,21,54,28.405351,94.962187,6.717054,20.479887,muskmelon
80,20,54,28.35175,90.020019,6.653052,20.678834,muskmelon
82,20,54,29.340336,94.267653,6.54115,26.238385,muskmelon
82,20,54,29.340336,90.015064,6.54115,21.445329,muskmelon
106,20,54,29.730197,90.970157,6.630301,21.618938,muskmelon
116,19,54,28.911736,92.497187,6.089443,24.24901,muskmelon
117,19,54,28.651087,91.59132,6.210721,24.275758,muskmelon
114,17,54,29.03734,93.908924,6.022538,24.073286,muskmelon
106,16,54,28.960179,91.695322,6.585873,24.74582,muskmelon
106,16,54,28.960179,91.695322,6.425931,24.74582,muskmelon
114,16,54,27.667843,94.010538,6.78105,28.804694,muskmelon
111,15,54,27.705837,92.911857,6.19409,22.062072,muskmelon
84,12,54,29.491766,93.03647,6.235818,21.744909,muskmelon
101,11,54,29.099104,91.336172,6.094016,22.524973,muskmelon
106,11,54,27.668848,94.605496,6.053103,29.069544,muskmelon
107,11,54,28.590524,91.336172,6.094016,29.44008,muskmelon
107,10,54,28.682778,90.886306,6.060589,29.866814,muskmelon
114,8,54,29.292479,94.962187,6.439013,28.161019,muskmelon
112,5,54,29.912783,93.674303,6.114803,21.90866,muskmelon
116,5,54,29.943492,92.917575,6.083282,27.736008,muskmelon
97,30,53,29.349714,90.850782,6.649822,26.240112,muskmelon
115,26,53,28.284925,94.959224,6.331142,24.910287,muskmelon
99,25,53,27.437411,90.759402,6.290513,27.187376,muskmelon
117,25,53,29.118585,92.12543,6.413927,24.520202,muskmelon
118,25,53,28.731752,92.75633,6.148397,27.528338,muskmelon
88,24,53,29.172209,92.214052,6.646962,21.302905,muskmelon
117,24,53,29.099104,92.214052,6.750146,21.302905,muskmelon
117,24,53,29.172209,92.214052,6.293486,21.302905,muskmelon
90,23,53,28.275878,91.26559,6.002927,27.857798,muskmelon
90,23,53,28.244556,90.642616,6.204124,26.811652,muskmelon
100,23,53,29.05248,90.566987,6.10591,21.190145,muskmelon
84,21,53,29.54861,90.076931,6.203761,23.074721,muskmelon
84,21,53,29.491257,90.059895,6.29667,22.626029,muskmelon
82,18,53,29.123968,94.962187,6.78105,21.484518,muskmelon
88,18,53,29.943492,90.015064,6.665321,22.219492,muskmelon
91,18,53,29.150309,90.015064,6.64529,25.558768,muskmelon
115,18,53,29.170521,94.197904,6.01248,22.069945,muskmelon
91,17,53,29.229082,93.603981,6.736199,26.118123,muskmelon
104,16,53,29.922425,90.015064,6.446026,25.356651,muskmelon
83,15,53,27.345561,94.962187,6.45781,27.350745,muskmelon
93,15,53,27.024151,90.015064,6.242634,22.876513,muskmelon
97,13,53,29.943492,91.321698,6.687559,21.844897,muskmelon
99,13,53,28.355951,94.383947,6.00539,21.142099,muskmelon
98,12,53,29.061447,94.424745,6.308921,21.743067,muskmelon
108,12,53,28.588021,91.646816,6.118089,29.066171,muskmelon
83,11,53,29.482398,92.772358,6.190072,22.083183,muskmelon
83,11,53,27.578269,92.917783,6.776533,21.965308,muskmelon
83,11,53,29.540972,92.917783,6.163921,21.965308,muskmelon
102,11,53,29.540972,93.126032,6.163921,24.155912,muskmelon
85,9,53,29.099104,92.867987,6.750146,28.786545,muskmelon
85,9,53,28.206194,92.867987,6.447663,28.786545,muskmelon
85,9,53,28.82629,94.267653,6.201798,26.238385,muskmelon
114,8,53,29.181295,94.962187,6.429161,29.039961,muskmelon
92,7,53,28.468428,92.092324,6.06651,25.797805,muskmelon
97,6,53,29.943492,94.878506,6.002927,23.5457,muskmelon
100,6,53,29.05248,93.922178,6.10591,23.666206,muskmelon
117,5,53,27.593501,91.79743,6.413927,24.842661,muskmelon
119,5,53,29.688467,94.301116,6.168758,21.965308,muskmelon
91,30,52,29.537019,90.015064,6.697509,26.114128,muskmelon
95,30,52,29.480699,90.336987,6.640471,26.036577,muskmelon
98,27,52,27.218037,91.275138,6.109714,23.219786,muskmelon
108,27,52,28.725872,93.131437,6.170932,24.392788,muskmelon
98,26,52,27.338977,90.69759,6.150091,28.691138,muskmelon
108,26,52,28.82629,94.267653,6.201798,26.238385,muskmelon
101,25,52,29.089119,94.197501,6.729498,22.60135,muskmelon
101,25,52,29.099104,94.222378,6.750146,22.524973,muskmelon
101,25,52,28.534501,93.772215,6.631762,21.845418,muskmelon
120,25,52,27.999627,94.962187,6.325153,21.82268,muskmelon
117,24,52,29.172209,92.214052,6.293486,29.119474,muskmelon
98,23,52,27.338977,91.606666,6.732049,26.478444,muskmelon
87,22,52,29.691187,91.513845,6.079652,23.538603,muskmelon
108,22,52,28.305595,91.090505,6.625909,20.211267,muskmelon
85,21,52,29.310697,90.68441,6.074102,24.185837,muskmelon
85,21,52,29.628007,90.100516,6.075144,23.695868,muskmelon
87,21,52,27.723383,94.291195,6.698469,27.21244,muskmelon
87,21,52,27.35063,94.291195,6.067665,27.21244,muskmelon
106,21,52,28.895786,94.78993,6.286515,23.03625,muskmelon
90,20,52,27.049275,91.382173,6.342573,23.657475,muskmelon
80,18,52,27.873174,91.148496,6.4848,24.052079,muskmelon
80,18,52,28.162612,91.85365,6.570826,23.474119,muskmelon
85,18,52,29.628007,90.100516,6.075144,24.052079,muskmelon
88,18,52,29.507172,91.302938,6.556901,25.663433,muskmelon
110,18,52,28.911056,90.784138,6.425931,23.443985,muskmelon
118,18,52,28.049436,90.831307,6.562833,20.76223,muskmelon
88,17,52,29.904159,90.752844,6.646962,25.378284,muskmelon
90,15,52,27.294304,91.539297,6.448124,23.716209,muskmelon
90,15,52,27.049275,91.382173,6.448062,23.657475,muskmelon
111,15,52,27.705837,94.962187,6.19409,22.062072,muskmelon
82,13,52,27.368376,94.962187,6.478991,29.82161,muskmelon
82,13,52,27.11535,94.869079,6.44281,26.519248,muskmelon
102,13,52,27.11535,94.869079,6.355443,24.155912,muskmelon
113,13,52,27.365132,93.956561,6.502391,21.091944,muskmelon
115,13,52,27.438132,94.24411,6.674805,20.211267,muskmelon
82,12,52,27.11535,94.307599,6.002927,26.519248,muskmelon
99,12,52,28.697083,94.307599,6.002927,22.218071,muskmelon
100,12,52,28.807492,92.473974,6.002927,23.616095,muskmelon
115,12,52,27.514922,94.962187,6.685553,21.017964,muskmelon
107,11,52,28.860267,91.963233,6.221967,28.926105,muskmelon
108,11,52,29.553356,93.695182,6.320196,29.110319,muskmelon
115,9,52,29.067851,90.976855,6.019372,29.119474,muskmelon
95,8,52,27.931142,94.551354,6.419083,28.229081,muskmelon
114,8,52,29.340811,94.551354,6.419083,28.229081,muskmelon
104,6,52,28.787198,91.630173,6.11188,23.550441,muskmelon
113,6,52,27.763172,90.355676,6.740984,25.216091,muskmelon
119,6,52,29.651766,93.30164,6.325724,27.263919,muskmelon
111,5,52,29.884306,94.037115,6.135996,21.000099,muskmelon
96,30,51,29.700508,90.377001,6.644971,24.32551,muskmelon
113,30,51,29.741161,93.017902,6.234601,25.958006,muskmelon
114,30,51,29.249085,90.069981,6.069172,25.934965,muskmelon
90,25,51,28.558525,90.45773,6.159021,23.561302,muskmelon
99,25,51,27.439309,90.959717,6.112855,29.866814,muskmelon
104,25,51,28.963614,93.884822,6.469983,23.561302,muskmelon
86,22,51,28.766297,90.516889,6.175628,24.158765,muskmelon
110,22,51,29.031572,90.069981,6.243674,24.938613,muskmelon
106,21,51,28.48384,93.542206,6.386464,22.987793,muskmelon
104,20,51,29.943492,90.015064,6.171326,20.211267,muskmelon
105,20,51,29.581836,90.733948,6.273653,22.769158,muskmelon
106,20,51,29.730197,90.970157,6.342573,20.490356,muskmelon
94,19,51,29.119775,91.931943,6.444064,24.532277,muskmelon
80,18,51,28.053807,91.817588,6.706053,20.765821,muskmelon
115,18,51,28.053807,94.197904,6.01248,22.069945,muskmelon
82,17,51,27.024151,90.015064,6.56697,23.831444,muskmelon
91,17,51,28.187062,92.11177,6.44835,23.930207,muskmelon
120,17,51,27.999018,91.641931,6.547042,23.286182,muskmelon
120,17,51,27.871192,91.614809,6.547835,22.351883,muskmelon
120,17,51,27.887391,92.079006,6.507942,20.211267,muskmelon
86,16,51,29.457975,91.818678,6.484715,23.273138,muskmelon
120,16,51,27.999018,91.641931,6.547042,23.286182,muskmelon
82,15,51,27.87999,90.672434,6.264286,23.551212,muskmelon
83,14,51,27.192752,93.492158,6.434887,25.644453,muskmelon
110,14,51,28.697083,94.307599,6.002927,22.218071,muskmelon
110,14,51,27.05062,91.715697,6.089663,21.291479,muskmelon
110,14,51,27.024151,91.667376,6.085445,21.26035,muskmelon
83,13,51,27.024151,91.897208,6.292097,26.74638,muskmelon
95,13,51,29.943492,94.004083,6.117663,24.190232,muskmelon
99,12,51,29.62969,94.645826,6.002927,22.728261,muskmelon
86,11,51,28.838058,92.749215,6.514995,28.924174,muskmelon
113,7,51,28.196071,91.462059,6.244373,26.590604,muskmelon
98,6,51,29.465254,90.608805,6.025278,24.322633,muskmelon
110,5,51,27.793125,91.379467,6.436477,27.083795,muskmelon
111,5,51,28.216903,92.40692,6.328077,23.796976,muskmelon
85,29,50,29.943492,94.060018,6.246997,21.010673,muskmelon
110,27,50,28.851002,93.405016,6.186634,25.367771,muskmelon
112,27,50,27.436203,92.460774,6.78105,26.048811,muskmelon
98,26,50,27.524636,91.370662,6.271997,24.339469,muskmelon
115,26,50,29.257419,92.078203,6.083045,27.885211,muskmelon
89,25,50,27.048635,91.346851,6.375923,25.081467,muskmelon
102,25,50,28.204808,92.914404,6.099662,20.360011,muskmelon
103,25,50,28.452589,93.231285,6.220587,21.405363,muskmelon
116,25,50,29.260928,92.923677,6.088886,28.706277,muskmelon
116,25,50,29.219014,92.989438,6.097166,28.468012,muskmelon
117,25,50,28.889898,93.505802,6.162186,26.597131,muskmelon
120,25,50,28.054578,94.816374,6.32721,21.848693,muskmelon
90,23,50,27.136579,91.504958,6.383807,23.734869,muskmelon
94,21,50,29.135332,91.975515,6.773548,21.15313,muskmelon
93,20,50,29.930612,93.229809,6.448793,24.348143,muskmelon
93,19,50,29.943492,93.781809,6.457152,26.941854,muskmelon
81,18,50,29.03419,93.772602,6.154156,29.000862,muskmelon
110,13,50,27.983074,91.847835,6.33105,21.064027,muskmelon
89,11,50,27.048635,92.917783,6.375923,25.081467,muskmelon
107,11,50,27.048635,91.336172,6.094016,29.44008,muskmelon
107,11,50,27.549054,91.921091,6.283618,20.476349,muskmelon
104,10,50,28.474428,90.015064,6.5814,20.660912,muskmelon
107,10,50,28.140654,94.962187,6.166656,20.211267,muskmelon
85,9,50,28.206194,91.79743,6.399891,24.842661,muskmelon
108,8,50,28.71945,92.941108,6.251861,20.574255,muskmelon
115,7,50,27.835445,91.220764,6.760067,25.551196,muskmelon
89,5,50,28.033065,91.346851,6.274453,21.179248,muskmelon
102,5,50,27.593501,92.914404,6.099662,24.842661,muskmelon
111,5,50,27.593501,91.79743,6.399891,24.842661,muskmelon
113,5,50,27.793819,90.738765,6.726415,26.110992,muskmelon
80,30,49,28.520044,94.471387,6.002927,29.471167,muskmelon
84,29,49,29.943492,93.907412,6.25142,20.390205,muskmelon
113,27,49,28.968034,92.225672,6.167794,27.463386,muskmelon
81,26,49,29.479753,92.917094,6.066208,27.305312,muskmelon
98,26,49,27.290357,90.533301,6.13016,23.495352,muskmelon
80,25,49,28.460332,93.346477,6.586394,24.510827,muskmelon
81,25,49,29.868958,93.251032,6.07646,26.26243,muskmelon
99,25,49,27.562914,90.015064,6.09925,23.681153,muskmelon
84,24,49,29.943492,94.756296,6.002927,27.254485,muskmelon
108,23,49,28.631769,92.568645,6.174593,25.496386,muskmelon
109,21,49,28.886371,90.015064,6.563431,20.449642,muskmelon
115,20,49,27.660047,94.962187,6.448663,25.587321,muskmelon
84,19,49,28.486924,94.21065,6.127164,26.882587,muskmelon
100,18,49,29.476462,94.355482,6.359675,27.830946,muskmelon
119,17,49,28.198485,90.78036,6.519047,22.554026,muskmelon
83,15,49,28.927059,91.393568,6.438008,23.200767,muskmelon
100,15,49,29.58278,92.341796,6.366681,26.217364,muskmelon
100,14,49,29.48883,91.075742,6.365957,26.019094,muskmelon
86,13,49,29.287061,92.664815,6.562841,29.021973,muskmelon
83,12,49,27.968723,91.393568,6.01074,28.947669,muskmelon
102,12,49,27.885587,92.383263,6.487997,28.692298,muskmelon
115,12,49,28.527997,90.585956,6.002927,28.679771,muskmelon
109,11,49,29.340015,94.550512,6.554133,29.672617,muskmelon
106,10,49,27.726531,92.006875,6.350624,20.211267,muskmelon
81,30,48,28.523797,92.096884,6.041027,29.866814,muskmelon
81,30,48,28.523797,92.096884,6.041027,25.129005,muskmelon
82,30,48,28.833916,92.492377,6.086986,27.796739,muskmelon
81,28,48,28.515223,92.695712,6.269996,27.392009,muskmelon
91,28,48,28.87726,92.488397,6.144109,24.442676,muskmelon
93,28,48,28.87726,91.522911,6.170521,21.904404,muskmelon
102,28,48,28.204808,92.914404,6.170521,20.360011,muskmelon
113,28,48,28.87726,92.488397,6.170521,24.442676,muskmelon
114,27,48,27.820548,93.035552,6.528404,26.324055,muskmelon
83,26,48,29.116688,91.443345,6.105058,27.595616,muskmelon
95,26,48,27.128977,90.015064,6.267067,24.193611,muskmelon
97,26,48,27.024151,90.640878,6.304193,23.950284,muskmelon
98,26,48,27.684238,91.136694,6.128266,24.194955,muskmelon
99,26,48,27.211973,90.114485,6.135492,26.279801,muskmelon
99,25,48,27.342966,90.795988,6.159497,24.1398,muskmelon
112,25,48,28.400829,92.453928,6.391971,25.660198,muskmelon
105,23,48,28.532907,90.015064,6.026514,25.058492,muskmelon
93,22,48,29.125337,91.522911,6.776988,21.904404,muskmelon
93,22,48,28.944911,91.830931,6.724861,21.716585,muskmelon
93,22,48,28.377848,90.015064,6.658281,21.046199,muskmelon
98,22,48,29.086525,92.641007,6.354087,27.01436,muskmelon
111,21,48,27.946578,93.461307,6.314981,26.312682,muskmelon
113,21,48,29.873311,94.87679,6.18677,27.278998,muskmelon
86,20,48,27.465836,90.718329,6.566759,27.278998,muskmelon
113,20,48,27.465836,94.87679,6.440585,27.278998,muskmelon
82,18,48,29.095883,94.167484,6.159051,26.705813,muskmelon
82,18,48,29.095883,94.307599,6.159051,22.218071,muskmelon
110,18,48,28.746319,92.478748,6.224102,26.612302,muskmelon
81,17,48,29.096852,92.933105,6.162891,27.295193,muskmelon
82,17,48,29.041126,93.267778,6.249529,25.568969,muskmelon
100,17,48,29.727911,94.297533,6.367801,26.523641,muskmelon
115,17,48,27.578269,94.297533,6.776533,26.523641,muskmelon
116,17,48,29.727911,92.923677,6.088886,26.523641,muskmelon
84,16,48,29.342388,93.515022,6.343766,27.699448,muskmelon
93,16,48,27.024151,90.331262,6.762935,26.364097,muskmelon
110,15,48,28.5782,92.865974,6.212567,27.598718,muskmelon
113,15,48,29.685562,92.540989,6.019953,28.686449,muskmelon
87,14,48,29.692387,92.588625,6.606033,29.110259,muskmelon
91,14,48,29.692387,92.43511,6.144109,29.110259,muskmelon
110,14,48,28.950589,92.552392,6.422649,24.704092,muskmelon
109,12,48,29.457717,92.125347,6.708744,20.76212,muskmelon
112,12,48,29.943492,90.015064,6.78105,20.758398,muskmelon
118,12,48,27.968723,92.125347,6.01074,20.76212,muskmelon
118,8,48,29.473953,92.180571,6.612691,28.313173,muskmelon
117,7,48,28.847912,90.569609,6.736055,27.120923,muskmelon
98,6,48,28.614365,92.362047,6.528782,28.609123,muskmelon
95,30,47,27.931142,90.069981,6.069172,25.934965,muskmelon
82,29,47,28.521359,92.16057,6.064546,29.866814,muskmelon
83,27,47,28.551215,92.471468,6.539349,22.480795,muskmelon
82,26,47,28.504164,93.468065,6.565313,24.200072,muskmelon
82,26,47,28.67621,93.520581,6.527792,23.744671,muskmelon
89,25,47,29.471563,92.914404,6.099662,20.360011,muskmelon
108,23,47,28.265138,92.258258,6.148427,26.672192,muskmelon
109,23,47,28.480927,93.051547,6.13755,25.428217,muskmelon
85,22,47,29.880626,90.953105,6.193509,24.248259,muskmelon
98,22,47,29.072653,91.915332,6.341401,28.835684,muskmelon
98,22,47,29.134572,92.109071,6.324982,28.78617,muskmelon
108,22,47,28.535457,90.355676,6.161124,25.216091,muskmelon
108,22,47,28.535457,91.727427,6.161124,25.129005,muskmelon
110,22,47,29.031572,91.821726,6.243674,24.938613,muskmelon
110,22,47,28.385367,91.296692,6.147394,24.391609,muskmelon
84,21,47,29.943492,90.578269,6.21287,25.455705,muskmelon
85,21,47,29.873311,90.609325,6.18677,24.697205,muskmelon
85,21,47,29.872839,90.609381,6.186968,24.695936,muskmelon
95,21,47,27.968537,93.497776,6.442774,20.700205,muskmelon
95,21,47,27.931142,93.561614,6.431971,20.661278,muskmelon
85,20,47,28.591247,91.904951,6.460322,24.984617,muskmelon
85,17,47,28.947785,91.03293,6.506773,22.697449,muskmelon
101,17,47,29.470462,94.699361,6.190055,26.321295,muskmelon
101,17,47,29.494014,94.729813,6.185053,26.308209,muskmelon
84,16,47,28.942626,91.122707,6.489655,22.822743,muskmelon
96,16,47,27.024151,91.587438,6.78105,24.468704,muskmelon
99,15,47,29.890713,94.962187,6.375973,24.352945,muskmelon
91,13,47,29.109683,92.43511,6.144109,27.956023,muskmelon
92,13,47,29.320699,92.818453,6.138887,26.606851,muskmelon
96,13,47,29.943492,94.962187,6.316486,23.830668,muskmelon
93,12,47,28.900455,92.761862,6.14762,27.597164,muskmelon
118,12,47,27.968723,92.174448,6.01074,28.947669,muskmelon
118,12,47,28.963614,93.884822,6.01074,23.561302,muskmelon
88,11,47,29.439827,94.962187,6.142154,26.763254,muskmelon
89,11,47,29.78714,94.653435,6.327823,27.865944,muskmelon
102,11,47,27.98781,92.782262,6.504907,27.14509,muskmelon
102,11,47,28.030017,92.796162,6.498864,27.024227,muskmelon
102,11,47,28.234146,92.863387,6.469636,26.439689,muskmelon
105,10,47,28.352145,90.015064,6.241962,20.211267,muskmelon
88,9,47,29.538458,91.509718,6.662731,29.758725,muskmelon
89,9,47,29.471563,90.770696,6.668383,28.752261,muskmelon
89,9,47,29.476571,90.770969,6.664615,28.669046,muskmelon
101,9,47,28.257116,93.400938,6.458288,27.935753,muskmelon
120,8,47,29.002868,92.783872,6.78105,29.276427,muskmelon
93,7,47,27.024151,91.247101,6.002927,25.633512,muskmelon
97,7,47,28.863464,93.311043,6.3436,29.765676,muskmelon
96,6,47,29.027428,94.962187,6.396494,29.030896,muskmelon
111,5,47,28.126957,91.052617,6.308332,23.307872,muskmelon
111,5,47,28.033065,91.473558,6.274453,21.179248,muskmelon
87,25,46,27.427117,90.026962,6.379691,21.750877,muskmelon
97,24,46,29.406625,92.960312,6.252841,28.568621,muskmelon
109,24,46,29.027062,92.050454,6.244506,24.50699,muskmelon
109,24,46,28.394748,90.991355,6.196016,23.181641,muskmelon
112,23,46,27.722733,93.37414,6.002927,25.09933,muskmelon
84,22,46,29.943492,91.047748,6.158613,22.512838,muskmelon
107,22,46,29.943492,90.015064,6.46518,25.603566,muskmelon
85,21,46,29.806999,90.306586,6.152565,23.199373,muskmelon
86,19,46,29.343826,90.672928,6.40849,23.274176,muskmelon
84,18,46,27.08808,93.424021,6.44281,26.519248,muskmelon
84,18,46,27.08808,93.424021,6.78105,25.321597,muskmelon
85,17,46,28.955411,90.900247,6.532072,22.512272,muskmelon
95,16,46,27.076727,90.143626,6.746695,24.451465,muskmelon
95,16,46,27.125553,90.338952,6.72871,24.234869,muskmelon
97,16,46,28.539368,94.962187,6.399505,25.908028,muskmelon
94,13,46,29.834455,93.867045,6.149574,23.817106,muskmelon
95,13,46,29.840708,93.763129,6.12602,23.282078,muskmelon
107,12,46,29.572403,93.618703,6.559763,27.569186,muskmelon
107,12,46,27.049275,91.382173,6.448062,27.569186,muskmelon
110,12,46,29.943492,93.075476,6.738261,27.637033,muskmelon
120,12,46,27.09993,90.015064,6.002927,28.179357,muskmelon
88,11,46,29.943492,94.962187,6.19337,27.076622,muskmelon
98,11,46,29.322001,90.776118,6.368444,24.523048,muskmelon
90,9,46,29.859535,90.015064,6.645079,28.732991,muskmelon
92,9,46,29.545519,92.204027,6.583032,27.751404,muskmelon
88,8,46,29.579877,90.776596,6.5869,26.952692,muskmelon
106,8,46,29.556575,90.709373,6.585873,28.365356,muskmelon
120,8,46,29.556575,90.709373,6.732834,28.365356,muskmelon
95,7,46,27.024151,92.811369,6.062179,25.434319,muskmelon
99,6,46,28.614751,94.22253,6.396379,28.985742,muskmelon
115,6,46,27.514922,94.22253,6.396379,21.017964,muskmelon
107,5,46,28.585465,91.892168,6.559763,26.883726,muskmelon
115,5,46,28.824523,91.339803,6.251026,21.662032,muskmelon
113,28,45,27.791618,92.488397,6.170521,26.854226,muskmelon
93,27,45,29.519987,94.962187,6.147439,28.072419,muskmelon
94,27,45,29.837816,93.203375,6.116259,29.462645,muskmelon
114,27,45,28.048713,92.886162,6.548582,27.854215,muskmelon
95,26,45,29.916906,94.556956,6.11753,28.160572,muskmelon
109,26,45,28.279737,90.389712,6.224535,21.589925,muskmelon
116,26,45,29.260928,94.556956,6.11753,28.706277,muskmelon
96,25,45,27.86148,90.240101,6.263075,20.211267,muskmelon
109,25,45,28.258539,90.413286,6.215262,20.902739,muskmelon
81,23,45,28.465114,92.392547,6.583281,25.586807,muskmelon
94,23,45,28.45839,90.211429,6.167651,28.791988,muskmelon
95,23,45,27.824245,90.566987,6.266209,21.190145,muskmelon
96,23,45,27.69585,93.204361,6.190179,21.419231,muskmelon
96,23,45,27.891949,90.067769,6.248862,20.211267,muskmelon
109,23,45,27.844928,91.606666,6.732049,26.478444,muskmelon
86,19,45,29.146304,90.696655,6.491201,22.743323,muskmelon
86,18,45,28.965866,90.718329,6.566759,22.258381,muskmelon
86,18,45,27.593501,91.79743,6.566759,22.258381,muskmelon
98,18,45,27.791618,91.817588,6.157725,20.765821,muskmelon
103,17,45,29.943492,92.5627,6.002927,25.714146,muskmelon
96,13,45,29.763915,91.585048,6.334347,22.451323,muskmelon
101,12,45,28.871357,94.109008,6.324767,23.571132,muskmelon
102,11,45,28.894163,93.057781,6.333518,24.45513,muskmelon
102,11,45,29.031673,93.126032,6.355443,24.155912,muskmelon
101,10,45,28.59479,92.909192,6.285785,25.106555,muskmelon
83,9,45,29.084179,90.738919,6.704104,25.330142,muskmelon
88,9,45,29.579917,90.904772,6.653364,27.890324,muskmelon
95,9,45,27.317967,91.413144,6.066773,26.771347,muskmelon
95,8,45,27.175084,90.452241,6.035061,28.556816,muskmelon
98,8,45,28.007785,92.642689,6.15438,26.477385,muskmelon
99,8,45,27.865234,92.948404,6.160538,28.070898,muskmelon
83,7,45,29.084179,90.738919,6.704104,25.330142,muskmelon
95,7,45,27.996117,90.800153,6.031666,25.094845,muskmelon
95,7,45,27.300086,90.800153,6.031666,25.094845,muskmelon
98,7,45,27.791618,92.510549,6.157725,26.854226,muskmelon
84,6,45,29.943492,91.861877,6.487521,23.536474,muskmelon
84,6,45,29.943492,93.428827,6.331552,22.888791,muskmelon
87,6,45,29.827294,90.790073,6.400772,22.842036,muskmelon
87,6,45,27.968723,90.790073,6.400772,22.842036,muskmelon
88,6,45,29.40963,90.791739,6.339771,23.214351,muskmelon
112,6,45,28.385143,91.677329,6.269514,20.211267,muskmelon
111,5,45,27.593501,91.79743,6.224535,24.842661,muskmelon
73.95,57.95,49.91,20.8,48.62,7.32,33.45,mustard
75.88,50.77,49.74,11.93,43.12,7.09,70.49,mustard
87,40.29,49.64,17.28,45.37,7.34,62.22,mustard
69.72,44.9,49.63,12.05,60.85,6.61,59.97,mustard
48.87,46.35,49.54,24.06,41.3,6.25,39.22,mustard
65.39,34.15,49.48,13.75,42.2,6.99,71.68,mustard
60.28,35.07,49.32,22.8,54.95,6.9,45.91,mustard
46.22,56.25,49.13,12.66,61.66,6.06,58.38,mustard
50.51,33.49,49.1,10.33,64.08,7.18,50.8,mustard
41.05,32.47,49.04,14.43,63.08,6.94,56.74,mustard
57.4,56.87,49,16.65,49.63,6.79,78.14,mustard
83.39,42.96,49,16.78,44.28,6.58,96.62,mustard
46.79,59.32,48.93,12.46,48.98,6.15,49.02,mustard
73.81,55.76,48.88,19.43,45.52,6.16,86.9,mustard
77.29,36.07,48.74,15.52,49.81,6.22,51.39,mustard
82.31,35.48,48.69,15.65,50.18,6.09,64.03,mustard
79.25,56.76,48.66,21.8,49.46,7.03,60.63,mustard
46.65,34.76,48.48,23.19,67.21,7.49,44.58,mustard
48.95,41.77,48.43,12.12,62.91,6.16,98.69,mustard
83.48,35.42,48.43,13.28,49.79,7.13,57.56,mustard
64.23,34.97,48.37,22.75,60.07,6.69,58.82,mustard
65.81,47.42,48.08,20.08,54.44,7.21,96.54,mustard
88.83,49.37,48.04,14.55,63.46,7.15,78.42,mustard
86.35,31.81,48.03,15.27,43.04,6.73,47.97,mustard
76.78,59.95,47.99,19.64,52.64,6.95,85,mustard
40.7,47.01,47.97,19.99,64.68,6.02,67.94,mustard
61.34,44.07,47.86,19.62,49.35,6.79,34.62,mustard
63.2,34,47.83,23.02,61.23,6.16,84.31,mustard
67.35,44.25,47.67,11.09,48.42,6.52,84.77,mustard
63.2,37.37,47.45,15.03,68.57,6.8,74.21,mustard
43.96,46.98,47.24,15.94,48.89,6.22,40.6,mustard
64.19,56.93,47.23,11.31,68.09,7.24,85.39,mustard
83.99,49.46,46.98,19.35,43.94,6.46,44.13,mustard
60.37,45.64,46.9,12.94,40.68,7.29,70.4,mustard
72.54,56,46.82,23.8,42.85,6.82,81.84,mustard
56.69,47.38,46.67,18.54,58.95,6.78,33.58,mustard
85.46,54.59,46.65,12.99,48.53,6.43,56.39,mustard
63.85,41.68,46.62,23.41,50.07,6.92,94.88,mustard
55.99,56.04,46.44,15.25,42.5,7.09,51.81,mustard
76.9,47.92,46.43,10.74,47.71,6.7,45.89,mustard
50.24,56.33,46.39,23.06,47.16,6.68,98.95,mustard
74.85,40.89,46.38,20.88,43.38,6.61,92.05,mustard
68.35,52.15,46.36,16.06,49.81,7,86.55,mustard
68.69,46.98,46.34,18.37,68.79,6.07,36.86,mustard
67.49,42.51,46.33,13.06,64.79,6.84,33.82,mustard
61.07,55.17,46.31,13.65,56.52,6.29,37.13,mustard
89.63,37.22,46.23,22.46,46.74,6.6,58.68,mustard
82.63,35.95,46.23,15.29,61.68,6.48,93.41,mustard
67.62,47.86,46.16,18.65,50.36,7.2,67.82,mustard
80.28,47.56,46.05,13.09,43.36,6.4,34,mustard
46.97,47.08,46.04,18.75,61.54,6.56,36.47,mustard
73.63,43.31,46.04,12.66,60.78,7.26,96.12,mustard
62.9,41.83,46.01,13.66,69,7.44,47.33,mustard
81.63,54.12,45.99,10.89,60.76,6.21,59.11,mustard
65.44,55.84,45.98,10.15,63.34,6.69,99.22,mustard
60.9,55.6,45.68,11.49,42.72,6.39,91.23,mustard
82.98,35.06,45.62,10.2,55.35,7.15,95.44,mustard
50.05,54.15,45.5,14.34,68.57,6.07,40.49,mustard
44.41,53.3,45.43,12.73,52.91,6.25,79.46,mustard
40.01,57.45,45.32,21.13,45.03,6.18,34.73,mustard
47.79,37.3,45.27,13.14,42.18,7.05,58.18,mustard
42.85,47.63,45.21,10.26,41.47,6.86,87.36,mustard
45.92,42.3,45.19,15.76,57.16,6.88,42.91,mustard
64.16,41.48,45.17,12.18,55.17,6.09,34.98,mustard
84.55,47.08,44.97,24.87,44.91,7.04,77.2,mustard
63.04,54.86,44.89,20.64,43.16,7.26,76.97,mustard
77.76,33.83,44.78,21.73,61.26,6.05,51.22,mustard
45.27,49.7,44.66,15.71,63.27,7.45,44.26,mustard
85.47,35.7,44.64,18.17,42.34,7.43,47.29,mustard
48.33,59.59,44.63,14.22,42.1,6.08,38.43,mustard
62.13,31.45,44.61,22.4,57.64,6.53,85.98,mustard
41.72,43.37,44.5,23.28,42.6,6.81,93.93,mustard
76.61,36.99,44.39,18.83,46.32,6.36,73.96,mustard
54.16,42.01,44.36,10.21,59.48,7,85.91,mustard
58.44,53.09,44.33,16.01,68.41,6.61,84.03,mustard
70.68,56.94,44.3,18.75,61.91,6.55,74.87,mustard
84.53,47.91,44.3,16.45,62.5,7.37,70.05,mustard
68.82,40.26,44.3,13.57,46.73,6.76,48.26,mustard
54.24,39.22,44.09,18.09,49.34,6.92,80.13,mustard
44.96,42.04,44,13.06,56.65,7.1,73.12,mustard
88.91,35.43,43.97,15.01,61.93,6.63,70.49,mustard
57.38,49.95,43.86,23.91,47.04,6.6,40.67,mustard
82.42,40.9,43.82,24.11,58.7,7.11,86.36,mustard
66.17,38.61,43.79,18.66,59.04,7.2,57.72,mustard
47.33,34.79,43.7,19.24,41.35,6.93,51.62,mustard
60.76,42.67,43.55,12.94,64.61,6.97,59.33,mustard
49.4,40.66,43.51,18.31,40.16,7.14,32.47,mustard
53.46,35.96,43.5,23.64,51.11,7.13,92.79,mustard
56.02,34.93,43.49,11.84,59.05,6.19,34.94,mustard
68.94,48.55,43.44,20.55,65.03,6.08,82.33,mustard
46.45,38.94,43.4,17.07,46.82,6.25,53.29,mustard
41.97,30.66,43.23,12.02,54.03,6.91,59.98,mustard
55.79,31.71,43,20.53,49.94,7.01,57.72,mustard
61.84,51.89,42.97,12.38,58.31,6.2,82.6,mustard
64.35,48.19,42.94,12.62,55.08,6.6,40.25,mustard
85.56,54.62,42.8,10.73,65.31,6.66,53.97,mustard
73.74,37.17,42.74,21.4,49.38,6.62,44.68,mustard
67.32,32.74,42.7,18.74,45.6,6.28,42.9,mustard
64.16,59.61,42.64,13.73,56.15,7.49,90.03,mustard
65.09,43.65,42.6,11.99,56.41,6.82,36.26,mustard
62.9,37.7,42.56,17.69,49.63,6.89,99.7,mustard
70.41,43.34,42.27,13.42,41.75,6.45,63.2,mustard
50.24,53.94,42.16,10.96,51.62,6.42,51.31,mustard
40.61,58.7,42.13,15.3,48.9,6.52,84.23,mustard
47.5,39.74,42.12,17.14,51.28,6.59,62.16,mustard
51.82,36.35,42.08,14.8,55.18,6.24,97.18,mustard
62.5,50.79,41.99,24.93,48.63,6.81,67.33,mustard
73.09,46.73,41.92,16.98,41.8,6.84,97.03,mustard
67.53,34.59,41.84,19,61.94,7.15,98.28,mustard
54.7,43.39,41.81,20.39,69.62,6.34,76.36,mustard
52.95,31.58,41.78,11.82,49.08,6.8,69.51,mustard
41.23,50.9,41.76,22.55,69.23,7.46,34.57,mustard
89.15,49.28,41.53,24.65,51.32,7.2,60.42,mustard
71.96,37.07,41.41,23.11,43.8,7.3,71.55,mustard
41.5,39.24,41.14,13.03,60.2,7.45,36.57,mustard
63.31,35.7,41.05,18.35,50.76,7.37,31.47,mustard
46.78,34.37,40.92,19.64,63.48,7.41,78.43,mustard
59.3,59,40.91,11.25,65.89,6.72,34.81,mustard
59.58,42.38,40.87,10.05,58.59,6.53,85.59,mustard
89.74,31.73,40.85,24.76,47.18,6.21,38.5,mustard
55.16,33.03,40.76,10.93,55.28,7.5,86.98,mustard
67.27,34,40.75,21.93,44.9,6.16,40.19,mustard
89,59.57,40.6,13.65,63.96,6.16,84.65,mustard
57.91,59.69,40.53,24.23,44.28,6.57,68.83,mustard
66.86,50.31,40.48,19.43,47.98,6.06,61.89,mustard
42.36,58.84,40.37,19.47,48.12,6.37,95.94,mustard
62.64,58.37,40.3,14.52,45.65,6.46,36.51,mustard
85.44,52.81,40.29,14.51,45.52,7.13,63.19,mustard
68.03,48.1,40.29,22.07,48.09,7.24,64.88,mustard
69.04,52.25,40.26,13.09,50.57,6.19,39.09,mustard
43.84,30.13,40.11,19.63,52.32,6.73,59.08,mustard
44.21,59.54,39.99,14.28,57.57,6.16,97.61,mustard
50.57,37.96,39.89,24.48,67.47,6.75,85.66,mustard
68.68,40.25,39.45,11.03,66.92,6.18,52.95,mustard
81.09,49.39,39.42,11.93,59.51,7.47,93.83,mustard
79.82,52.18,39.37,12.34,56.41,6.13,56.42,mustard
66.88,47.27,39.35,10.25,68.81,6.07,40.01,mustard
44.79,30.71,39.26,19.11,56.4,6.35,57.36,mustard
57.3,59.27,39.23,22.34,43.98,7.29,94.59,mustard
82.54,38.58,39.21,14.71,68.74,6.05,70.59,mustard
48.7,40.84,39.12,11.06,50.85,6.8,99.74,mustard
53.4,57.37,39,20.82,47.71,7.08,31.97,mustard
67.51,31.3,38.99,24.27,58.05,7.23,91.89,mustard
67.73,54.78,38.94,21.77,57.96,6.62,97.06,mustard
85.51,41.49,38.92,16.45,53.13,6.47,83.35,mustard
44.01,44.31,38.9,22.43,63.5,6.42,95.86,mustard
58.34,33.17,38.85,11.82,69.58,7.17,57.32,mustard
65.92,32.19,38.8,13.8,64.11,7.23,98.53,mustard
85.88,56.62,38.76,22.12,42.07,6.5,51.96,mustard
65.61,44.62,38.75,24.19,57.39,6.81,33.52,mustard
70.76,39.19,38.72,17.91,52.78,6.2,92.06,mustard
74.16,44.92,38.54,23.03,57.12,6.05,95.17,mustard
50.28,33.64,38.45,21.62,59.32,6.8,32.94,mustard
84.76,49.1,38.42,11,55.55,6.23,81.62,mustard
61.6,43.18,38.39,24.15,47.22,6.18,43.82,mustard
51.4,36.36,38.33,16.17,65.2,7.35,54.74,mustard
59.25,58.29,38.31,22.52,61.31,6.17,81.51,mustard
88.5,55.95,38.02,20.51,48.56,6.95,61.9,mustard
56.34,40.49,37.89,14.11,40.8,7.1,73.8,mustard
73.84,31.92,37.88,21.09,46.33,7.26,32.12,mustard
47.84,50.5,37.81,21.32,49.28,6.67,58.38,mustard
43.28,46.48,37.73,19.79,47.67,6.55,89.06,mustard
71.19,43.55,37.6,12.52,62.11,7.29,45.17,mustard
85.5,51.52,37.46,21.97,65.93,6.69,63.26,mustard
74.16,57.98,37.27,11.89,57.45,7.15,58.45,mustard
57.58,57.29,37.07,21.43,64.35,6.51,60.36,mustard
75.45,33.21,37.02,13.85,68.89,6.73,86.42,mustard
57.74,53.41,36.92,13.92,60.85,6.85,85.74,mustard
49.75,54.81,36.88,21.43,61.41,6.31,69.82,mustard
65.6,45.81,36.85,12.56,45.93,6.48,71.54,mustard
68.93,57.34,36.62,12.62,51.36,7.26,75.09,mustard
48.07,44.15,36.6,18.55,46.3,7.11,31.76,mustard
86.03,30.36,36.58,21.11,54.55,6.13,98.07,mustard
56.16,46.32,36.55,15.35,53.42,7.45,56.41,mustard
48.41,55.09,36.47,12.84,61.61,6.77,72.3,mustard
64.39,33.29,36.44,16.82,65.33,6.15,64.18,mustard
50.29,52.25,36.4,23.27,56.62,6.8,43.68,mustard
85.64,48.31,36.39,13.75,50.3,7.28,69.15,mustard
58.81,57.7,36.34,14.05,61.07,6.99,99.24,mustard
57.39,48.61,36.34,11.88,48.69,6.36,44.95,mustard
42.2,35.56,36.24,19.68,41.37,7.42,88.95,mustard
89.62,57.81,36.2,22.63,55.63,6.94,36.24,mustard
59.94,47.41,36.01,19.12,62.95,7.22,80.27,mustard
84,49.53,35.99,14.87,49.99,7,99.59,mustard
63.76,56.94,35.75,20.61,47.57,6.67,38.64,mustard
70.22,52.91,35.7,13.4,60,6.12,60.93,mustard
67.43,42.08,35.59,24.95,44.06,7.01,57.72,mustard
66.43,40.03,35.58,12.96,64.16,6.28,35.95,mustard
58.99,55.9,35.57,17.19,40.77,6.51,56.61,mustard
57.75,32.08,35.57,11.01,64.01,6.35,67.8,mustard
69.33,43.66,35.54,10.11,52.68,7.08,60.99,mustard
62.36,48.02,35.47,23.79,54.91,7.49,89.6,mustard
67.19,50.85,35.46,24.85,58.34,6.56,84.05,mustard
80.73,58.08,35.41,24.25,56.07,6.59,89.37,mustard
40.45,49.45,35.33,16.68,69.01,6.86,90.44,mustard
65.03,49.37,35.32,11.8,49.36,7.2,90.3,mustard
47.73,43.19,35.31,13.88,49.49,6.13,51.23,mustard
61.62,39.35,35.18,16.59,43.17,6.96,45.12,mustard
47.21,52.77,35.02,23.68,44.4,6.97,46.3,mustard
69.04,57.86,34.9,22.64,53.38,7.06,81.23,mustard
46.33,35.36,34.79,11.23,45.88,7.42,98.35,mustard
64.65,44.16,34.71,22.7,64.96,6.61,53.33,mustard
76.75,48.3,34.65,12,47.84,6.63,71.95,mustard
57.77,50.08,34.51,16.28,50.73,6.89,70.29,mustard
80.13,43.75,34.49,12,42.42,7.09,64.75,mustard
40.55,42.48,34.44,10.29,47.79,7.14,39.6,mustard
44.65,47.65,34.43,19.63,41.95,6.87,69.3,mustard
88.63,40.8,34.34,15.33,60.48,6.99,80.07,mustard
81.2,36.12,34.07,22.01,45.4,6.16,91.86,mustard
83.86,45.85,34.02,11.6,59.49,7.3,87.97,mustard
49.9,46.96,33.92,24.58,58.26,6.52,37.99,mustard
78.06,34.8,33.85,10.14,47.4,7.09,99.43,mustard
52.61,52.65,33.82,22.63,61.85,7.16,75.93,mustard
84.54,43.47,33.78,11.15,60.12,7.23,47.13,mustard
52.91,37.3,33.73,21.39,46.18,7.06,31.48,mustard
71.96,56.04,33.64,17.73,54.67,7,39.78,mustard
88.1,45.27,33.58,14.18,68.77,6.21,70.59,mustard
85.84,54.02,33.53,20.78,57.59,6.74,43.46,mustard
59.36,49.79,33.26,19.72,41.84,7.22,95.84,mustard
61.81,49.75,33.13,14.15,56.75,6.52,95.3,mustard
78.11,53.93,33.07,22.27,43.61,6.82,30.4,mustard
82.9,50.01,33.06,24.3,61.58,7.4,66.93,mustard
63.73,54.48,32.96,21.95,57.86,7.33,58.77,mustard
76.2,57.86,32.92,11.79,55.37,6.52,56.24,mustard
65.22,39.37,32.82,19.68,62.36,6.35,58.37,mustard
77.2,57.58,32.71,15.13,68.85,6.67,64.23,mustard
47.19,33.14,32.69,21.93,44.24,6.2,75.04,mustard
82.2,37.87,32.65,10.6,53.47,6.87,69.96,mustard
69.89,49.94,32.58,20.52,52.32,6.76,30.51,mustard
70.22,48.9,32.52,12.16,42.81,6.03,91.15,mustard
77.81,43.63,32.37,24.02,47.53,6.18,70.92,mustard
82.58,55.91,32.2,21.44,44.32,6.01,31.4,mustard
51.02,34.94,32.19,23.9,61.31,6.63,66.21,mustard
54.13,38.37,32.15,24.98,41.65,6.87,35.78,mustard
48.4,40.64,32,10.86,57.5,7.33,40.62,mustard
56.23,40.99,31.89,20.43,51.66,6.67,46.63,mustard
80.79,47.92,31.81,17.1,65.64,6.51,90.88,mustard
54.91,53.27,31.79,12.09,40.32,6.82,98.3,mustard
56.9,33.8,31.75,12.44,62.03,6.31,34.1,mustard
49.49,31.17,31.75,22.04,50.24,6.67,77.29,mustard
70.03,34.99,31.39,19.26,69.09,7.09,94.58,mustard
67.15,33.88,31.27,11.49,58.69,6.67,84.46,mustard
47.67,41,31.2,12.27,63.95,7.06,43.33,mustard
83.83,59.89,31.05,16.73,61.66,7.33,71.51,mustard
62.49,35.84,31.03,16.21,64.83,7.1,83.85,mustard
61.96,31.2,30.87,22.4,61.04,6.69,33.86,mustard
80.09,43.99,30.85,11.63,66.28,7.17,41.77,mustard
82.92,55.35,30.79,20.31,49.39,6.09,79.11,mustard
50.21,48.8,30.76,24.93,54.41,6.73,69.61,mustard
89.89,43.55,30.64,16.01,43.45,7.32,59.04,mustard
48.52,41.54,30.41,16.48,63.45,6.73,85.58,mustard
44.87,51.19,30.37,10.1,52.1,6.35,87.32,mustard
61.76,57.62,30.35,10.82,46.13,6.63,45.37,mustard
58.46,40.72,30.32,17.81,53.22,7.32,65.39,mustard
59.08,53.26,30.28,19.42,45.76,6.22,95.66,mustard
83.97,58.97,30.25,15.08,40.21,7.02,87.78,mustard
53.75,49.17,30.23,24.97,47.91,6.42,95.15,mustard
60.95,53.28,30.16,18.46,46.15,7.11,33.66,mustard
88.33,58.34,30.05,18.56,67.29,6.01,86.75,mustard
43.85,31.76,30.03,21.77,61.23,7.18,66.21,mustard
84.62,32.36,29.93,13.72,69.64,6.58,81.28,mustard
40.49,42.28,29.88,20.4,62.99,6.46,86.81,mustard
46.87,58.57,29.86,19.93,62.55,7.22,96.2,mustard
62.01,34.42,29.85,16.51,42.66,6.33,71.88,mustard
48.31,57.49,29.84,15.58,62.79,6.51,96.64,mustard
86.13,45.07,29.84,21.06,41.1,6.71,53.54,mustard
45.45,37.46,29.51,22.13,66.26,6.45,90.11,mustard
51.64,44.76,29.31,12.73,55.12,6.48,48.07,mustard
51.94,58.48,29.15,12.53,53.82,6.46,32.46,mustard
80.3,53.7,29.14,11.21,52.09,6.26,78.65,mustard
79.34,45.29,29,12.27,48.54,6.56,82.94,mustard
49.83,37.12,29,19.64,58.03,7.04,55.38,mustard
69.52,45.25,28.93,18.48,60.67,7.31,74.54,mustard
89.2,38.77,28.84,15.32,56.94,6.38,94.07,mustard
88.42,53.96,28.78,24.7,58.06,6.87,82.37,mustard
49.36,46.67,28.74,16.26,51.31,7.31,93.37,mustard
88.59,45.38,28.73,17.04,65.74,6.46,43.49,mustard
84.35,49.37,28.58,22.24,65.84,7.27,94.32,mustard
64.1,52.73,28.46,14.77,67.74,6.08,63.99,mustard
58.17,58.15,28.27,14.98,61.02,7.15,95.06,mustard
51.84,53.42,28.24,22.34,52.71,7,36.69,mustard
60.68,31.19,28.22,24.33,68.61,6.53,33.02,mustard
85.31,37.49,28.16,21.39,53.49,7.17,34.58,mustard
42.61,42.56,27.8,20.96,69.44,6.38,75.79,mustard
54.94,58.22,27.78,16.44,66.18,7.26,43.03,mustard
79.31,36.04,27.76,12.47,49.91,7.14,66.36,mustard
81.5,42.47,27.75,23.01,60.08,6.67,64.15,mustard
51.55,56.92,27.69,13.31,44.14,7.29,65,mustard
47.56,36.76,27.53,22.76,56.84,6.79,38.03,mustard
47.74,39.04,27.47,15.58,47.64,6.73,58.52,mustard
48.74,49.44,27.36,20.76,63.3,7.01,73.01,mustard
68.83,59.5,27.25,20.22,61.48,6.91,36.2,mustard
74.24,36.36,27.17,14.22,52.33,6.35,31.38,mustard
64.6,47.18,27.15,21.91,54.59,6.5,37.48,mustard
55.77,41.79,27.11,11.45,45.37,7.2,77.43,mustard
65.9,48.43,27.1,17.25,52.87,6.11,37.43,mustard
67.06,48.15,26.61,19.38,57.15,6.28,34.17,mustard
82.19,43.81,26.53,12.01,68.6,6.11,43.94,mustard
60.56,51.12,26.52,15.5,51.73,7.46,96.83,mustard
77.43,44.48,26.48,24.51,61.45,7.44,59.9,mustard
74.48,50.3,26.47,19.88,51.82,6.98,37.46,mustard
76.3,54.53,26.41,17.59,65.22,7.1,67.96,mustard
50.45,33.91,26.11,21.54,52.77,6.85,31.47,mustard
48.17,35.53,26.07,15.8,41.53,6.6,65.82,mustard
48.77,50.7,26.03,18.04,42.9,6.68,82.93,mustard
49.04,38.06,25.96,13.7,49.19,6.83,71.16,mustard
66.77,49.06,25.89,13.18,41.24,6.48,69.18,mustard
87.78,30.55,25.87,10.11,59.42,7.35,47.04,mustard
81.87,37.19,25.85,17.57,63.06,6.09,70.38,mustard
64.55,39.62,25.77,14.64,69.25,6.62,61.13,mustard
78.11,47.75,25.76,20,58.7,6.9,64.29,mustard
57.85,49.04,25.59,21.24,56.37,6.31,50.43,mustard
41.2,40.06,25.31,11.48,68.7,6.9,81.01,mustard
48.33,51.37,25.28,13.53,54.83,7.37,44.82,mustard
86.81,58.22,25.24,23.12,62.12,6.38,34.71,mustard
69.24,58.24,25.23,17.07,42.74,6.94,68.54,mustard
73.07,35.56,25.22,11.48,59.81,7.15,48.55,mustard
47.47,49.45,25.17,23.09,58.39,6.24,97.36,mustard
54.83,32.32,25.1,11.9,43.7,6.78,47.21,mustard
49.86,32.93,25.01,23.86,64.64,6.53,75.91,mustard
77.85,48.2,25,21.96,61.6,6.13,62.47,mustard
87.42,32.74,24.84,24.41,56.13,6.02,48.03,mustard
46.36,42.83,24.83,20.51,62.77,6.16,65.43,mustard
59.67,46.34,24.8,20.37,45.03,6.47,65.23,mustard
70.48,57.45,24.69,21.28,57.05,6.41,63.21,mustard
86.64,30.6,24.61,23.29,53.76,6.85,76.41,mustard
70.98,49.51,24.56,10.92,63.42,6.69,34.07,mustard
72.44,58.64,24.54,17.16,58.05,6.87,58.1,mustard
71.78,40.68,24.46,18.95,64.43,6.57,39.26,mustard
65.36,31.25,24.45,24.8,68.95,6.01,96.63,mustard
82.86,52.94,24.4,20.35,68.35,7.02,53.21,mustard
58.77,48.8,24.38,22.35,47.05,6.98,58.36,mustard
89.33,31.68,24.27,10.79,58.78,6.08,88.55,mustard
59.4,54.89,24.01,24.03,62.54,7.41,77.36,mustard
55.65,55.76,23.95,20.58,62.26,7.02,47.66,mustard
88.28,41.81,23.92,20.08,61.88,6.86,44.48,mustard
80.59,49.69,23.84,15.07,67.84,6.34,56.05,mustard
82.5,35.89,23.77,24.45,43.24,6.72,70.99,mustard
53.41,39.47,23.76,19.83,41.19,6.9,90.88,mustard
42.56,44.9,23.7,16.01,50.52,7.16,86.22,mustard
40.3,44.52,23.7,14.62,67.78,6.24,97.61,mustard
53.63,42.41,23.66,12.72,60.43,6.27,66.76,mustard
81.81,36.46,23.61,22.77,44.7,7.46,88.98,mustard
50.43,57.92,23.49,22.26,51.42,7.32,90.76,mustard
80.4,53.03,23.42,19.66,65.03,6.87,75.25,mustard
71.3,32.26,23.37,10.74,47.72,6.2,48.2,mustard
71.07,51.56,23.32,10.53,69.83,6.35,33.77,mustard
64.65,39.9,23.2,24.3,41.81,6.45,50.86,mustard
56.62,39.47,23.2,15.5,42.98,7.15,97.64,mustard
53.28,56.87,23.1,19.85,67.21,6.25,97.78,mustard
46.45,51.6,23.03,19.35,50.68,7.18,46.36,mustard
65.04,59.44,22.92,14.55,59.15,6.53,94.99,mustard
86,49.51,22.71,24.22,47.76,6.51,58.16,mustard
80.8,41.35,22.65,15.13,69.44,6.94,59.13,mustard
53.16,40.8,22.63,24.05,56.61,6.46,57.79,mustard
41.1,59.48,22.58,22.22,48.41,6.2,60.79,mustard
53.71,32.38,22.57,23.41,45.76,6.49,45.87,mustard
61.32,48.46,22.45,11.32,45.15,6.78,44.98,mustard
61.64,47.87,22.42,24.09,62.65,6.88,87.99,mustard
52.04,41.6,22.42,12.21,48.94,6.13,93.76,mustard
58.66,36.82,22.2,19.05,60.05,6.93,62.44,mustard
62.98,44.97,22.17,20.27,55.1,7.15,63.97,mustard
72.85,58.7,22.07,10.86,48.47,6.39,47.29,mustard
80.01,37.25,22.04,14.75,48,6.76,84.44,mustard
83.01,51.68,22.03,20.62,56.31,6.12,62.08,mustard
78.6,30.82,21.96,16.96,67.28,6.81,64.85,mustard
64.38,31.01,21.88,23.6,44.18,6.8,58.78,mustard
72.55,46.36,21.87,17.69,64.19,6.69,33.64,mustard
88.47,41.34,21.86,15.09,55.18,6.24,76.07,mustard
67.07,32.58,21.71,11.58,57.57,6.82,46.36,mustard
72.2,41.43,21.64,18.99,67.07,6.57,45.14,mustard
83.65,35.07,21.61,20.76,54.26,7.27,56.84,mustard
45.96,31.09,21.58,22.51,43.54,6.07,60.65,mustard
53.25,50.16,21.56,11.7,40.12,7.5,86.16,mustard
53.67,52.09,21.55,10.74,51.59,6.53,52.09,mustard
82.25,41.85,21.54,16.03,60.21,6.68,82.43,mustard
75.48,59.51,21.51,11.45,61.61,6.42,42.9,mustard
72.89,59.98,21.45,24.66,52.21,7.31,84.77,mustard
71.89,54.6,21.25,17.47,60.68,6.38,51.54,mustard
65.61,50.41,21.25,11.27,61.49,6.11,34.99,mustard
51.29,48.5,21.21,14.89,54.06,6.22,98.93,mustard
66.56,58.1,21.18,11.83,53.57,7.4,52.13,mustard
50.3,30.03,21.18,24.66,47.27,6.99,88.74,mustard
52.73,55.23,21.15,23.53,53.84,6.96,76.15,mustard
74.59,49.84,21.15,15.52,69.37,6.63,65.14,mustard
48.35,35.03,21.1,21.05,59.91,6.71,89.09,mustard
62.92,45.86,21.03,19.58,42.44,6.65,50.49,mustard
43.15,35.62,20.97,21.15,61.7,6.2,88.53,mustard
58.11,40.04,20.79,10.36,64.95,6.41,66.27,mustard
58.38,32.05,20.77,12.03,68.89,6.82,97.61,mustard
57.15,50.52,20.76,20.35,49.48,6.08,72.69,mustard
57.37,57,20.65,19.96,68.9,6.84,95.58,mustard
48.7,40.12,20.54,16,56.5,6.93,76.44,mustard
66.98,32.32,20.54,11.53,52.31,7.4,74.62,mustard
69.8,33.22,20.51,23.64,48.09,7.23,99.95,mustard
65.74,32.99,20.48,24.46,51.31,6.9,35.58,mustard
66.77,36.46,20.36,13.62,69.28,7.2,97.17,mustard
41.36,53.51,20.32,21.43,66.8,6.65,67.49,mustard
65.69,38.65,20.19,17.44,48.57,7.1,31.68,mustard
56.87,54.83,20.02,14.62,47.23,6.35,34.77,mustard
36,26,15,30.643097,91.588776,7.210544,105.201322,orange
19,25,15,20.183298,90.419913,6.998829,111.752532,orange
19,25,15,20.476982,94.574724,7.146934,111.680677,orange
19,24,15,19.965844,94.964199,6.885418,116.167481,orange
19,24,15,19.984363,94.713053,7.35842,113.147917,orange
19,24,15,20.308485,94.528738,7.177415,112.28056,orange
19,24,15,20.489545,93.724851,7.137137,111.839195,orange
0,23,15,22.566642,93.374889,7.598729,109.858575,orange
0,23,15,22.566642,93.374889,7.598729,109.47111,orange
0,23,15,22.882581,91.630036,7.531517,108.706518,orange
0,23,15,21.887814,94.964199,7.782049,105.666066,orange
2,23,15,23.512186,92.970084,7.540885,110.676561,orange
4,23,15,24.670068,92.036154,7.243769,113.158771,orange
5,23,15,25.669011,92.046708,7.408939,112.54242,orange
20,23,15,21.302211,91.147672,7.263109,113.85298,orange
33,23,15,25.669011,92.046708,7.408939,110.682394,orange
40,22,15,25.354676,91.909972,7.992042,115.978799,orange
1,21,15,22.533828,92.558197,7.578852,108.533752,orange
14,20,15,17.828123,93.981978,6.64791,108.814123,orange
1,19,15,29.686922,92.589437,7.194697,116.96731,orange
14,19,15,17.67342,94.868375,6.728835,107.320713,orange
17,17,15,16.493191,92.899541,6.647094,102.207619,orange
21,17,15,23.982896,91.547314,7.455991,118.49017,orange
39,17,15,31.349201,91.547314,7.181908,118.49017,orange
40,17,15,21.350934,90.949297,7.871063,107.08621,orange
40,17,15,21.562314,90.960451,7.892495,105.720812,orange
33,12,15,30.295848,91.374343,6.062979,117.899269,orange
33,12,15,30.25578,92.032728,6.052318,116.717312,orange
33,12,15,30.524826,92.15213,6.236531,114.247729,orange
33,12,15,30.071822,93.3384,6.062816,113.09106,orange
34,12,15,30.25578,94.595512,7.362208,116.717312,orange
33,11,15,30.450653,91.17951,6.068682,117.227463,orange
33,11,15,30.297136,91.853884,6.066207,117.033863,orange
36,11,15,34.110821,92.943107,6.735604,116.886297,orange
33,10,15,34.354308,90.590375,6.748461,114.189922,orange
36,10,15,27.5922,91.912679,7.106491,116.738117,orange
39,9,15,25.354676,91.811832,7.992042,116.755594,orange
40,9,15,24.826096,91.289699,7.769305,116.097966,orange
9,8,15,14.602386,94.964199,7.995849,111.262419,orange
9,8,15,14.343205,94.357347,7.994465,110.222312,orange
32,8,15,33.586097,91.489055,7.35305,116.211051,orange
7,7,15,33.234533,91.060539,7.813917,114.665951,orange
21,7,15,25.244747,94.650459,7.225965,118.041075,orange
30,7,15,31.91397,90.006217,7.650044,119.694658,orange
30,7,15,33.084588,90.740372,7.819502,117.526621,orange
30,7,15,33.234533,91.060539,7.825532,115.76599,orange
29,6,15,32.966675,91.759654,7.83083,119.28137,orange
37,5,15,26.167338,90.718721,7.488625,100.173796,orange
0,25,14,18.819305,90.704793,6.142991,119.694658,orange
0,25,14,19.335168,91.979789,6.361671,116.450422,orange
12,25,14,30.491838,90.458286,7.571254,118.00693,orange
28,25,14,31.642286,90.878679,7.802352,109.116711,orange
29,25,14,30.491838,90.458286,7.781989,113.33021,orange
40,25,14,29.494955,90.006217,7.130441,105.57059,orange
5,24,14,25.961912,90.006217,7.116404,109.397125,orange
30,24,14,18.316407,90.036849,6.979813,112.038076,orange
39,24,14,30.554726,90.903438,7.18926,106.071198,orange
21,22,14,23.24494,91.816433,7.009044,117.997516,orange
14,19,14,17.684088,94.358154,6.699165,108.063817,orange
0,18,14,29.771494,92.0072,7.207991,114.416179,orange
4,18,14,23.010143,91.117642,7.207991,114.416179,orange
5,18,14,33.762071,94.964199,7.182128,119.694658,orange
5,18,14,33.105698,93.484475,7.434119,119.170911,orange
31,17,14,13.828174,90.799777,6.044241,107.023637,orange
17,16,14,16.396243,92.181519,6.625539,102.944161,orange
31,15,14,17.665454,94.787974,6.912033,110.685751,orange
38,15,14,19.767421,91.77842,7.602806,109.310664,orange
1,10,14,10.786898,91.384119,6.819827,117.529345,orange
34,10,14,34.052969,92.058117,7.18926,116.802085,orange
34,10,14,34.052969,92.058117,6.725601,116.802085,orange
36,10,14,30.2927,91.951648,7.273083,116.781987,orange
6,9,14,34.052969,90.143626,6.725601,116.802085,orange
8,9,14,14.416133,94.817348,7.995849,105.513023,orange
39,9,14,17.665454,91.698659,6.583412,110.685751,orange
40,9,14,25.342854,92.178901,7.995849,116.596718,orange
29,8,14,33.293599,90.740906,7.823288,115.703524,orange
14,6,14,23.010143,91.117642,6.70889,108.063817,orange
30,6,14,17.252442,91.621236,6.690352,110.228021,orange
31,5,14,17.665454,91.698659,6.583412,110.685751,orange
31,5,14,17.923315,91.730868,6.820942,107.142863,orange
12,29,13,22.456169,91.527818,7.571254,118.00693,orange
15,29,13,32.542927,90.077326,6.05342,113.500522,orange
16,29,13,32.319444,93.678046,6.196908,117.623647,orange
34,29,13,20.681852,90.915105,6.725601,116.802085,orange
36,29,13,20.681852,90.915105,7.829507,109.751393,orange
16,28,13,31.773127,94.964199,6.090786,119.694658,orange
38,28,13,20.792218,91.064999,7.854319,109.124779,orange
34,24,13,31.120071,90.487383,6.940196,113.200748,orange
37,24,13,19.143819,90.710375,7.854624,108.023079,orange
5,23,13,25.669011,92.046708,7.191727,112.54242,orange
37,23,13,31.734018,91.205494,6.382453,113.952531,orange
37,23,13,18.502814,92.032032,7.995849,112.018899,orange
36,21,13,31.370903,90.006217,6.38065,113.046953,orange
34,20,13,15.689145,91.385821,6.675877,107.999798,orange
5,18,13,32.76115,93.728373,7.149013,119.243833,orange
32,18,13,13.837728,91.747805,6.044167,107.987322,orange
32,18,13,13.837728,93.522119,6.044167,101.516459,orange
40,18,13,21.762737,91.025757,7.837835,107.98256,orange
0,17,13,29.709206,91.655554,7.210633,113.639633,orange
6,17,13,33.113909,93.408561,7.416082,119.694658,orange
22,17,13,24.547169,92.181902,7.200268,118.029147,orange
37,16,13,12.228162,90.264574,7.10665,101.284774,orange
5,15,13,30.513367,93.162141,7.187273,119.326083,orange
16,15,13,16.465569,92.435372,6.614456,101.597769,orange
36,11,13,17.604782,94.835553,7.197603,116.951089,orange
36,11,13,17.340837,93.048972,7.191727,112.719428,orange
36,11,13,17.242817,90.007102,7.457748,112.108947,orange
20,9,13,25.303762,94.964199,7.21797,118.20699,orange
36,9,13,33.914777,91.540079,6.752476,114.430476,orange
32,8,13,33.321695,90.617156,7.823892,118.611732,orange
37,6,13,26.030973,91.508193,7.511755,101.284774,orange
22,30,12,15.397661,90.649478,6.212699,119.499861,orange
22,30,12,15.781442,92.510777,6.354007,119.035002,orange
22,30,12,17.373567,92.425112,6.374675,118.628242,orange
20,29,12,22.324505,92.071806,6.596474,117.45772,orange
21,29,12,22.30319,92.15987,6.438669,117.36881,orange
21,29,12,22.30319,92.15987,6.438669,115.76599,orange
25,29,12,32.468543,93.840683,6.58024,112.891054,orange
21,28,12,21.953012,92.890992,6.424002,115.837331,orange
28,26,12,30.651682,90.134596,7.795644,110.606304,orange
26,25,12,28.069032,90.039696,7.016482,114.133942,orange
31,25,12,18.051424,90.039696,7.016482,111.779389,orange
37,23,12,31.52676,90.506218,6.395258,113.11694,orange
7,20,12,16.425909,94.359447,6.483556,110.987102,orange
7,20,12,16.534604,94.7676,6.475275,110.04479,orange
7,20,12,16.535202,94.767387,6.475392,110.043759,orange
21,20,12,11.866319,93.683946,6.976998,106.060149,orange
22,18,12,13.837728,92.510777,6.354007,107.987322,orange
35,18,12,11.756512,90.839703,6.835937,107.233569,orange
36,18,12,10.980127,90.500941,7.131302,106.952385,orange
37,18,12,10.270888,90.191477,7.401122,106.69552,orange
38,18,12,10.44373,90.999765,7.402918,110.756418,orange
2,16,12,31.355939,91.524229,7.401333,115.722762,orange
19,15,12,26.871811,90.452114,6.812715,117.524365,orange
37,10,12,25.316197,91.198658,7.513959,117.006511,orange
6,9,12,31.083689,90.143626,7.028746,109.689466,orange
6,9,12,31.349915,92.009382,6.986819,105.947576,orange
14,9,12,25.187371,93.987617,7.089892,115.115178,orange
15,9,12,11.607381,93.729809,7.92505,106.299434,orange
13,8,12,25.162966,92.54736,7.105905,114.31172,orange
13,8,12,25.669011,92.54736,7.105905,114.31172,orange
20,8,12,25.299043,94.964199,7.260416,117.973342,orange
21,8,12,23.982896,94.964199,7.260416,117.973342,orange
8,6,12,28.053563,91.72854,6.919183,104.569711,orange
20,30,11,32.39524,94.517685,6.407716,109.945506,orange
24,30,11,32.392297,94.485083,6.58569,113.423405,orange
24,30,11,32.39524,94.517685,6.601396,113.25373,orange
24,30,11,32.085807,94.401612,6.672588,112.092436,orange
27,30,11,32.518329,93.510768,6.605289,111.414679,orange
0,29,11,11.9459,91.952292,7.339114,105.539757,orange
20,28,11,29.282929,93.57107,7.389755,102.58343,orange
22,28,11,20.670599,92.676603,6.304836,118.331381,orange
22,28,11,21.35531,92.459884,6.360966,117.927678,orange
22,26,11,32.105138,92.170105,6.497953,111.486843,orange
28,26,11,18.443098,91.576469,6.604713,115.427905,orange
31,25,11,10.271208,93.217841,7.801498,102.459229,orange
36,25,11,31.657226,90.745864,6.415795,110.234511,orange
29,24,11,30.523741,90.698013,7.811803,112.054671,orange
5,23,11,24.613749,92.510963,7.433265,111.763541,orange
19,23,11,31.747118,90.006217,6.280548,108.780432,orange
20,23,11,31.852069,90.122203,6.407716,109.945506,orange
21,23,11,31.932316,90.128829,6.418597,108.855833,orange
19,22,11,31.700319,90.006217,6.441694,110.210449,orange
20,22,11,32.406876,92.967327,6.631612,110.983381,orange
22,22,11,31.895575,90.236542,6.406533,113.257699,orange
24,21,11,31.091804,91.719134,6.253255,101.69208,orange
25,21,11,32.237978,90.154068,6.460045,104.705225,orange
26,21,11,33.111773,90.006217,6.707672,103.672104,orange
15,18,11,10.010813,90.417628,6.204481,116.431313,orange
32,17,11,13.910589,91.489659,6.010392,105.554403,orange
36,17,11,11.769628,90.593295,7.468503,107.520359,orange
18,15,11,27.426795,90.006217,6.58163,119.694658,orange
15,14,11,10.010813,90.058406,6.210936,118.025256,orange
18,14,11,28.740198,92.04371,6.506027,117.140334,orange
18,14,11,28.047995,90.006217,6.550814,117.13115,orange
25,12,11,13.763288,90.665185,7.576507,105.779125,orange
19,11,11,26.782631,92.288415,6.87745,117.518818,orange
26,11,11,13.703192,90.955894,7.609348,106.294488,orange
27,11,11,13.338374,92.287127,7.765669,102.652411,orange
34,11,11,32.29384,93.996725,7.211979,115.57725,orange
15,9,11,11.547857,94.14861,7.907956,108.828917,orange
16,9,11,11.565386,93.293352,7.888148,110.007861,orange
6,8,11,24.355909,92.396517,6.600949,119.694658,orange
6,8,11,24.664108,93.911875,6.861008,118.609723,orange
9,8,11,24.664953,92.454279,6.79431,117.633386,orange
9,8,11,24.70837,92.462394,6.821475,117.343797,orange
14,8,11,16.080165,91.594412,7.983663,106.815008,orange
20,8,11,25.299043,94.964199,7.260416,117.973342,orange
29,8,11,33.319219,92.103075,6.531644,115.90321,orange
19,7,11,14.78003,91.220621,6.251587,102.455079,orange
18,5,11,21.272282,90.974119,6.393962,103.38762,orange
18,5,11,20.879474,90.937562,6.251587,102.455079,orange
1,30,10,11.520059,93.789764,7.222643,104.362914,orange
1,30,10,11.716508,90.51504,7.178119,104.362429,orange
1,30,10,11.899257,91.346638,7.291406,103.577147,orange
3,30,10,11.696806,92.257411,7.309643,107.980427,orange
1,29,10,11.455028,91.019981,7.087809,106.258339,orange
20,29,10,29.074127,93.271891,7.365492,100.789687,orange
20,29,10,29.074127,93.271891,7.365492,100.789687,orange
20,29,10,28.440457,94.964199,7.638099,100.173796,orange
39,29,10,31.753396,91.459706,6.89588,110.145827,orange
40,29,10,31.220324,91.689525,7.046163,113.39545,orange
39,28,10,31.349201,91.482476,7.181908,109.154982,orange
26,27,10,28.069032,92.914873,6.079998,114.133942,orange
26,27,10,31.852069,90.122203,6.079998,109.945506,orange
26,26,10,28.480765,92.476163,6.067474,115.05221,orange
19,25,10,31.635917,90.311749,6.42544,110.192811,orange
32,25,10,11.767493,92.53959,7.577345,103.549113,orange
32,25,10,10.689308,94.213851,7.844094,100.173796,orange
19,23,10,32.05951,90.393439,6.424573,107.846224,orange
36,22,10,31.384195,91.292493,6.422268,113.598434,orange
20,21,10,11.815264,94.851826,6.939607,104.220774,orange
39,21,10,14.131194,93.511963,6.587315,106.54222,orange
6,20,10,16.258784,93.870451,6.484598,111.075386,orange
12,20,10,24.451328,93.105277,6.528355,109.47111,orange
12,20,10,24.881553,90.814017,6.696458,107.948431,orange
19,20,10,12.463259,93.401593,6.928893,106.775273,orange
20,20,10,11.866319,93.683946,6.976998,106.060149,orange
33,18,10,13.905313,92.160947,6.054735,107.575509,orange
7,17,10,10.316417,91.152559,6.513135,106.513901,orange
7,17,10,15.833887,91.682939,7.651225,106.362551,orange
7,17,10,10.164313,91.22321,6.465913,106.362551,orange
7,16,10,10.524947,92.347321,6.482838,103.839927,orange
8,16,10,18.784018,90.99152,7.815632,114.039577,orange
9,16,10,18.879577,92.043045,7.813917,114.665951,orange
13,16,10,29.074127,93.271891,6.949839,100.196785,orange
34,13,10,19.826685,92.991879,7.523536,111.347569,orange
17,12,10,26.175284,90.220994,6.504368,116.909268,orange
33,11,10,32.536783,94.964199,7.473753,110.792466,orange
34,11,10,11.503229,94.893318,7.362208,115.568378,orange
34,11,10,31.843587,94.492916,7.336468,115.263751,orange
34,11,10,31.750489,94.595512,7.362208,115.19893,orange
35,11,10,17.247992,94.111487,7.201497,113.943278,orange
39,11,10,25.354676,91.811832,7.992042,116.755594,orange
9,10,10,22.918687,93.375288,6.098057,101.869168,orange
9,10,10,22.355105,93.522119,6.010392,101.516459,orange
9,10,10,22.655215,90.221196,6.024559,100.173796,orange
7,9,10,24.554719,93.184244,6.584466,116.567326,orange
12,9,10,16.329527,90.926038,7.995849,108.345239,orange
12,8,10,16.148203,91.444803,7.995849,107.428766,orange
12,8,10,16.25022,93.653687,7.995849,103.680049,orange
8,7,10,29.379435,90.9344,6.999644,108.481933,orange
8,7,10,27.493184,94.463061,6.883376,107.712634,orange
8,7,10,27.886906,92.910294,7.091869,105.600937,orange
8,7,10,28.262049,91.983174,6.929216,105.213226,orange
8,7,10,28.0582,93.556383,7.026347,101.090871,orange
14,7,10,17.815076,91.266097,7.381328,105.676487,orange
19,7,10,27.140848,91.526604,6.990085,101.817666,orange
19,7,10,14.78003,91.220621,6.11843,100.196176,orange
27,7,10,34.523226,91.611454,6.75319,113.471241,orange
29,7,10,34.906653,93.061129,6.708072,115.264557,orange
17,6,10,22.73458,90.657301,6.467617,116.175448,orange
34,6,10,30.84835,94.595512,7.362208,107.414268,orange
20,30,9,11.899257,91.346638,7.129137,111.17275,orange
26,30,9,32.820233,90.270621,7.680659,112.809686,orange
12,29,9,13.208444,91.527818,7.571254,118.00693,orange
25,28,9,32.367953,93.70125,6.610315,114.801267,orange
24,27,9,18.868832,93.246881,6.157135,119.393698,orange
32,27,9,12.019958,90.839371,7.447439,101.074553,orange
31,26,9,11.698946,93.256389,7.566166,103.200599,orange
13,25,9,34.740049,93.12317,7.796034,100.196785,orange
19,25,9,27.255435,90.039696,6.969883,101.139435,orange
32,25,9,10.356096,93.75652,7.796034,101.145695,orange
33,25,9,10.266739,90.250249,7.708155,103.964643,orange
18,24,9,21.567282,93.045484,6.440035,100.173796,orange
14,23,9,17.692228,91.170901,6.630619,112.976593,orange
35,23,9,11.668629,93.881304,7.13248,103.503513,orange
38,23,9,28.566904,91.10057,6.434619,114.328655,orange
14,22,9,17.249446,91.137728,6.543192,112.509052,orange
39,22,9,14.080738,93.664394,6.526241,106.676008,orange
40,22,9,24.536101,92.043045,7.813917,114.665951,orange
39,21,9,13.208444,94.027694,6.354023,106.269616,orange
39,20,9,12.817032,91.700837,6.515516,107.630862,orange
7,17,9,18.911044,91.673739,7.766588,114.530528,orange
7,17,9,18.766934,91.347444,7.830331,113.603129,orange
8,17,9,18.862586,93.007743,7.822572,109.976994,orange
6,16,9,11.655534,92.051335,6.764613,105.028371,orange
7,16,9,18.879577,92.043045,7.813917,114.665951,orange
7,16,9,18.19371,94.332052,7.772827,113.209052,orange
35,16,9,13.602376,91.084662,7.5509,108.52902,orange
1,15,9,30.032465,94.535699,7.531955,115.415683,orange
1,15,9,29.983647,94.552397,7.533509,115.356032,orange
7,15,9,18.148523,92.920266,7.851481,112.218136,orange
35,14,9,21.177978,92.278755,7.646429,109.88792,orange
6,13,9,34.395232,94.070297,7.795828,119.694658,orange
6,13,9,33.716334,90.983812,7.730856,119.694658,orange
6,13,9,34.51424,90.561515,7.786725,118.327197,orange
6,13,9,34.51424,91.682939,7.651225,109.757142,orange
6,13,9,13.208444,90.561515,7.786725,106.269616,orange
19,13,9,28.22531,90.159552,6.5426,115.236998,orange
13,9,9,11.48279,93.20055,7.869988,110.899645,orange
17,9,9,24.13787,90.45466,6.453838,116.667872,orange
18,9,9,27.319771,90.82409,6.934882,103.074906,orange
6,8,9,24.461291,92.63003,6.575835,118.282851,orange
16,8,9,20.184323,91.284087,6.96925,116.813097,orange
16,8,9,23.894811,90.482536,6.447809,116.639074,orange
16,8,9,25.416862,90.006217,7.722684,113.34407,orange
16,8,9,24.602975,91.284087,7.60119,111.294812,orange
16,8,9,24.960472,91.305645,7.566569,111.285859,orange
18,8,9,26.53122,91.400365,7.414454,111.246526,orange
19,7,9,26.931991,93.353618,7.124531,101.149006,orange
19,7,9,27.255435,91.713694,6.969883,101.139435,orange
19,7,9,27.255435,91.713694,6.730758,101.139435,orange
20,7,9,25.299043,91.713694,6.969883,117.973342,orange
20,7,9,29.477417,91.578029,7.129137,111.17275,orange
28,7,9,34.591785,92.132298,6.730758,115.565029,orange
11,6,9,25.283326,90.714329,7.297782,104.341631,orange
21,5,9,14.641265,90.641908,6.111079,100.971737,orange
18,30,8,15.781442,92.510777,6.354007,101.481989,orange
25,30,8,32.536627,92.775118,7.064539,113.286746,orange
33,30,8,31.960825,91.140551,6.475904,106.967094,orange
34,29,8,31.878592,91.152481,6.45064,105.343782,orange
34,29,8,31.921226,91.176779,6.464271,105.299387,orange
16,26,8,26.440242,91.722357,7.365413,101.771696,orange
24,26,8,18.803656,92.850942,6.204767,118.604453,orange
7,25,8,30.680465,93.46612,6.010392,105.451231,orange
18,23,8,21.491187,93.439497,6.413548,101.481989,orange
18,23,8,21.485456,94.964199,6.558662,100.173796,orange
18,23,8,21.640672,90.866838,6.26507,100.173796,orange
18,23,8,21.13995,90.006217,6.25795,100.173796,orange
33,23,8,21.032001,92.964197,6.395258,113.11694,orange
25,22,8,27.24204,93.760889,6.192972,115.369635,orange
40,21,8,34.906653,92.878201,7.418762,102.190633,orange
13,20,8,23.853404,93.683946,7.474711,106.060149,orange
13,18,8,26.566083,90.105225,7.474711,103.923226,orange
13,17,8,32.565804,92.546436,7.033653,100.700899,orange
13,16,8,34.740049,93.12317,6.949839,100.196785,orange
5,15,8,13.307444,92.968696,7.0955,103.550425,orange
13,15,8,12.447256,90.723726,6.658567,118.095179,orange
14,14,8,10.010813,90.006217,6.30232,115.867128,orange
15,14,8,10.010813,90.223992,6.220943,119.394106,orange
25,14,8,17.253625,94.796373,6.916859,108.743063,orange
33,14,8,21.032001,92.964197,7.68442,110.682394,orange
33,14,8,20.246638,92.770616,7.679405,110.542601,orange
12,13,8,30.84835,91.356082,7.335158,107.414268,orange
15,13,8,32.527345,92.706481,6.955765,100.475464,orange
1,12,8,19.913823,90.006217,6.990116,119.694658,orange
13,12,8,25.260527,90.311537,6.822282,117.36953,orange
18,12,8,12.312999,91.874548,6.279875,119.694658,orange
18,12,8,12.613639,91.943201,6.061171,119.694658,orange
18,12,8,12.59094,91.816688,6.206053,119.391672,orange
18,12,8,12.727979,91.867795,6.202953,119.050785,orange
33,12,8,25.260527,90.311537,6.822282,117.36953,orange
2,11,8,21.345152,91.139313,6.866762,117.61495,orange
9,11,8,24.859034,94.390005,6.559237,111.780373,orange
9,11,8,23.910177,93.870215,6.520787,108.968385,orange
9,11,8,25.099188,94.964199,6.397771,108.087209,orange
17,11,8,24.859034,94.390005,6.559237,102.944161,orange
27,11,8,13.727015,90.871906,7.627021,109.098968,orange
34,11,8,31.81128,94.964199,7.346861,118.083861,orange
7,9,8,10.936788,90.408702,6.572389,111.737765,orange
7,7,8,28.381353,91.605568,6.94935,104.842389,orange
11,7,8,30.90299,91.968199,6.334625,107.042725,orange
11,7,8,30.698421,92.515702,6.397399,103.436571,orange
16,7,8,22.791968,90.609019,6.420457,116.508407,orange
17,7,8,24.620289,91.500722,7.635518,110.123057,orange
24,7,8,22.791968,90.609019,6.420457,119.393698,orange
12,6,8,30.866144,90.006217,6.256119,109.776143,orange
12,6,8,30.84835,92.867737,6.388617,107.414268,orange
13,6,8,29.816196,92.606012,6.589015,108.055594,orange
13,6,8,30.642763,92.67433,6.499667,107.977895,orange
14,6,8,24.163163,90.592388,7.526978,106.969525,orange
13,5,8,25.983252,90.946366,7.144013,104.986192,orange
13,5,8,23.853404,90.105225,7.474711,103.923226,orange
1,30,7,11.899257,91.117642,7.291406,112.67383,orange
25,26,7,18.726101,92.433244,6.135595,119.694658,orange
4,25,7,30.703909,94.499008,6.010392,106.518347,orange
14,23,7,17.309498,90.014712,6.491648,111.63076,orange
19,21,7,22.207085,92.700391,6.558326,101.850359,orange
2,17,7,10.680959,92.089629,6.846762,119.694658,orange
13,16,7,15.833887,91.682939,7.651225,100.196785,orange
33,15,7,15.996657,91.723059,7.652265,109.786114,orange
33,15,7,15.833887,91.682939,7.651225,109.757142,orange
0,14,7,29.934501,93.862753,7.5384,111.915337,orange
14,14,7,10.313865,91.172151,6.368246,118.617249,orange
31,14,7,18.150235,92.360115,7.553222,110.886856,orange
24,13,7,13.123815,91.497748,6.987886,113.737943,orange
27,13,7,13.401468,91.308247,7.367933,110.637132,orange
32,13,7,15.718166,91.129709,7.642053,109.194588,orange
0,12,7,20.184323,90.654585,6.96925,116.813097,orange
0,12,7,20.553804,91.231831,6.868757,113.990846,orange
4,9,7,23.010143,91.117642,6.70889,112.67383,orange
28,9,7,34.565769,92.669873,6.724867,114.025086,orange
14,8,7,24.412474,92.018434,7.600505,110.983228,orange
20,8,7,29.499339,92.257937,7.141535,111.572511,orange
30,8,7,34.182558,93.359776,7.288313,105.388427,orange
31,8,7,34.906653,90.233139,7.357261,107.623034,orange
31,8,7,32.64066,93.359624,7.241711,103.709096,orange
31,8,7,34.514651,93.638127,7.163246,103.568493,orange
31,8,7,33.582225,94.964199,7.072864,100.4617,orange
4,7,7,15.63211,94.473169,7.199106,101.47057,orange
6,7,7,27.681673,94.473169,7.199106,113.999515,orange
4,6,7,23.010143,91.117642,6.70889,112.67383,orange
7,6,7,10.164313,91.22321,6.70889,112.67383,orange
14,6,7,22.336206,90.823917,6.823825,115.490896,orange
24,30,6,26.566083,94.452397,6.601396,113.25373,orange
5,25,6,30.721199,94.01332,6.011302,106.811802,orange
5,25,6,30.523605,94.964199,6.010392,105.095026,orange
40,25,6,30.491838,91.909972,6.488221,115.978799,orange
5,24,6,30.561624,93.731128,6.041438,109.809692,orange
13,23,6,13.208444,90.26408,7.365338,102.69587,orange
13,23,6,23.961476,90.26408,7.365338,102.69587,orange
13,23,6,23.961476,94.787974,6.912033,102.69587,orange
13,22,6,24.238334,90.006217,7.420622,100.916703,orange
14,22,6,19.607288,90.006217,7.789175,100.173796,orange
40,22,6,24.536101,91.909972,6.488221,115.978799,orange
40,22,6,23.982896,91.547314,6.488221,115.978799,orange
16,21,6,24.010436,90.404307,7.237216,102.738528,orange
23,18,6,27.414053,94.135557,6.255164,113.355091,orange
24,18,6,26.566083,94.452397,6.285313,116.379652,orange
24,18,6,26.566083,90.710375,6.285313,108.023079,orange
1,17,6,10.37543,93.761703,7.00584,119.694658,orange
1,17,6,10.786898,91.384119,6.819827,117.529345,orange
8,17,6,12.362832,91.380349,6.870511,112.321101,orange
21,17,6,24.251802,90.632398,6.941929,102.03102,orange
6,16,6,19.058593,90.919634,7.810076,113.340644,orange
8,16,6,12.228162,90.264574,7.10665,108.416171,orange
25,16,6,18.964226,93.760967,6.920506,106.699129,orange
27,16,6,17.381602,94.964199,6.980677,112.130555,orange
26,15,6,17.141114,94.610532,6.954276,108.105538,orange
26,15,6,17.220345,94.787974,6.912033,108.005434,orange
26,15,6,19.667056,94.787974,6.912033,100.173796,orange
27,15,6,16.621041,94.964199,6.886718,110.788843,orange
14,14,6,34.906653,92.74841,6.919313,100.435468,orange
0,13,6,20.063402,90.670601,6.974339,118.038961,orange
4,13,6,15.63211,94.259662,7.561143,101.47057,orange
6,13,6,31.083689,90.143626,7.028746,109.689466,orange
13,13,6,19.667056,94.259662,7.561143,101.47057,orange
27,13,6,13.333768,91.372086,7.295928,111.510378,orange
27,13,6,13.360506,91.356082,7.335158,111.226688,orange
6,7,6,30.721199,94.473169,7.199106,113.999515,orange
27,6,6,34.471657,92.112416,6.748377,113.018606,orange
8,5,6,21.921189,91.260558,7.380873,112.861439,orange
27,30,5,32.717485,90.546083,7.656978,113.328978,orange
27,30,5,31.465531,91.899843,7.468526,112.627087,orange
27,30,5,31.966106,91.917897,7.476731,111.872544,orange
28,30,5,33.003204,91.338279,7.795737,114.795021,orange
28,30,5,32.607455,90.27578,7.657636,113.019517,orange
5,27,5,11.033679,92.227068,6.157135,119.393698,orange
4,26,5,30.693234,94.138849,6.010392,106.243367,orange
6,24,5,30.652808,93.83056,6.014907,105.323128,orange
4,23,5,22.675945,93.363487,7.477935,110.333266,orange
40,23,5,24.561415,92.54809,6.463374,115.387895,orange
13,22,5,19.667056,90.500967,7.76404,100.173796,orange
14,21,5,19.840572,90.450855,7.764678,100.555763,orange
19,19,5,24.068765,90.57137,7.084575,102.789349,orange
22,17,5,24.204038,94.222409,7.119425,106.156914,orange
22,17,5,24.645237,93.746172,7.139917,105.284798,orange
22,17,5,24.121887,90.723516,6.945563,102.835632,orange
23,17,5,24.359658,92.914525,6.706418,103.813741,orange
2,15,5,10.836584,90.006217,6.819648,116.454846,orange
11,14,5,11.801474,94.964199,6.795821,119.694658,orange
11,14,5,11.503229,94.893318,6.946355,115.568378,orange
11,14,5,11.075068,94.964199,6.799359,114.587121,orange
26,14,5,17.249732,94.330578,6.936955,109.197114,orange
26,14,5,23.577669,91.396941,7.327768,103.709234,orange
28,11,5,23.058496,94.939095,7.86716,106.248552,orange
29,11,5,22.95224,90.006217,7.794653,108.366926,orange
29,11,5,23.133388,91.946703,7.639788,104.422414,orange
5,9,5,11.179511,91.987471,6.629018,112.239848,orange
5,8,5,11.234565,90.006217,6.325843,115.817324,orange
5,8,5,11.033679,92.227068,6.562595,112.771592,orange
29,7,5,14.78003,91.946703,7.639788,100.196176,orange
4,6,5,23.019377,91.695839,6.733138,115.84741,orange
10,5,5,21.385852,92.095486,7.829772,113.189312,orange
10,5,5,21.21307,91.353492,7.817846,112.983436,orange
10,5,5,21.069795,91.356075,7.822882,112.826306,orange
10,5,5,21.299134,91.782212,7.832754,111.619132,orange
68,70,55,31.41341,93.308177,6.977953,55.958164,papaya
39,69,55,29.174965,94.405134,6.88516,203.329104,papaya
44,68,55,27.347349,94.177567,6.687088,98.540477,papaya
69,68,55,42.779999,94.944821,6.67759,75.849444,papaya
70,68,55,42.846093,94.635482,6.691202,78.809964,papaya
40,65,55,23.218896,90.819999,6.609531,207.682754,papaya
44,65,55,28.926106,90.038631,6.806937,223.725811,papaya
57,64,55,26.683865,92.958541,6.59886,208.335798,papaya
57,64,55,26.881111,92.962178,6.580621,62.552005,papaya
57,64,55,26.683865,92.958541,6.58376,62.506897,papaya
59,63,55,26.590742,94.717074,6.501521,61.354302,papaya
31,62,55,33.796016,93.007543,6.585346,182.026807,papaya
31,62,55,40.788818,90.725265,6.585346,132.792359,papaya
34,62,55,27.585489,90.725265,6.585346,238.500878,papaya
35,62,55,28.006259,90.038631,6.501521,240.722564,papaya
44,60,55,34.280461,90.555616,6.825371,98.540477,papaya
42,59,55,39.829299,94.163106,6.961921,149.96502,papaya
42,59,55,40.102077,94.351102,6.979102,149.119999,papaya
43,59,55,35.168615,92.597303,6.993473,100.508179,papaya
54,59,55,37.035519,91.555942,6.551893,149.910756,papaya
56,59,55,32.680674,92.617156,6.551893,188.518142,papaya
56,59,55,37.035519,91.794302,6.551893,188.518142,papaya
42,57,55,39.916075,94.266171,6.962765,147.780249,papaya
43,57,55,39.8024,94.944821,6.814692,150.42872,papaya
48,57,55,29.089993,90.038631,6.629225,125.39907,papaya
51,57,55,32.592094,91.279281,6.716548,234.123997,papaya
51,57,55,26.830541,90.147322,6.864144,108.410316,papaya
51,57,55,24.705284,90.147322,6.676407,108.410316,papaya
51,57,55,24.877371,90.624131,6.708578,107.887285,papaya
53,55,55,33.323157,91.252712,6.709669,234.496633,papaya
54,55,55,33.775833,90.038631,6.844877,227.989136,papaya
49,54,55,39.935105,91.313715,6.61206,77.936502,papaya
52,54,55,33.261333,91.101411,6.703199,235.000658,papaya
51,48,55,41.042244,91.372581,6.805277,181.527598,papaya
45,47,55,38.419163,91.142204,6.751453,119.265388,papaya
68,70,54,29.807443,92.760392,6.742749,232.704613,papaya
68,70,54,31.299863,92.760392,6.986229,54.778302,papaya
41,69,54,26.022868,92.284635,6.896373,243.221654,papaya
54,69,54,34.973879,92.573549,6.661612,141.542163,papaya
38,68,54,29.337105,90.817814,6.73917,202.057275,papaya
37,67,54,30.469794,93.355524,6.865527,208.341693,papaya
39,65,54,27.815771,94.923818,6.528024,63.982828,papaya
43,64,54,38.589545,91.380485,6.825665,102.270823,papaya
44,64,54,29.807443,91.380485,6.742749,232.704613,papaya
46,64,54,29.870805,91.131978,6.757832,233.162182,papaya
59,64,54,43.675493,93.108872,6.742749,103.823566,papaya
40,63,54,23.012402,90.737655,6.616688,209.759353,papaya
33,62,54,26.593689,90.848437,6.504737,239.319078,papaya
62,62,54,43.380639,93.16285,6.565424,112.245034,papaya
70,62,54,35.524354,90.543391,6.934005,143.5765,papaya
34,61,54,27.814973,94.024484,6.51148,245.811538,papaya
42,60,54,34.473276,90.967439,6.852473,96.517598,papaya
57,60,54,37.057862,91.957872,6.548266,186.279634,papaya
69,60,54,36.322681,93.061344,6.989927,141.173693,papaya
69,60,54,26.053758,93.691117,6.74249,141.173693,papaya
46,57,54,41.234037,93.422896,6.935249,72.284042,papaya
48,57,54,29.02328,90.203968,6.617703,126.806987,papaya
42,56,54,43.674785,90.038631,6.966767,76.111071,papaya
49,55,54,38.99398,91.040415,6.501521,76.383157,papaya
56,51,54,33.174022,92.649287,6.7701,88.561432,papaya
59,49,54,32.634792,92.313674,6.640918,46.84189,papaya
40,70,53,26.416659,90.878653,6.673686,57.661767,papaya
39,69,53,25.930038,93.023578,6.964955,241.820208,papaya
40,69,53,26.011634,90.589363,6.647918,60.528042,papaya
37,68,53,31.374503,90.706572,6.769034,201.185032,papaya
66,68,53,30.536057,94.944821,6.993473,53.846306,papaya
40,67,53,29.480804,90.884598,6.737969,201.251365,papaya
55,66,53,36.172534,90.252753,6.993473,107.09016,papaya
39,65,53,35.332949,92.115086,6.560743,235.613358,papaya
39,64,53,23.012402,91.073555,6.59886,208.335798,papaya
57,64,53,28.58275,92.764016,6.602476,62.52533,papaya
63,63,53,36.043412,93.16729,6.815356,141.244773,papaya
39,62,53,32.512474,93.028711,6.803095,174.401234,papaya
57,62,53,27.835064,92.979767,6.565439,62.770164,papaya
64,62,53,31.624149,90.489774,6.519747,204.526815,papaya
67,62,53,37.604142,91.431394,6.993473,146.411696,papaya
41,60,53,41.259297,94.944821,6.993473,154.313482,papaya
50,60,53,37.462091,92.748895,6.927918,172.345845,papaya
61,60,53,35.521964,92.177367,6.720036,192.07607,papaya
39,59,53,40.102077,94.351102,6.979102,149.119999,papaya
42,59,53,40.148004,94.122664,6.973351,148.48319,papaya
57,59,53,38.195424,90.038631,6.836084,104.614421,papaya
61,59,53,25.794023,92.69018,6.581172,62.84029,papaya
32,57,53,29.498399,90.038631,6.501521,61.347958,papaya
36,57,53,38.691628,93.030104,6.972736,155.034236,papaya
44,57,53,42.304958,90.514318,6.931721,74.876786,papaya
57,57,53,38.510913,91.768305,6.611374,191.088833,papaya
49,56,53,38.702913,93.193197,6.553132,76.134634,papaya
42,55,53,39.868277,90.583805,6.930731,75.880953,papaya
48,55,53,39.077952,93.123158,6.607865,77.24823,papaya
49,55,53,38.441872,93.63739,6.54403,77.715669,papaya
50,55,53,38.374279,93.33122,6.579684,77.897804,papaya
52,53,53,38.793008,91.358201,6.901786,110.91076,papaya
39,52,53,32.512474,94.659041,6.704204,51.070481,papaya
52,52,53,38.558284,93.029276,6.968276,210.243635,papaya
58,52,53,42.394134,94.659041,6.704204,51.070481,papaya
34,51,53,38.382315,90.038631,6.665025,210.273535,papaya
52,51,53,38.382315,93.103786,6.985804,210.273535,papaya
70,51,53,37.597576,90.532185,6.932015,173.790502,papaya
47,50,53,32.655803,93.352357,6.764062,49.517848,papaya
64,50,53,28.779974,92.939229,6.745317,115.230185,papaya
70,50,53,37.462091,90.449678,6.93381,172.345845,papaya
57,48,53,31.743202,91.676757,6.931417,46.422862,papaya
62,48,53,23.997127,94.904756,6.653369,187.988685,papaya
65,48,53,30.459109,91.816647,6.84106,178.36077,papaya
33,47,53,38.382315,93.96834,6.839444,209.40833,papaya
59,47,53,32.863166,91.461887,6.850663,47.271547,papaya
59,47,53,33.258201,91.585399,6.845619,47.050775,papaya
48,46,53,23.29099,92.302098,6.510472,204.121407,papaya
60,46,53,24.486207,92.982545,6.761953,183.49095,papaya
65,46,53,31.883426,91.325654,6.761953,183.49095,papaya
38,70,52,26.989419,92.462406,6.828007,58.12065,papaya
39,70,52,26.265595,90.796681,6.651491,59.493734,papaya
68,69,52,25.654923,93.048486,6.813383,63.622508,papaya
68,69,52,25.654923,92.745016,6.813383,52.954779,papaya
32,68,52,32.680674,92.617156,6.800321,248.859299,papaya
34,68,52,30.817504,92.729328,6.84576,246.916515,papaya
35,68,52,29.471623,92.810357,6.878583,245.513124,papaya
38,68,52,23.194511,91.403016,6.502289,206.399921,papaya
39,68,52,27.306809,91.666095,6.645037,56.755327,papaya
54,68,52,36.567697,92.617156,6.867554,248.859299,papaya
56,68,52,35.214628,91.497251,6.793245,243.074507,papaya
53,67,52,34.731867,90.126686,6.501521,136.337014,papaya
54,67,52,35.676673,93.306419,6.586107,141.338117,papaya
69,67,52,27.71949,94.438771,6.827306,82.830611,papaya
70,67,52,30.457629,93.543923,6.584815,77.921804,papaya
37,66,52,29.073726,93.310111,6.67336,207.418091,papaya
37,66,52,27.183604,91.444955,6.630197,60.371023,papaya
54,66,52,36.567697,93.795034,6.867554,104.42186,papaya
55,66,52,34.924395,93.089344,6.609752,141.621091,papaya
40,65,52,23.270292,91.730607,6.627213,210.241314,papaya
70,65,52,30.420121,93.126598,6.583529,75.95295,papaya
38,64,52,29.459842,93.463882,6.63169,51.092814,papaya
39,64,52,28.918425,91.497251,6.793245,243.074507,papaya
39,64,52,28.918425,94.636768,6.678696,63.687946,papaya
61,64,52,43.392032,91.592875,6.6345,112.486645,papaya
61,64,52,43.302049,92.834054,6.641099,110.562229,papaya
65,64,52,31.931146,91.12558,6.528216,80.438486,papaya
41,63,52,23.078567,92.153253,6.534245,207.25063,papaya
31,62,52,33.796016,93.007543,6.991041,182.026807,papaya
59,62,52,43.675493,93.108872,6.608668,103.823566,papaya
37,61,52,31.701751,94.944821,6.651508,45.414958,papaya
38,61,52,31.227901,94.940214,6.62073,46.442791,papaya
45,58,52,30.456196,91.131085,6.645849,126.927811,papaya
33,57,52,37.247507,91.855984,6.924049,160.299734,papaya
61,57,52,23.168559,90.788212,6.656459,110.562229,papaya
31,55,52,37.021107,94.455872,6.94777,154.041588,papaya
31,55,52,29.929393,92.915157,6.541789,60.821534,papaya
32,55,52,37.588997,91.997404,6.96776,159.657739,papaya
55,55,52,30.200543,92.300144,6.723767,237.15548,papaya
34,54,52,30.399541,93.566233,6.609496,59.518927,papaya
56,54,52,36.476196,92.483288,6.853854,209.383063,papaya
36,53,52,31.277275,94.020196,6.648839,56.009357,papaya
52,53,52,38.857085,92.902756,6.938514,210.192866,papaya
59,52,52,40.542195,94.309994,6.59047,122.954372,papaya
38,51,52,32.661606,90.789317,6.927804,78.850855,papaya
62,51,52,28.278435,92.939541,6.744728,115.126358,papaya
56,50,52,33.087061,92.251975,6.770385,88.130077,papaya
63,50,52,28.645556,93.226426,6.751748,115.816394,papaya
64,50,52,28.474929,93.16346,6.754175,116.14767,papaya
47,46,52,23.194511,91.403016,6.502289,206.399921,papaya
50,46,52,31.182984,90.216469,6.734006,54.018724,papaya
54,46,52,36.567697,91.403016,6.867554,206.399921,papaya
69,46,52,27.71949,91.403016,6.827306,206.399921,papaya
38,70,51,26.313363,91.484368,6.661274,57.186565,papaya
41,70,51,25.614228,92.366454,6.501521,59.40017,papaya
33,69,51,27.967789,94.944821,6.905091,41.597019,papaya
38,69,51,27.369485,90.972459,6.712805,57.329989,papaya
68,69,51,32.870049,94.101665,6.806357,83.353709,papaya
32,68,51,34.109571,92.265668,6.774142,246.90689,papaya
34,68,51,27.347349,90.449678,6.93381,40.351531,papaya
34,68,51,27.347349,94.177567,6.687088,40.351531,papaya
40,68,51,29.331855,90.231304,6.738594,203.553701,papaya
55,67,51,36.656494,93.439145,6.828734,106.54945,papaya
54,66,51,36.891539,91.746258,6.552594,139.64592,papaya
70,65,51,30.455979,92.756177,6.573347,77.24064,papaya
40,63,51,35.300882,91.140433,6.694665,165.010075,papaya
57,63,51,42.73028,92.214687,6.657796,105.24973,papaya
59,62,51,43.579587,93.182875,6.710009,107.159036,papaya
65,62,51,39.3005,94.161934,6.574678,207.073512,papaya
65,62,51,31.532438,90.873949,6.511625,207.073512,papaya
57,59,51,39.091275,90.487196,6.993473,104.510729,papaya
66,59,51,32.053551,92.023516,6.933356,142.744212,papaya
60,58,51,42.072138,92.922031,6.840802,165.741297,papaya
60,58,51,41.835739,92.903297,6.840141,165.189118,papaya
64,58,51,42.929264,94.944821,6.731251,41.642938,papaya
68,58,51,26.722146,92.438817,6.713842,60.488377,papaya
31,57,51,29.733758,93.415365,6.608409,64.563849,papaya
57,57,51,39.017933,91.488156,6.992234,105.884153,papaya
57,57,51,43.360515,93.351916,6.992234,105.884153,papaya
49,56,51,29.200169,90.284645,6.663503,123.13097,papaya
56,56,51,37.47736,93.215804,6.501521,174.30331,papaya
32,55,51,29.607188,93.156428,6.57398,62.687105,papaya
32,55,51,27.347349,93.156428,6.687088,40.351531,papaya
49,55,51,24.872121,93.905601,6.676579,135.169452,papaya
49,54,51,25.432136,90.259654,6.762302,129.763866,papaya
51,54,51,39.376804,92.682694,6.886746,210.104559,papaya
54,51,51,39.393264,92.726789,6.924288,206.806027,papaya
55,51,51,33.024814,92.312643,6.789618,88.821608,papaya
61,51,51,39.3005,94.161934,6.574678,120.951247,papaya
60,49,51,42.933686,91.175675,6.501521,165.741297,papaya
55,47,51,25.643164,92.491254,6.721787,182.205118,papaya
34,46,51,27.347349,94.177567,6.502289,40.351531,papaya
33,70,50,33.815386,90.038631,6.550029,240.007643,papaya
68,70,50,31.337674,92.510176,6.985353,52.198246,papaya
39,68,50,25.930038,91.497251,6.964955,241.820208,papaya
61,68,50,35.214628,91.497251,6.793245,243.074507,papaya
63,68,50,33.814592,93.041684,6.828546,248.859299,papaya
62,67,50,35.151597,90.980105,6.787046,242.874499,papaya
54,66,50,32.13898,92.507266,6.648072,145.251823,papaya
56,65,50,37.016734,94.944821,6.748441,105.01371,papaya
69,65,50,40.124156,94.119784,6.993473,184.705026,papaya
39,63,50,28.791445,93.543524,6.654611,63.414516,papaya
40,63,50,35.563371,90.038631,6.501521,167.25089,papaya
52,63,50,41.454335,92.441511,6.703436,103.145445,papaya
65,63,50,31.883426,91.325654,6.524459,79.272016,papaya
66,63,50,31.708514,91.540924,6.53152,78.875281,papaya
68,62,50,33.202583,92.764379,6.9777,197.528258,papaya
38,61,50,31.883426,94.940214,6.524459,46.442791,papaya
62,61,50,39.979507,92.756192,6.83495,160.853344,papaya
67,61,50,33.253031,91.870226,6.974902,192.074353,papaya
39,60,50,30.346526,94.944821,6.600654,47.761714,papaya
42,60,50,37.793292,91.878491,6.914138,73.432259,papaya
47,58,50,30.21195,90.430431,6.584723,75.690519,papaya
63,58,50,43.037143,94.64289,6.720744,41.585658,papaya
44,56,50,40.120048,91.041831,6.63869,67.458246,papaya
49,54,50,25.624466,93.182403,6.762522,97.263367,papaya
50,54,50,24.636769,90.619643,6.762522,218.229919,papaya
65,49,50,27.675911,92.9483,6.86352,116.564694,papaya
69,70,49,23.044615,94.944821,6.993473,86.672255,papaya
67,68,49,35.268248,92.38283,6.821775,149.848821,papaya
67,68,49,35.246721,93.4123,6.802199,149.190425,papaya
35,67,49,41.313301,91.15088,6.964955,239.742755,papaya
35,67,49,41.313301,91.15088,6.617067,239.742755,papaya
68,67,49,24.058601,91.90754,6.887989,86.113359,papaya
33,66,49,23.422482,93.576396,6.824666,191.942189,papaya
54,66,49,30.441013,92.123701,6.677813,147.130263,papaya
54,66,49,36.69676,94.176374,6.878908,104.87542,papaya
69,66,49,40.004391,90.170158,6.52711,92.118774,papaya
69,66,49,40.00587,90.172482,6.527195,92.111848,papaya
69,66,49,39.005361,90.478327,6.532991,90.433706,papaya
40,65,49,35.328764,91.061385,6.678449,163.906936,papaya
40,65,49,35.399539,91.090695,6.687509,163.77388,papaya
44,65,49,29.582099,93.851521,6.857741,241.104199,papaya
48,65,49,25.347561,93.028711,6.678449,163.906936,papaya
60,65,49,32.978226,92.032829,6.780855,242.491506,papaya
65,64,49,32.077548,91.738043,6.503712,80.096785,papaya
67,64,49,39.399109,90.038631,6.501521,93.211939,papaya
59,63,49,31.883426,93.351916,6.941497,114.778071,papaya
62,63,49,34.086271,92.060965,6.603402,211.292359,papaya
63,63,49,30.639643,90.038631,6.501521,80.344808,papaya
65,63,49,31.978356,90.083558,6.529452,83.217499,papaya
59,62,49,43.360515,93.351916,6.941497,114.778071,papaya
59,62,49,43.675493,94.944821,6.993473,111.115501,papaya
34,61,49,28.129715,93.321074,6.502675,117.820191,papaya
59,61,49,35.182657,91.355573,6.605019,208.177692,papaya
39,60,49,32.549585,92.657991,6.903977,73.908669,papaya
59,60,49,42.689529,93.485786,6.880874,115.798293,papaya
53,59,49,35.23883,92.227896,6.954496,98.790409,papaya
64,59,49,26.642071,90.038631,6.718476,145.681416,papaya
45,58,49,30.107734,90.345464,6.827813,75.24522,papaya
49,58,49,37.13165,93.182403,6.762522,172.478806,papaya
56,58,49,37.13165,94.607618,6.692156,172.478806,papaya
64,58,49,36.351784,92.390683,6.900054,197.484061,papaya
55,57,49,37.193651,94.352085,6.691334,169.46899,papaya
58,57,49,39.262557,90.853568,6.993473,104.448679,papaya
44,56,49,38.168276,91.149628,6.555733,65.708116,papaya
44,56,49,39.233425,91.255893,6.51978,64.44785,papaya
61,56,49,37.476762,91.339583,6.649462,201.651553,papaya
40,55,49,35.328764,91.061385,6.96776,163.906936,papaya
49,54,49,25.66203,94.152166,6.749003,96.40422,papaya
43,52,49,23.012402,94.398995,6.797391,231.422152,papaya
67,52,49,24.536481,92.791818,6.571632,59.50158,papaya
68,52,49,24.425613,92.277491,6.577192,63.352988,papaya
56,51,49,40.629513,92.265774,6.849063,202.565757,papaya
33,47,49,29.203009,94.607618,6.839444,172.478806,papaya
59,46,49,32.861594,93.332965,6.860072,48.994835,papaya
66,70,48,23.679576,94.296544,6.892956,90.313747,papaya
34,68,48,27.472817,93.467402,6.694359,40.351531,papaya
67,68,48,30.598761,92.153886,6.74921,89.475165,papaya
34,67,48,41.165784,91.340946,6.643717,242.522337,papaya
34,65,48,41.419684,90.038631,6.665025,199.309643,papaya
34,65,48,41.529957,90.041372,6.685068,199.084573,papaya
34,65,48,41.56314,90.042197,6.691099,199.016847,papaya
33,64,48,28.139593,92.937811,6.501521,119.340235,papaya
44,64,48,38.517832,93.661031,6.993473,104.171377,papaya
57,64,48,31.562138,92.958541,6.58376,62.506897,papaya
40,63,48,32.824969,94.203725,6.70569,72.509875,papaya
41,63,48,38.375791,91.511296,6.806108,100.83614,papaya
46,63,48,28.276926,92.451324,6.766513,171.321282,papaya
36,61,48,29.496869,93.015428,6.587724,122.687413,papaya
41,61,48,32.588778,91.777494,6.735943,134.456305,papaya
42,61,48,35.146233,92.605327,6.746646,68.872975,papaya
63,61,48,38.718551,94.556127,6.847385,179.792895,papaya
49,60,48,31.985634,94.944821,6.758731,90.539716,papaya
55,60,48,37.365941,94.650893,6.680712,173.736735,papaya
34,59,48,41.286708,90.508595,6.714437,193.044853,papaya
50,59,48,40.102077,90.619643,6.979102,218.229919,papaya
57,58,48,31.465393,93.635352,6.526369,63.212425,papaya
60,58,48,24.636769,90.619643,6.712772,165.741297,papaya
55,57,48,37.099408,94.36374,6.702622,171.338593,papaya
56,57,48,31.562138,93.048486,6.506121,63.622508,papaya
65,57,48,31.562138,93.048486,6.511625,63.622508,papaya
62,56,48,43.675493,92.841426,6.803622,42.248364,papaya
70,56,48,38.72155,91.696721,6.940255,128.217506,papaya
31,55,48,29.456057,93.276449,6.5663,64.767004,papaya
37,54,48,42.570611,94.944821,6.6335,217.615587,papaya
60,54,48,26.502606,94.944821,6.978082,243.061883,papaya
42,53,48,23.114077,94.319948,6.75848,231.515316,papaya
58,53,48,42.10692,93.735996,6.88585,203.589278,papaya
60,53,48,26.525859,94.944821,6.609212,245.349526,papaya
38,51,48,43.105518,93.462685,6.540753,215.313374,papaya
42,51,48,23.012402,94.355604,6.775102,232.29782,papaya
42,51,48,28.97822,93.374224,6.52295,173.170419,papaya
59,51,48,41.184391,94.149468,6.538291,195.884157,papaya
34,50,48,41.240679,91.235799,6.819312,183.079759,papaya
43,50,48,28.282229,91.370598,6.630165,179.272081,papaya
40,49,48,42.785077,90.713435,6.501521,245.980714,papaya
42,49,48,43.090519,91.834204,6.501521,248.832737,papaya
34,48,48,41.042244,91.372581,6.805277,181.527598,papaya
50,47,48,24.636769,90.619643,6.712772,218.229919,papaya
58,47,48,24.636769,90.619643,6.757471,218.229919,papaya
60,46,48,42.542685,90.038631,6.573875,88.032755,papaya
66,69,47,23.692122,93.610556,6.9123,87.53394,papaya
68,69,47,43.080227,92.745016,6.813383,211.852906,papaya
36,68,47,42.88029,90.475929,6.598577,236.959107,papaya
66,67,47,23.78978,94.52307,6.930774,86.884183,papaya
33,66,47,42.01447,90.053416,6.773133,198.095672,papaya
35,66,47,31.701837,91.662322,6.953439,48.838106,papaya
60,66,47,26.986874,93.291036,6.918091,89.85539,papaya
69,66,47,41.559018,92.334375,6.719691,93.550626,papaya
34,65,47,23.48547,93.710437,6.833769,191.776056,papaya
54,65,47,27.927659,91.555942,6.721836,149.910756,papaya
66,65,47,38.201682,93.610556,6.9123,218.090881,papaya
69,65,47,40.126271,94.855797,6.993473,187.778148,papaya
40,64,47,32.500375,93.478888,6.893509,71.737595,papaya
42,64,47,37.957811,94.899678,6.836751,99.673284,papaya
43,64,47,38.532351,91.643403,6.82685,102.331671,papaya
43,64,47,38.589545,91.580765,6.825665,102.270823,papaya
69,64,47,40.211993,94.507669,6.993473,186.676232,papaya
69,64,47,40.211993,94.507669,6.993473,122.762865,papaya
70,64,47,37.462091,93.478888,6.93381,172.345845,papaya
42,63,47,40.096063,93.730115,6.760376,102.89137,papaya
48,62,47,25.347561,93.028711,6.803095,174.401234,papaya
33,60,47,32.577207,92.748895,6.839444,93.794285,papaya
36,60,47,34.308992,93.467548,6.635254,123.963797,papaya
41,60,47,32.304305,92.200148,6.993473,142.070004,papaya
42,60,47,33.468737,92.127462,6.834808,136.827704,papaya
50,60,47,32.577207,92.748895,6.927918,93.794285,papaya
36,59,47,35.25827,91.330896,6.629418,126.607755,papaya
48,59,47,39.767199,90.038631,6.783929,211.523283,papaya
50,59,47,40.769987,92.092786,6.747976,209.867841,papaya
65,59,47,26.835756,91.525239,6.867534,143.750381,papaya
63,58,47,26.830541,90.7538,6.864144,144.665644,papaya
45,57,47,23.168559,90.788212,6.656459,161.689209,papaya
50,57,47,24.705284,90.147322,6.927918,93.794285,papaya
44,56,47,23.18602,91.012681,6.682781,162.363029,papaya
45,56,47,23.735618,90.852793,6.653543,163.638988,papaya
46,56,47,23.137821,92.357215,6.624882,164.304318,papaya
50,56,47,25.618198,93.729154,6.731049,96.357288,papaya
35,55,47,42.623197,94.624114,6.646709,215.769207,papaya
43,55,47,42.041888,93.08943,6.635004,210.960717,papaya
58,55,47,26.053758,93.691117,6.74249,240.68639,papaya
58,55,47,40.769987,92.092786,6.74249,240.68639,papaya
58,55,47,42.923253,90.076005,6.938313,196.240824,papaya
62,55,47,41.498006,92.632763,6.835625,193.850671,papaya
70,55,47,39.123654,92.30471,6.845979,127.128235,papaya
70,55,47,38.329454,93.439429,6.955907,126.179448,papaya
43,53,47,23.873529,94.944821,6.640475,228.570362,papaya
56,53,47,41.836623,91.789281,6.755397,200.125748,papaya
37,52,47,32.863166,91.461887,6.850663,211.852906,papaya
37,52,47,43.080227,93.903057,6.542777,211.852906,papaya
37,52,47,43.080227,93.903057,6.927918,93.794285,papaya
48,51,47,42.13474,91.704454,6.757471,174.401234,papaya
58,51,47,42.13474,91.704454,6.757471,197.402901,papaya
40,49,47,42.933686,91.175675,6.501521,246.361327,papaya
40,49,47,42.798371,91.176759,6.504452,246.194274,papaya
42,49,47,29.123172,91.408788,6.501521,177.61599,papaya
35,70,46,41.563666,90.992237,6.501521,230.244288,papaya
65,70,46,23.012402,94.944821,6.993473,88.712579,papaya
68,70,46,24.395814,94.764542,6.796021,90.946326,papaya
65,69,46,23.580051,93.790125,6.915156,90.973671,papaya
65,67,46,23.685907,93.503664,6.957403,89.49344,papaya
35,66,46,23.864482,90.112131,6.575594,192.172239,papaya
35,66,46,30.490415,92.18461,6.963127,49.579093,papaya
55,65,46,27.943359,91.571116,6.781136,146.146168,papaya
61,63,46,43.385808,93.116446,6.898161,113.055249,papaya
42,62,46,38.601645,92.828782,6.84525,103.723055,papaya
36,59,46,34.288793,93.610829,6.721131,127.250978,papaya
51,59,46,32.509357,93.048396,6.922746,93.667034,papaya
37,58,46,34.172813,94.334355,6.707505,128.845128,papaya
65,58,46,27.764477,91.664609,6.855187,145.593309,papaya
45,57,46,23.100396,91.123869,6.652173,162.208088,papaya
37,55,46,42.204004,94.944821,6.519413,210.241734,papaya
36,54,46,34.280461,94.944821,6.662876,214.410385,papaya
36,54,46,42.54744,94.944821,6.662876,214.410385,papaya
70,54,46,43.080227,91.122206,6.919342,211.852906,papaya
70,54,46,39.731491,91.122206,6.919342,122.762865,papaya
35,53,46,39.855612,94.747846,6.698493,213.401374,papaya
42,53,46,23.012402,93.656307,6.939735,231.76336,papaya
35,52,46,38.398513,92.654142,6.651847,134.110063,papaya
38,52,46,41.419523,94.883126,6.63821,215.513619,papaya
58,52,46,41.074398,94.944821,6.805943,195.667595,papaya
34,48,46,30.311321,91.019956,6.679021,206.749894,papaya
33,47,46,29.203009,93.96834,6.839444,209.40833,papaya
33,47,46,29.109058,93.928228,6.834172,209.36129,papaya
58,69,45,25.930038,91.725149,6.702425,241.820208,papaya
31,68,45,42.825545,90.255879,6.924111,197.738258,papaya
31,68,45,42.923253,90.076005,6.938313,196.240824,papaya
31,68,45,42.696255,90.790305,6.903781,195.503234,papaya
35,68,45,42.936054,90.094481,6.61243,234.846611,papaya
35,68,45,42.936054,90.094481,6.52711,92.118774,papaya
36,68,45,31.065046,94.002072,6.993473,50.578503,papaya
68,68,45,34.513944,93.028683,6.954263,205.687653,papaya
70,68,45,33.835086,91.461887,6.991626,203.404403,papaya
70,68,45,33.835086,92.854702,6.991626,203.404403,papaya
70,68,45,33.904396,92.70988,6.993473,198.762963,papaya
33,67,45,42.964088,90.315685,6.969022,196.637329,papaya
36,67,45,42.139994,92.404934,6.731444,241.820549,papaya
44,67,45,27.71949,94.736135,6.579441,82.830611,papaya
58,67,45,38.723828,91.725149,6.702425,62.623771,papaya
35,66,45,43.675493,92.118095,6.501521,228.739954,papaya
56,66,45,38.469501,92.150791,6.755176,216.014616,papaya
35,65,45,42.936054,90.038631,6.61243,234.846611,papaya
56,65,45,38.201682,93.9738,6.751299,218.090881,papaya
43,62,45,32.343918,90.248939,6.700879,132.393273,papaya
49,61,45,32.767959,94.573774,6.764213,240.479592,papaya
47,60,45,25.068685,92.932811,6.813656,173.006451,papaya
56,59,45,33.835086,91.794302,6.991626,188.518142,papaya
49,58,45,42.011706,90.589762,6.524685,202.933596,papaya
36,55,45,41.95589,92.775108,6.928741,217.343214,papaya
48,53,45,38.547083,94.470139,6.639406,218.124259,papaya
42,52,45,23.322897,94.458568,6.745388,229.652034,papaya
56,52,45,38.201682,93.9738,6.751299,218.090881,papaya
58,51,45,42.13474,90.790281,6.757471,88.466075,papaya
60,51,45,42.157547,91.121508,6.728403,196.550976,papaya
31,49,45,40.762287,94.224475,6.527644,133.947304,papaya
31,48,45,40.788818,92.909514,6.563135,132.792359,papaya
31,48,45,40.752427,91.709951,6.538725,132.535275,papaya
34,48,45,28.909064,93.43386,6.824212,209.650684,papaya
59,48,45,42.936976,90.169635,6.501521,89.27544,papaya
43,47,45,37.451301,90.973719,6.789153,213.217345,papaya
44,47,45,38.732189,94.736135,6.579441,218.142147,papaya
49,47,45,24.636769,94.573774,6.764213,218.229919,papaya
56,47,45,42.255019,92.203595,6.612942,89.529822,papaya
35,46,45,24.486207,92.982545,6.761953,183.49095,papaya
46,46,45,38.741973,94.641859,6.578621,217.696151,papaya
58,46,45,42.394134,90.790281,6.576261,88.466075,papaya
34,80,25,28.529759,46.084306,5.053152,190.90604,pigeonpeas
35,80,25,28.09269,44.93322,4.895927,197.114401,pigeonpeas
33,79,25,28.099875,44.781829,4.908038,197.188303,pigeonpeas
29,78,25,19.959917,59.331578,5.982855,195.787103,pigeonpeas
30,78,25,20.651531,58.107137,5.890422,195.899977,pigeonpeas
9,76,25,28.883021,50.123238,5.709512,179.215587,pigeonpeas
23,75,25,31.07509,47.198477,7.07717,91.312564,pigeonpeas
30,75,25,30.332766,42.352499,6.446092,149.299952,pigeonpeas
30,75,25,29.503048,63.465134,5.560225,149.299952,pigeonpeas
30,74,25,30.406781,41.499324,6.452275,152.473701,pigeonpeas
32,73,25,23.500402,50.779341,4.745579,194.421012,pigeonpeas
29,72,25,31.293527,42.54033,6.499502,147.460596,pigeonpeas
3,71,25,36.617026,57.381591,6.005393,122.190632,pigeonpeas
11,71,25,29.343475,44.2489,6.806286,171.73547,pigeonpeas
17,71,25,18.334644,37.929869,4.921874,138.237771,pigeonpeas
26,67,25,36.96826,37.667442,5.641187,164.12243,pigeonpeas
36,67,25,35.951766,36.527808,6.418063,136.045675,pigeonpeas
36,66,25,35.752696,37.020385,6.319614,132.883455,pigeonpeas
33,64,25,20.09101,49.202803,4.583819,122.484563,pigeonpeas
33,59,25,34.551535,69.691413,5.390672,108.173668,pigeonpeas
9,58,25,21.476078,38.800237,4.962661,179.215587,pigeonpeas
11,58,25,20.424374,39.025322,4.748745,136.759491,pigeonpeas
18,57,25,23.584655,47.668519,7.327524,142.341073,pigeonpeas
5,56,25,28.883021,50.123238,5.023115,179.215587,pigeonpeas
31,78,24,20.007082,59.115791,5.96524,195.269474,pigeonpeas
9,76,24,27.710525,50.925025,5.696798,180.026441,pigeonpeas
30,76,24,30.484024,42.362074,6.439563,149.527723,pigeonpeas
14,75,24,24.547578,57.341448,6.43616,118.360656,pigeonpeas
34,75,24,23.364687,51.602426,4.807518,192.437703,pigeonpeas
34,75,24,23.502228,51.290195,4.760038,192.302399,pigeonpeas
3,73,24,36.219179,57.399068,6.072196,120.763593,pigeonpeas
10,73,24,28.863516,51.126365,5.689533,178.880399,pigeonpeas
3,72,24,36.512684,32.249142,7.161798,180.716828,pigeonpeas
3,72,24,36.512684,57.928872,6.031608,122.653969,pigeonpeas
4,72,24,35.265484,57.867641,6.073777,122.20645,pigeonpeas
27,72,24,31.163265,48.308103,7.086936,165.008495,pigeonpeas
29,72,24,23.174096,36.678471,6.962386,162.593126,pigeonpeas
16,71,24,18.331248,38.409755,4.94637,139.648332,pigeonpeas
27,71,24,31.464179,48.176315,7.064973,165.405354,pigeonpeas
29,71,24,23.27659,36.797298,7.013272,161.653214,pigeonpeas
26,69,24,36.977944,37.516987,5.798577,164.241621,pigeonpeas
1,68,24,19.894854,55.776985,4.888179,169.65734,pigeonpeas
14,67,24,19.018267,38.724139,4.881383,138.857984,pigeonpeas
25,67,24,36.977944,36.287124,5.719769,156.351329,pigeonpeas
26,67,24,36.977944,37.739929,5.642813,161.481296,pigeonpeas
26,66,24,36.977944,38.769006,5.771932,155.200161,pigeonpeas
34,63,24,19.396973,47.973696,4.548202,120.716777,pigeonpeas
33,61,24,20.046118,48.939056,4.567446,122.45642,pigeonpeas
27,60,24,30.750557,52.322212,7.031998,172.302368,pigeonpeas
9,59,24,20.435178,39.372526,4.747352,137.227966,pigeonpeas
30,59,24,19.953299,48.08497,4.577707,122.706779,pigeonpeas
33,58,24,35.457905,68.758105,5.269504,108.633305,pigeonpeas
33,58,24,35.299394,68.634269,5.269263,108.624145,pigeonpeas
19,57,24,24.148818,48.314889,7.341963,139.475392,pigeonpeas
27,57,24,27.335349,43.35796,6.091863,142.330368,pigeonpeas
5,56,24,24.807102,45.0111,5.023115,188.492864,pigeonpeas
5,56,24,24.954216,44.720175,5.060494,188.47418,pigeonpeas
5,55,24,24.588058,44.395401,5.000791,189.424184,pigeonpeas
26,55,24,27.330415,43.315077,6.083351,144.129121,pigeonpeas
16,78,23,32.571755,35.845115,6.467766,104.545471,pigeonpeas
20,78,23,33.884079,38.248359,5.064833,146.949391,pigeonpeas
20,77,23,34.872487,38.83786,5.180272,148.250279,pigeonpeas
19,76,23,34.150555,38.284381,5.215191,150.620619,pigeonpeas
33,75,23,29.235405,59.389676,5.985793,103.33018,pigeonpeas
3,74,23,35.368872,58.580535,6.250618,122.318767,pigeonpeas
6,74,23,35.22554,57.62245,6.350854,122.497901,pigeonpeas
35,74,23,23.749735,49.609738,4.939531,194.339224,pigeonpeas
12,73,23,29.588311,45.102478,6.84249,169.529944,pigeonpeas
25,73,23,26.590755,44.385722,6.57957,150.15119,pigeonpeas
33,73,23,29.235405,59.389676,5.985793,103.33018,pigeonpeas
40,73,23,36.891637,62.731782,4.684079,163.274747,pigeonpeas
24,71,23,31.462356,47.728449,7.098406,165.433686,pigeonpeas
27,71,23,23.396995,44.495386,7.079705,153.251485,pigeonpeas
27,71,23,23.45379,46.487148,7.109598,150.87122,pigeonpeas
27,71,23,23.45379,67.077808,5.266227,150.87122,pigeonpeas
27,71,23,33.307118,46.487148,7.109598,108.509017,pigeonpeas
15,70,23,18.513885,38.749413,4.959558,137.192016,pigeonpeas
3,69,23,36.658265,60.220193,5.955521,121.126926,pigeonpeas
27,67,23,31.265329,49.823414,7.060286,167.395858,pigeonpeas
1,66,23,19.944211,57.267423,4.853544,173.264611,pigeonpeas
1,66,23,19.543172,56.928314,4.803564,173.168657,pigeonpeas
3,65,23,22.452525,53.790579,5.299323,167.399997,pigeonpeas
8,65,23,30.040636,33.529756,5.720804,159.81396,pigeonpeas
5,63,23,28.044451,65.117769,4.730361,139.832367,pigeonpeas
6,63,23,26.016303,49.947047,5.906597,160.333745,pigeonpeas
4,62,23,28.071063,66.267366,4.730961,146.336557,pigeonpeas
5,62,23,27.547825,63.124687,4.961134,148.390774,pigeonpeas
5,62,23,27.934828,66.454571,4.722222,145.37288,pigeonpeas
32,62,23,19.528827,48.129985,4.63444,126.138586,pigeonpeas
40,62,23,27.934828,66.454571,5.62349,147.036144,pigeonpeas
5,60,23,28.478856,67.841518,4.803799,148.006472,pigeonpeas
5,60,23,27.757474,66.379165,4.884412,140.822237,pigeonpeas
9,60,23,26.179992,63.455514,5.391388,142.846558,pigeonpeas
19,60,23,28.876676,62.490121,5.457871,141.125072,pigeonpeas
30,60,23,28.92124,61.567217,5.459846,185.541963,pigeonpeas
34,60,23,20.01823,47.599463,4.638237,123.197339,pigeonpeas
40,60,23,36.840976,62.552849,5.246787,162.855371,pigeonpeas
40,59,23,36.891637,62.731782,5.269085,163.726655,pigeonpeas
33,58,23,34.131421,67.60459,5.37702,104.574883,pigeonpeas
0,57,23,36.300497,47.287969,4.672437,101.607399,pigeonpeas
19,57,23,24.025837,45.480899,7.080456,141.494004,pigeonpeas
19,57,23,23.673433,47.287969,7.34241,141.125072,pigeonpeas
23,57,23,25.345224,45.493784,6.771492,141.675331,pigeonpeas
26,57,23,27.16509,43.42701,6.151772,142.890586,pigeonpeas
18,56,23,21.175002,56.503397,7.156697,134.376828,pigeonpeas
19,56,23,24.201044,47.956023,7.331736,146.67615,pigeonpeas
30,56,23,30.36619,35.117928,5.622873,172.251559,pigeonpeas
31,56,23,31.468462,35.39454,5.661826,174.5724,pigeonpeas
18,55,23,21.998983,56.310068,6.98572,136.827431,pigeonpeas
33,55,23,19.543141,47.191883,6.413544,103.33018,pigeonpeas
16,77,22,31.484693,35.639562,6.57421,100.546816,pigeonpeas
16,77,22,31.478926,35.802309,6.581291,100.416799,pigeonpeas
19,77,22,31.484693,47.287969,6.57421,100.546816,pigeonpeas
14,76,22,30.801229,34.806252,6.981521,177.549612,pigeonpeas
5,75,22,36.621934,57.997746,6.022879,125.140423,pigeonpeas
30,74,22,26.450031,53.868223,5.999351,110.16808,pigeonpeas
37,74,22,29.365924,63.318586,5.554599,188.509607,pigeonpeas
36,73,22,25.984741,50.320647,5.359199,189.258738,pigeonpeas
37,73,22,26.928151,49.952198,5.586894,188.102079,pigeonpeas
37,73,22,27.081298,50.820045,5.913354,187.794724,pigeonpeas
11,72,22,29.377356,44.822946,6.842744,172.40168,pigeonpeas
25,72,22,31.212584,57.031146,4.93557,163.092189,pigeonpeas
25,72,22,31.279573,58.370401,4.971763,161.810413,pigeonpeas
26,72,22,31.464179,48.176315,4.674942,165.405354,pigeonpeas
26,72,22,28.767949,37.577921,4.674942,91.720849,pigeonpeas
11,71,22,28.808201,45.503723,6.738202,177.14726,pigeonpeas
28,71,22,31.335987,47.796354,7.066839,166.314238,pigeonpeas
12,70,22,18.652171,41.652562,5.095705,142.933394,pigeonpeas
32,70,22,21.30692,47.30998,6.189371,195.729496,pigeonpeas
2,69,22,23.093222,59.930143,5.245991,174.018047,pigeonpeas
23,65,22,33.138604,31.80998,4.82616,106.038375,pigeonpeas
22,64,22,21.10394,46.201054,6.306242,136.384632,pigeonpeas
26,64,22,25.950586,44.822946,6.842744,172.40168,pigeonpeas
26,64,22,25.950586,40.582273,5.165165,109.182118,pigeonpeas
26,64,22,26.241734,40.25385,5.150714,109.014558,pigeonpeas
26,64,22,27.649828,38.665479,5.080826,108.204175,pigeonpeas
26,64,22,33.183413,31.928981,4.80844,105.023052,pigeonpeas
33,64,22,30.466952,47.13089,6.765288,165.408142,pigeonpeas
34,64,22,33.751069,41.383009,5.987786,167.778108,pigeonpeas
37,63,22,30.93975,69.691413,4.622239,131.468123,pigeonpeas
28,62,22,31.023181,51.829151,7.054577,169.819771,pigeonpeas
6,61,22,26.948441,51.223286,5.931362,165.143375,pigeonpeas
29,61,22,28.983323,61.841449,5.459755,181.742707,pigeonpeas
20,60,22,29.650529,42.898332,6.876573,186.922605,pigeonpeas
28,59,22,30.906078,52.79913,7.051816,170.991983,pigeonpeas
9,58,22,20.372302,38.659572,4.724058,136.038068,pigeonpeas
18,58,22,24.508122,56.353233,6.611753,134.752541,pigeonpeas
19,58,22,23.524252,46.976308,7.342063,140.10241,pigeonpeas
5,57,22,24.755523,45.43539,5.011855,187.005006,pigeonpeas
18,55,22,22.803768,55.616676,7.191422,141.859148,pigeonpeas
19,55,22,23.645379,49.019793,7.29941,139.504744,pigeonpeas
36,80,21,33.647696,57.232652,6.347929,120.743566,pigeonpeas
36,80,21,33.647696,48.414901,7.066087,100.467328,pigeonpeas
36,80,21,34.948709,47.61273,6.835519,99.904806,pigeonpeas
17,77,21,31.562259,35.68958,6.585421,101.432958,pigeonpeas
39,77,21,23.002081,60.241006,4.603741,159.690428,pigeonpeas
39,77,21,22.997744,60.242186,4.603563,159.689339,pigeonpeas
15,76,21,27.706996,35.98215,6.588861,98.40396,pigeonpeas
30,76,21,30.35639,41.545456,6.431376,151.82262,pigeonpeas
13,75,21,30.696064,36.542445,7.207985,178.654955,pigeonpeas
13,75,21,30.393365,36.509073,5.219659,157.41347,pigeonpeas
28,75,21,24.774195,50.546211,6.007508,114.282139,pigeonpeas
28,75,21,24.694877,50.546211,6.007508,114.282139,pigeonpeas
28,74,21,25.058446,50.273509,6.151089,116.663383,pigeonpeas
12,73,21,30.012085,39.565283,6.025328,166.876562,pigeonpeas
26,73,21,31.331708,57.974292,4.946264,161.782023,pigeonpeas
37,73,21,29.503048,63.465134,5.560225,189.520892,pigeonpeas
37,73,21,29.348132,61.753095,5.601964,189.152182,pigeonpeas
38,73,21,29.473259,63.409608,5.575778,189.501749,pigeonpeas
11,72,21,30.447555,44.814985,7.026824,173.070021,pigeonpeas
25,72,21,19.686115,32.9267,4.646187,174.913619,pigeonpeas
25,72,21,28.812391,36.497975,4.648708,92.43933,pigeonpeas
38,72,21,28.234161,49.442134,5.902103,186.500858,pigeonpeas
38,72,21,35.951766,49.442134,5.902103,136.045675,pigeonpeas
0,70,21,36.300497,56.030213,4.672437,101.607399,pigeonpeas
24,70,21,19.14729,45.373376,5.517208,132.774822,pigeonpeas
36,70,21,28.755384,63.896911,5.519387,191.862154,pigeonpeas
40,70,21,31.622927,45.193102,5.652873,146.145589,pigeonpeas
24,69,21,36.674874,39.645298,5.356312,160.966421,pigeonpeas
31,69,21,21.463209,44.785927,6.43228,190.60165,pigeonpeas
0,68,21,35.044892,55.250719,4.548202,103.261225,pigeonpeas
38,68,21,19.043805,33.106951,4.696519,127.776713,pigeonpeas
5,67,21,19.634018,32.625808,6.280367,151.166092,pigeonpeas
9,66,21,30.118121,34.133078,5.71989,157.085823,pigeonpeas
26,66,21,33.976367,31.73424,4.820328,102.721331,pigeonpeas
35,65,21,30.226747,44.441696,5.788624,145.377034,pigeonpeas
3,64,21,27.834439,66.537229,4.746069,147.807664,pigeonpeas
6,64,21,19.796087,43.868697,5.085743,143.615347,pigeonpeas
30,64,21,32.612098,63.694553,5.743296,113.953785,pigeonpeas
39,63,21,22.997744,60.242186,4.603563,159.689339,pigeonpeas
1,61,21,25.997893,40.3668,4.844905,99.147039,pigeonpeas
36,61,21,34.538239,39.044689,5.617008,168.594832,pigeonpeas
38,61,21,30.27375,67.386808,4.696519,127.776713,pigeonpeas
30,60,21,28.876676,62.490121,5.457871,182.268818,pigeonpeas
27,59,21,31.262861,52.944564,6.839731,171.937403,pigeonpeas
38,59,21,31.124937,65.237483,4.590019,127.00383,pigeonpeas
38,55,21,33.181842,34.133078,5.864623,198.829881,pigeonpeas
16,80,20,31.772972,56.783446,7.17654,125.394268,pigeonpeas
16,80,20,31.240217,56.673691,7.339321,122.014673,pigeonpeas
16,79,20,30.440231,56.753509,7.231364,121.577901,pigeonpeas
16,77,20,33.151226,32.459745,4.807777,105.038027,pigeonpeas
2,76,20,24.926397,47.229342,6.51812,177.633955,pigeonpeas
28,76,20,24.000987,61.667503,5.915401,92.763106,pigeonpeas
13,75,20,30.559924,35.290065,6.97954,178.899861,pigeonpeas
14,74,20,18.398687,37.224882,6.690772,90.386024,pigeonpeas
27,74,20,30.27375,67.386808,5.859813,127.776713,pigeonpeas
27,74,20,24.694877,59.966692,5.859813,91.957924,pigeonpeas
13,73,20,18.416456,34.80541,6.97954,178.899861,pigeonpeas
13,73,20,30.563122,35.178992,6.647919,178.624665,pigeonpeas
13,73,20,30.504209,35.48886,5.39156,162.592772,pigeonpeas
24,73,20,19.637362,32.315289,4.608695,176.413409,pigeonpeas
24,73,20,19.692664,32.383514,4.645499,176.19731,pigeonpeas
30,73,20,28.876676,32.315289,5.457871,182.268818,pigeonpeas
13,72,20,31.279931,34.765915,5.508404,166.551836,pigeonpeas
37,72,20,28.472925,64.090928,5.566722,188.532399,pigeonpeas
1,71,20,33.550911,57.32967,4.870282,100.640959,pigeonpeas
13,71,20,30.088544,36.196569,5.208153,167.281307,pigeonpeas
25,71,20,19.307984,46.122911,5.481751,134.237005,pigeonpeas
7,70,20,22.472532,62.565325,5.62349,96.74707,pigeonpeas
9,70,20,31.801303,50.123238,5.62349,147.036144,pigeonpeas
16,70,20,28.876676,40.124275,5.457871,182.268818,pigeonpeas
16,70,20,18.729877,61.331862,5.609396,139.871004,pigeonpeas
16,70,20,19.14729,45.373376,5.517208,132.774822,pigeonpeas
16,70,20,24.804676,40.124275,5.609396,121.563912,pigeonpeas
32,70,20,20.893427,46.248565,6.208843,195.569788,pigeonpeas
32,70,20,20.60091,45.008961,6.223056,193.529699,pigeonpeas
40,70,20,31.801303,45.031862,5.62349,147.036144,pigeonpeas
0,69,20,36.542488,55.609938,4.654509,103.127834,pigeonpeas
5,69,20,19.093143,32.725081,6.147616,156.737829,pigeonpeas
6,69,20,19.542976,62.628203,5.61894,173.133585,pigeonpeas
7,69,20,22.407298,33.806013,5.907389,157.490196,pigeonpeas
4,68,20,19.066056,32.655394,6.104848,155.887014,pigeonpeas
5,68,20,19.043805,33.106951,6.121667,155.370562,pigeonpeas
5,68,20,19.043805,33.106951,6.121667,155.370562,pigeonpeas
5,68,20,18.810894,59.213116,5.059077,141.300079,pigeonpeas
5,68,20,19.043805,33.106951,6.121667,139.871004,pigeonpeas
5,68,20,18.729877,61.331862,5.001039,139.871004,pigeonpeas
6,68,20,26.519893,40.270222,4.938707,97.263888,pigeonpeas
11,68,20,19.043805,44.822946,6.842744,155.370562,pigeonpeas
20,68,20,34.872487,33.106951,5.180272,155.370562,pigeonpeas
40,68,20,32.935386,44.257325,5.468537,152.830097,pigeonpeas
1,67,20,33.457199,51.905253,4.712405,101.384262,pigeonpeas
6,67,20,19.092391,60.774992,5.221122,139.5335,pigeonpeas
20,67,20,18.998959,51.814424,5.645221,178.9019,pigeonpeas
17,66,20,31.387398,56.256891,5.626198,128.436323,pigeonpeas
2,64,20,29.980249,46.861011,4.761279,101.111397,pigeonpeas
25,64,20,33.151226,32.459745,4.807777,105.038027,pigeonpeas
35,64,20,33.151226,32.459745,4.807777,90.054227,pigeonpeas
24,62,20,32.803988,32.192733,4.788125,108.583356,pigeonpeas
25,62,20,26.137508,40.024678,5.226119,108.675961,pigeonpeas
28,62,20,33.414054,62.960884,5.366973,126.237912,pigeonpeas
37,61,20,30.302321,68.442339,4.704639,128.004612,pigeonpeas
29,60,20,33.929421,67.56398,5.267175,108.544978,pigeonpeas
36,60,20,28.66469,64.398837,5.963433,90.054227,pigeonpeas
3,59,20,25.760159,40.505589,4.77061,103.49827,pigeonpeas
36,59,20,34.338783,39.479279,5.598931,167.498235,pigeonpeas
7,58,20,28.073329,38.551979,5.852997,188.078042,pigeonpeas
18,58,20,31.346509,41.727111,7.109072,182.710514,pigeonpeas
33,58,20,24.694877,59.966692,5.859813,108.633305,pigeonpeas
35,58,20,29.385386,63.47742,5.761703,90.054227,pigeonpeas
7,55,20,33.362184,45.530345,7.296907,124.149692,pigeonpeas
39,55,20,32.997915,38.850272,5.82318,197.068936,pigeonpeas
16,80,19,32.453781,58.223799,7.2942,124.355562,pigeonpeas
36,80,19,33.523078,48.345713,7.101293,100.398875,pigeonpeas
10,79,19,20.8473,55.53362,5.641286,185.364135,pigeonpeas
5,77,19,31.08565,66.68833,6.242052,175.930327,pigeonpeas
1,76,19,24.185532,46.687468,6.669529,177.3378,pigeonpeas
5,76,19,26.074095,43.31072,6.761377,177.800597,pigeonpeas
14,76,19,30.400029,35.863316,6.985766,181.43157,pigeonpeas
13,75,19,31.686915,34.486095,6.810596,184.465589,pigeonpeas
14,75,19,30.546438,35.789458,5.366401,165.850219,pigeonpeas
16,75,19,31.232839,56.601466,6.730596,124.547144,pigeonpeas
16,75,19,33.081205,57.20297,6.918404,122.879314,pigeonpeas
20,75,19,35.547713,41.59203,4.93765,154.963953,pigeonpeas
14,74,19,18.397591,36.826393,6.624966,93.123306,pigeonpeas
16,74,19,18.416456,34.80541,6.471862,163.274747,pigeonpeas
18,74,19,23.740255,61.08295,5.77717,94.015131,pigeonpeas
38,74,19,31.376844,42.547763,5.789809,188.299649,pigeonpeas
16,73,19,18.416456,34.80541,4.684079,163.274747,pigeonpeas
25,73,19,19.039305,31.448998,4.752698,183.34205,pigeonpeas
33,73,19,29.235405,59.389676,5.374359,103.33018,pigeonpeas
3,72,19,30.541012,58.752152,5.086857,99.583023,pigeonpeas
11,72,19,21.733366,38.740052,5.888534,93.651521,pigeonpeas
17,72,19,18.548856,34.888483,4.685078,161.77499,pigeonpeas
27,72,19,26.886307,57.232652,6.347929,94.46748,pigeonpeas
36,72,19,29.674083,64.732534,6.162067,193.302714,pigeonpeas
27,71,19,31.464179,34.137371,7.064973,165.405354,pigeonpeas
0,70,19,36.26052,56.425331,4.676187,99.774233,pigeonpeas
16,70,19,25.379253,39.352244,5.75145,119.284722,pigeonpeas
0,69,19,36.300497,41.696179,4.672437,94.46748,pigeonpeas
4,69,19,19.251001,47.703518,5.374359,149.063196,pigeonpeas
6,69,19,26.886307,41.696179,4.750929,94.46748,pigeonpeas
9,69,19,29.459614,43.672749,5.759025,125.130127,pigeonpeas
12,69,19,22.825182,38.468023,5.412682,117.262897,pigeonpeas
14,69,19,24.869841,38.275938,5.594093,120.232912,pigeonpeas
19,69,19,18.588377,52.079585,5.558871,173.74222,pigeonpeas
17,68,19,30.515449,56.56076,5.698507,128.059074,pigeonpeas
17,68,19,28.56845,49.714379,5.610637,126.046077,pigeonpeas
22,68,19,18.924915,50.560385,5.688262,184.401872,pigeonpeas
18,67,19,31.360807,56.251871,5.598114,129.113413,pigeonpeas
20,67,19,19.244628,50.544953,5.671419,180.646528,pigeonpeas
18,66,19,30.105089,58.646529,5.796482,127.7889,pigeonpeas
21,66,19,19.272805,52.023985,5.401461,184.44988,pigeonpeas
22,65,19,19.304019,53.662391,5.102414,188.663067,pigeonpeas
39,64,19,27.132576,34.296478,4.778135,92.887358,pigeonpeas
40,64,19,26.70608,34.843582,4.792948,93.119319,pigeonpeas
24,63,19,19.347944,55.968055,4.684079,194.592115,pigeonpeas
24,63,19,19.347944,55.968055,4.681576,194.592115,pigeonpeas
25,63,19,20.460135,56.729309,4.772185,193.153743,pigeonpeas
40,62,19,27.321989,34.137371,4.697751,96.51524,pigeonpeas
31,61,19,32.302592,67.180136,5.077563,114.889683,pigeonpeas
36,61,19,34.284371,39.357623,5.583466,164.357297,pigeonpeas
36,61,19,25.746794,39.044689,5.617008,100.779163,pigeonpeas
3,60,19,28.876676,62.490121,5.457871,182.268818,pigeonpeas
3,60,19,25.746794,40.719259,4.820788,100.779163,pigeonpeas
3,59,19,26.287086,40.595855,4.757192,104.086909,pigeonpeas
8,59,19,28.795408,37.124033,6.036463,187.986335,pigeonpeas
27,59,19,33.278613,69.05574,5.416583,111.249968,pigeonpeas
39,57,19,29.323796,45.932484,6.421748,165.411337,pigeonpeas
5,55,19,33.945544,46.862556,7.421501,131.63351,pigeonpeas
16,55,19,19.543141,47.191883,6.413544,192.437219,pigeonpeas
16,55,19,18.952281,47.653225,6.609928,186.296502,pigeonpeas
31,55,19,31.609172,34.923156,5.673351,178.205111,pigeonpeas
38,55,19,33.181842,38.231847,6.413544,198.829881,pigeonpeas
38,55,19,33.181842,38.231847,5.864623,198.829881,pigeonpeas
17,80,18,33.647696,48.414901,5.632353,100.467328,pigeonpeas
10,79,18,21.064368,55.469859,5.624731,184.622671,pigeonpeas
10,79,18,21.012892,55.330544,5.626052,184.510194,pigeonpeas
8,78,18,20.758991,58.539664,6.247999,188.531341,pigeonpeas
7,77,18,20.559126,60.548807,6.655918,191.089511,pigeonpeas
7,77,18,20.596181,60.176311,6.58029,190.615226,pigeonpeas
1,76,18,19.501122,46.687468,5.632353,177.3378,pigeonpeas
17,76,18,19.647585,33.424842,5.470673,198.829881,pigeonpeas
22,76,18,29.996758,56.981257,6.793812,121.315252,pigeonpeas
26,76,18,24.51887,60.087143,5.824864,92.379649,pigeonpeas
8,75,18,22.245084,61.126912,5.680579,100.062549,pigeonpeas
13,75,18,30.676017,34.749746,6.985379,179.320834,pigeonpeas
13,75,18,30.559924,35.290065,5.921667,129.006461,pigeonpeas
20,75,18,35.686971,42.160049,4.887611,156.34858,pigeonpeas
9,74,18,20.010498,63.679327,6.383358,181.383809,pigeonpeas
22,74,18,34.296305,48.939336,4.828749,160.594028,pigeonpeas
17,73,18,19.501122,34.510866,5.632353,197.375265,pigeonpeas
11,72,18,18.377759,36.288532,6.205498,96.748973,pigeonpeas
31,72,18,19.542849,66.347773,6.151029,96.362229,pigeonpeas
10,71,18,19.542849,66.347773,6.151029,173.110698,pigeonpeas
11,70,18,19.679678,66.659305,6.054174,174.237442,pigeonpeas
15,68,18,30.817653,33.413593,7.092006,180.021063,pigeonpeas
2,67,18,34.519348,47.5298,5.921667,129.006461,pigeonpeas
4,67,18,18.332107,33.807804,4.997854,108.341989,pigeonpeas
13,67,18,30.575304,34.755912,5.384763,177.57643,pigeonpeas
17,67,18,31.092539,56.802052,5.58363,131.31077,pigeonpeas
17,67,18,31.219275,56.468689,5.611511,129.202865,pigeonpeas
36,67,18,34.538239,56.468689,5.611511,168.594832,pigeonpeas
17,66,18,36.977944,58.136857,6.273261,127.567693,pigeonpeas
19,66,18,19.911408,50.248296,5.857472,177.675355,pigeonpeas
13,65,18,31.2413,34.074936,5.252076,175.843132,pigeonpeas
27,65,18,26.05474,38.927511,5.163305,107.239169,pigeonpeas
17,64,18,31.024022,32.120247,7.158557,177.64311,pigeonpeas
17,64,18,36.750875,58.257991,6.079385,124.602815,pigeonpeas
24,63,18,19.287892,56.168802,4.850394,192.514479,pigeonpeas
17,62,18,36.776404,56.199542,5.910983,129.065164,pigeonpeas
24,61,18,18.802308,54.569181,4.781806,190.276309,pigeonpeas
27,61,18,33.307118,67.077808,5.266227,108.509017,pigeonpeas
8,59,18,29.50523,35.720325,6.216814,187.896185,pigeonpeas
8,59,18,29.50523,61.331862,5.001039,187.896185,pigeonpeas
8,58,18,29.698722,34.604494,6.217702,194.37692,pigeonpeas
33,58,18,32.660189,36.223297,4.548202,137.268574,pigeonpeas
5,55,18,33.508764,45.709761,7.322098,126.673812,pigeonpeas
16,77,17,31.484693,66.353751,6.931925,100.546816,pigeonpeas
37,77,17,36.47186,31.206212,5.617135,191.896979,pigeonpeas
37,77,17,36.209705,31.945506,5.617123,191.065853,pigeonpeas
37,77,17,29.503048,63.465134,5.560225,189.520892,pigeonpeas
1,76,17,28.434307,52.100108,6.012719,147.041482,pigeonpeas
7,74,17,22.472532,62.565325,5.66742,96.74707,pigeonpeas
16,74,17,18.330483,35.144719,4.67345,163.458903,pigeonpeas
32,74,17,29.622979,49.093512,5.707235,94.301451,pigeonpeas
27,72,17,28.980394,57.232652,6.347929,120.743566,pigeonpeas
31,72,17,28.51951,49.604646,5.829552,98.216109,pigeonpeas
31,72,17,28.691805,49.472254,5.833032,96.362229,pigeonpeas
6,71,17,29.892866,49.947047,5.906597,160.333745,pigeonpeas
35,71,17,29.679543,67.604113,6.727489,198.829881,pigeonpeas
35,71,17,29.892866,66.353751,6.931925,198.1403,pigeonpeas
35,71,17,30.118121,66.353751,5.71989,157.085823,pigeonpeas
11,60,17,29.914944,34.754397,6.479775,185.898382,pigeonpeas
9,59,17,29.419361,35.232204,6.228552,185.731518,pigeonpeas
8,58,17,28.996614,35.376219,6.014007,188.895606,pigeonpeas
18,58,17,22.822049,39.475013,5.277798,181.459144,pigeonpeas
33,58,17,35.457905,49.472254,5.833032,108.633305,pigeonpeas
40,57,17,29.34489,45.79342,6.440105,166.159765,pigeonpeas
16,56,17,33.8002,40.032624,7.445445,176.616589,pigeonpeas
16,56,17,33.8002,40.032624,7.445445,174.5724,pigeonpeas
33,56,17,33.456441,35.387631,4.548202,139.460594,pigeonpeas
34,56,17,33.412686,35.4291,4.548202,187.896185,pigeonpeas
34,56,17,33.412686,35.4291,4.548202,139.670254,pigeonpeas
34,56,17,33.412686,36.527808,4.548202,136.045675,pigeonpeas
36,76,16,36.331342,33.103698,5.619329,192.198175,pigeonpeas
20,74,16,36.043537,43.614441,4.75949,159.893864,pigeonpeas
18,73,16,19.645896,34.310112,5.671312,194.560473,pigeonpeas
20,73,16,36.142542,56.420445,7.324109,134.97312,pigeonpeas
20,72,16,35.720583,56.034443,7.319396,137.256328,pigeonpeas
22,71,16,31.464179,54.323425,4.828936,165.405354,pigeonpeas
15,70,16,24.815265,39.400798,5.64035,124.099453,pigeonpeas
1,68,16,18.437904,35.214437,4.996119,107.878327,pigeonpeas
3,68,16,18.319104,34.697766,4.964888,107.47216,pigeonpeas
16,66,16,29.992587,33.082105,7.060132,182.116292,pigeonpeas
17,65,16,30.309797,31.084105,7.278239,187.62401,pigeonpeas
17,64,16,32.110917,32.641728,7.381651,181.530832,pigeonpeas
17,64,16,30.977587,32.249142,7.161798,180.716828,pigeonpeas
17,62,16,27.223064,34.837809,6.292808,180.584613,pigeonpeas
22,62,16,34.777493,55.999289,4.911146,181.665705,pigeonpeas
22,62,16,34.645541,54.323425,4.828936,180.901,pigeonpeas
30,62,16,28.876676,54.323425,5.457871,180.901,pigeonpeas
22,60,16,33.728084,52.330543,4.766479,175.846416,pigeonpeas
30,60,16,28.876676,62.490121,5.457871,182.268818,pigeonpeas
39,60,16,35.093574,32.249142,7.161798,116.910691,pigeonpeas
17,58,16,21.666434,39.155166,4.966116,180.845728,pigeonpeas
18,58,16,21.476078,38.800237,4.962661,180.382234,pigeonpeas
18,58,16,27.321989,34.137371,4.962661,96.51524,pigeonpeas
23,55,16,21.011424,69.691413,5.111489,185.203911,pigeonpeas
37,77,15,36.312898,31.477131,5.631976,192.528805,pigeonpeas
1,74,15,19.543172,56.928314,6.471862,173.168657,pigeonpeas
20,74,15,30.316571,68.221557,6.663045,147.689631,pigeonpeas
21,74,15,21.998983,56.310068,6.471862,153.250451,pigeonpeas
21,74,15,29.490967,67.106044,6.471862,153.250451,pigeonpeas
20,73,15,35.507819,54.694072,7.185079,134.096761,pigeonpeas
21,73,15,28.513511,65.861655,6.379289,153.835058,pigeonpeas
20,72,15,36.004158,56.013344,7.313517,134.859647,pigeonpeas
21,72,15,29.777141,64.671652,6.527664,151.711033,pigeonpeas
21,72,15,36.096333,54.888989,7.357676,135.917527,pigeonpeas
22,72,15,36.105521,56.164915,7.311443,137.972257,pigeonpeas
27,72,15,36.004158,56.013344,6.347929,134.859647,pigeonpeas
20,71,15,36.977944,55.602787,7.127654,136.085319,pigeonpeas
39,71,15,35.093574,30.986855,7.109598,116.910691,pigeonpeas
8,69,15,35.069495,30.703181,6.322403,160.811495,pigeonpeas
3,68,15,18.319104,33.552703,5.159066,105.142387,pigeonpeas
6,66,15,34.931742,30.400468,6.345806,159.264983,pigeonpeas
22,63,15,34.705947,54.926591,4.848083,179.690288,pigeonpeas
5,62,15,35.093574,30.986855,4.722222,145.37288,pigeonpeas
23,62,15,34.600013,54.403708,4.827167,184.699872,pigeonpeas
5,60,15,35.093574,30.986855,6.242052,116.910691,pigeonpeas
18,60,15,20.684216,40.194871,5.147222,173.567281,pigeonpeas
39,60,15,35.093574,30.986855,5.004075,116.910691,pigeonpeas
40,28,45,22.476533,91.803292,5.782011,110.215442,pomegranate
13,27,45,20.513435,92.516759,7.159521,110.576402,pomegranate
40,27,45,21.66025,94.793974,5.885638,112.434969,pomegranate
40,27,45,21.760304,94.250416,5.897222,110.625228,pomegranate
18,23,45,21.254336,89.617942,6.1844,105.649991,pomegranate
22,23,45,20.55253,88.683592,6.132203,108.892704,pomegranate
27,23,45,19.622225,87.364005,5.561852,108.171547,pomegranate
32,23,45,19.212648,87.9486,6.901807,112.426507,pomegranate
33,23,45,20.00219,85.836182,7.116539,112.337046,pomegranate
34,23,45,20.113374,85.129122,7.102623,112.172912,pomegranate
34,23,45,19.435027,85.129122,6.850656,112.021337,pomegranate
28,22,45,19.877966,90.575545,5.698793,107.329816,pomegranate
29,22,45,23.459517,94.200171,6.774045,107.517558,pomegranate
29,22,45,23.636994,93.224502,6.758556,104.172121,pomegranate
32,22,45,20.724293,85.129122,7.199504,108.924593,pomegranate
3,21,45,23.891626,87.312903,6.535244,104.617522,pomegranate
29,21,45,23.352217,93.078302,6.75178,105.271056,pomegranate
29,21,45,23.409815,90.421774,6.924491,105.224074,pomegranate
29,21,45,23.409815,93.13277,6.74926,105.224074,pomegranate
26,19,45,19.741644,88.998491,6.930479,108.462649,pomegranate
40,19,45,19.542912,86.771904,5.746975,109.826567,pomegranate
13,17,45,18.474124,89.689197,7.130838,108.475851,pomegranate
13,17,45,21.254336,92.650589,7.159521,106.278467,pomegranate
39,17,45,19.656901,89.93701,6.924491,108.045893,pomegranate
39,17,45,18.096911,90.421774,6.924491,104.88189,pomegranate
40,17,45,18.42078,92.90746,6.905272,107.273654,pomegranate
40,17,45,18.432763,92.398123,7.055101,103.112869,pomegranate
14,16,45,21.409585,92.173946,7.142254,104.280562,pomegranate
11,11,45,22.777344,88.864269,6.395673,110.66823,pomegranate
31,11,45,24.839544,86.887381,6.034613,107.643577,pomegranate
11,10,45,22.402219,86.500998,6.427381,112.433247,pomegranate
11,10,45,22.630452,88.455772,6.397996,109.03576,pomegranate
11,10,45,23.357012,86.50489,6.15821,108.454893,pomegranate
13,10,45,22.778691,88.06391,6.403098,109.549567,pomegranate
2,9,45,23.903542,89.908553,6.501557,105.04926,pomegranate
3,9,45,24.259723,90.887253,6.562502,108.404858,pomegranate
3,9,45,23.930667,90.027817,6.52397,105.718204,pomegranate
3,9,45,23.891626,89.618502,6.535244,104.617522,pomegranate
12,9,45,22.349189,89.258634,6.555747,111.100076,pomegranate
9,8,45,22.630452,88.455772,6.397996,109.03576,pomegranate
20,7,45,18.905923,89.241268,6.077886,112.475094,pomegranate
20,7,45,18.65554,91.983745,5.870466,112.475094,pomegranate
20,7,45,18.90895,89.241078,6.077712,112.474947,pomegranate
21,6,45,19.716705,91.01049,6.460184,110.7456,pomegranate
23,30,44,19.200904,85.429129,6.923509,103.029594,pomegranate
23,30,44,20.938929,85.429129,6.124761,103.029594,pomegranate
40,30,44,24.572275,89.302154,7.123724,108.606094,pomegranate
5,29,44,20.389411,94.998975,5.631634,105.59994,pomegranate
5,29,44,21.024329,93.05695,5.578096,104.784701,pomegranate
22,29,44,21.396942,86.121401,6.134617,103.462659,pomegranate
3,27,44,24.568112,92.030092,6.591303,110.963389,pomegranate
40,26,44,20.949556,94.998975,6.101622,110.292377,pomegranate
21,25,44,20.112909,88.778475,6.169809,106.647676,pomegranate
7,24,44,18.729299,88.941633,7.11405,105.324028,pomegranate
3,23,44,22.407459,87.511021,7.196409,111.533596,pomegranate
4,23,44,19.851393,89.807323,6.430163,108.475851,pomegranate
8,23,44,18.474124,89.689197,7.130838,108.475851,pomegranate
18,23,44,23.710281,89.617942,6.1844,105.649991,pomegranate
21,23,44,20.130372,90.297518,6.902751,104.373988,pomegranate
22,23,44,20.130372,89.315051,6.143875,107.341691,pomegranate
22,23,44,20.086956,89.387458,6.199803,107.122974,pomegranate
33,23,44,20.508698,86.545129,7.03707,111.832301,pomegranate
40,23,44,23.710281,86.790585,5.767373,105.649991,pomegranate
2,21,44,18.921572,87.312903,6.568934,102.801328,pomegranate
34,21,44,19.184514,87.949929,6.543899,107.44598,pomegranate
3,20,44,18.517392,90.085569,6.193626,104.493111,pomegranate
3,20,44,18.686906,88.922709,6.351031,103.783574,pomegranate
12,19,44,21.869766,94.998975,5.904635,102.518476,pomegranate
18,18,44,24.46351,91.175489,5.880557,104.738052,pomegranate
40,18,44,18.936905,88.771285,5.587805,112.475094,pomegranate
15,17,44,22.525088,91.937861,6.642175,105.06753,pomegranate
40,11,44,24.4584,86.108746,6.322396,111.377969,pomegranate
11,10,44,22.600664,88.760763,6.430333,109.582105,pomegranate
11,10,44,21.85365,87.957203,6.521706,107.023961,pomegranate
22,9,44,24.722355,88.876513,5.744362,112.192652,pomegranate
28,9,44,22.106214,88.876513,6.769856,106.87048,pomegranate
2,8,44,23.741067,88.988809,6.486528,106.440371,pomegranate
12,8,44,22.67261,87.260865,6.396798,110.051433,pomegranate
40,8,44,24.567514,85.129122,5.76355,105.57638,pomegranate
14,5,44,24.926391,87.312903,6.568934,104.76938,pomegranate
23,5,44,21.578077,93.694799,7.013346,108.054157,pomegranate
23,5,44,21.207254,94.263047,7.163005,107.56608,pomegranate
24,5,44,21.902098,92.258519,6.932371,108.719964,pomegranate
23,30,43,21.016297,86.156669,6.121482,103.112808,pomegranate
5,29,43,21.556486,92.568702,5.816824,105.449495,pomegranate
3,28,43,24.659371,92.29775,6.599782,112.475094,pomegranate
22,28,43,20.630478,92.457601,5.728791,110.796806,pomegranate
1,27,43,18.202304,91.122822,7.013482,104.991282,pomegranate
22,25,43,19.966842,88.815172,6.665866,103.964641,pomegranate
4,24,43,22.488254,88.301458,7.175889,109.911992,pomegranate
4,24,43,22.404235,88.150834,7.199504,109.86952,pomegranate
33,23,43,24.356937,93.826519,6.90965,104.394642,pomegranate
18,22,43,23.768876,90.018082,6.176956,108.612391,pomegranate
29,22,43,20.234141,90.657193,5.707666,109.132958,pomegranate
29,22,43,19.761843,87.890061,5.684069,106.327635,pomegranate
29,22,43,19.663298,87.951581,5.561852,106.03808,pomegranate
34,22,43,19.304613,88.136379,6.85396,111.59768,pomegranate
35,22,43,19.428295,90.20351,6.386421,106.677068,pomegranate
3,21,43,18.974447,87.29404,6.629749,103.174085,pomegranate
30,21,43,22.334908,94.22505,7.041332,110.5911,pomegranate
5,20,43,23.758078,88.401357,6.280091,109.556579,pomegranate
35,20,43,18.792839,90.964996,6.849674,110.217261,pomegranate
4,19,43,18.07133,93.145549,5.779427,106.360202,pomegranate
4,19,43,18.096393,93.098547,5.78859,106.310338,pomegranate
15,18,43,23.753111,91.859166,5.867142,103.11163,pomegranate
17,18,43,24.877011,90.493549,5.720404,107.080464,pomegranate
17,18,43,24.488084,90.836872,5.843005,103.196934,pomegranate
39,18,43,19.445008,86.449754,5.736936,109.240967,pomegranate
40,18,43,20.105235,87.664573,5.974563,111.869036,pomegranate
40,18,43,19.386038,86.790585,5.767373,109.913098,pomegranate
0,16,43,22.528049,90.023533,7.102814,109.119728,pomegranate
16,16,43,19.70652,91.261038,7.003685,106.32188,pomegranate
38,14,43,22.404235,94.636129,6.658403,109.86952,pomegranate
3,11,43,22.127157,89.700965,6.489353,103.831904,pomegranate
21,9,43,24.583617,89.659927,5.932249,111.811799,pomegranate
14,8,43,21.955884,94.934566,7.054237,111.988175,pomegranate
14,8,43,18.411644,94.464853,7.051655,111.716202,pomegranate
14,8,43,21.925139,94.464853,7.051655,111.716202,pomegranate
14,8,43,21.184882,93.800316,7.044064,111.307818,pomegranate
14,8,43,20.374542,93.072864,7.035755,110.860772,pomegranate
19,8,43,18.743602,87.576565,6.058635,112.475094,pomegranate
13,7,43,21.471425,93.554836,7.007296,111.052793,pomegranate
13,7,43,18.202304,91.122822,7.013482,109.662397,pomegranate
13,7,43,18.783596,91.122822,6.804781,102.518476,pomegranate
12,6,43,18.146516,91.775044,7.032397,112.180259,pomegranate
0,5,43,24.351938,90.886124,6.152907,105.529185,pomegranate
10,5,43,20.359784,94.478394,6.668428,108.905694,pomegranate
10,5,43,20.266251,92.332635,6.648535,105.356608,pomegranate
4,29,42,23.831859,87.840346,7.104095,111.223272,pomegranate
40,29,42,24.163552,89.927059,6.911926,110.96994,pomegranate
40,29,42,24.632287,89.015745,7.104095,110.695618,pomegranate
7,25,42,23.660001,90.107919,6.56055,109.56526,pomegranate
9,25,42,24.962732,93.746849,5.944985,106.233882,pomegranate
14,25,42,20.01653,90.75974,6.410312,105.253956,pomegranate
26,24,42,24.088983,89.503775,6.618866,112.475094,pomegranate
29,24,42,23.675337,90.07742,6.156765,105.601255,pomegranate
21,23,42,19.541281,94.511066,6.424671,110.231663,pomegranate
21,23,42,19.279592,92.494572,7.137034,106.541395,pomegranate
21,23,42,19.541281,90.297518,6.902751,104.373988,pomegranate
24,23,42,19.994935,88.462068,6.119004,109.029522,pomegranate
26,23,42,24.629051,90.138039,6.589253,108.702478,pomegranate
29,23,42,19.51806,88.401177,5.569033,108.035773,pomegranate
33,23,42,18.759277,85.836182,7.116539,112.337046,pomegranate
10,22,42,18.839449,89.584817,7.155754,108.502291,pomegranate
24,21,42,20.822107,87.228157,6.999014,109.442993,pomegranate
31,21,42,24.962732,89.934576,6.497367,111.019674,pomegranate
34,21,42,18.759277,89.934576,6.648687,111.019674,pomegranate
4,19,42,23.831859,87.840346,6.306606,111.223272,pomegranate
26,19,42,19.432189,88.653984,6.927998,109.941332,pomegranate
28,19,42,23.576118,89.733041,6.121449,107.733617,pomegranate
11,18,42,18.096911,90.421774,5.938529,102.859338,pomegranate
11,18,42,21.579369,94.882677,5.938529,102.859338,pomegranate
11,18,42,21.39242,94.998975,5.991952,102.518476,pomegranate
17,18,42,24.962732,87.597272,5.931311,104.197861,pomegranate
26,18,42,19.726205,89.649342,6.910375,108.228728,pomegranate
0,17,42,23.964916,93.736255,7.111253,112.153632,pomegranate
0,17,42,23.202426,91.194427,6.859841,109.094632,pomegranate
27,17,42,19.931646,90.770222,6.907466,108.507989,pomegranate
9,16,42,23.77989,92.933869,5.893332,106.977723,pomegranate
13,16,42,21.418671,93.380874,5.949008,102.518476,pomegranate
26,16,42,19.799114,90.826523,6.922027,108.484038,pomegranate
39,16,42,19.700016,92.243638,6.809461,103.916562,pomegranate
4,15,42,19.678321,93.797406,6.537043,108.546863,pomegranate
10,15,42,20.241049,89.089357,6.890784,108.546863,pomegranate
16,15,42,19.678321,89.089357,6.890784,108.546863,pomegranate
16,15,42,19.678321,89.089357,6.890784,108.546863,pomegranate
17,15,42,20.284826,87.816484,6.986794,110.779992,pomegranate
4,14,42,19.561362,89.586227,6.414836,103.046481,pomegranate
32,13,42,23.501282,92.975275,5.786058,106.61905,pomegranate
32,13,42,23.045456,92.489886,5.651611,102.679987,pomegranate
31,12,42,23.37254,92.581487,5.810167,106.495693,pomegranate
40,11,42,24.4584,92.975275,6.322396,111.377969,pomegranate
21,9,42,24.204198,92.132002,6.031446,103.039301,pomegranate
22,9,42,24.625318,89.690292,5.841934,109.168646,pomegranate
9,8,42,22.483855,89.972372,6.549287,110.069253,pomegranate
14,8,42,21.657282,94.998975,6.944375,109.041918,pomegranate
10,7,42,20.212591,90.55262,6.885526,109.164179,pomegranate
12,7,42,19.370916,90.795457,6.888034,110.208061,pomegranate
13,7,42,18.07133,91.74901,6.81081,112.475094,pomegranate
12,6,42,20.916596,92.442014,6.953052,110.241538,pomegranate
22,6,42,23.230628,91.583972,7.121132,107.361876,pomegranate
10,5,42,20.016004,90.904102,7.07911,112.475094,pomegranate
10,5,42,20.241049,91.087068,6.887006,109.253773,pomegranate
12,5,42,19.673792,90.051658,6.891776,108.989384,pomegranate
18,28,41,22.163385,92.560998,7.161684,104.865064,pomegranate
20,28,41,20.554851,93.308242,5.703502,110.565391,pomegranate
40,28,41,24.468869,89.001771,7.094033,108.484689,pomegranate
3,27,41,24.536184,87.975589,7.199504,102.518476,pomegranate
17,27,41,21.98783,92.089728,7.048976,104.638334,pomegranate
18,27,41,22.365094,92.308824,7.175344,104.821633,pomegranate
20,27,41,20.513435,92.516759,5.700089,110.576402,pomegranate
25,27,41,19.200904,94.276596,6.923509,108.042356,pomegranate
24,26,41,19.936789,94.81926,7.172225,107.559474,pomegranate
5,25,41,24.64997,94.292034,6.304188,105.669432,pomegranate
9,25,41,24.815301,85.560832,6.728599,109.285342,pomegranate
9,25,41,24.815301,91.90843,5.972715,109.285342,pomegranate
36,25,41,24.908214,93.645266,7.020259,104.67546,pomegranate
17,24,41,19.848368,90.689997,6.617405,103.990214,pomegranate
27,24,41,24.327701,90.882928,6.610251,110.460646,pomegranate
36,24,41,24.944676,94.257027,7.00918,103.879935,pomegranate
22,23,41,18.867943,90.330857,6.981007,102.931904,pomegranate
29,22,41,24.525311,90.049454,6.104198,110.787933,pomegranate
4,21,41,24.389052,93.818448,6.468014,104.576778,pomegranate
15,21,41,19.008707,88.837681,6.568934,102.801328,pomegranate
18,21,41,22.365094,92.308824,7.175344,104.821633,pomegranate
23,21,41,21.023945,86.354068,6.993658,108.849847,pomegranate
29,21,41,23.158819,92.839938,6.734123,105.906041,pomegranate
33,21,41,20.09901,91.061201,6.791584,110.696438,pomegranate
35,21,41,19.016325,88.736533,6.687281,109.23852,pomegranate
3,20,41,24.511484,94.056989,6.517724,102.64675,pomegranate
4,20,41,24.266013,93.797406,6.537043,104.537511,pomegranate
4,19,41,23.857395,85.129122,6.167055,110.688603,pomegranate
4,19,41,24.147433,87.057595,6.325587,110.419965,pomegranate
4,19,41,24.454437,93.10333,6.479865,107.216837,pomegranate
6,19,41,23.446009,94.128647,6.354367,104.025307,pomegranate
40,18,41,24.377668,85.401712,5.782707,106.128338,pomegranate
5,15,41,18.262332,90.882928,6.610251,110.460646,pomegranate
16,15,41,19.113864,90.840132,6.796281,108.613289,pomegranate
4,14,41,19.851393,89.807323,6.430163,102.818636,pomegranate
33,14,41,23.690782,93.426012,5.973483,107.679309,pomegranate
16,10,41,24.774645,85.636087,6.738994,105.759581,pomegranate
16,10,41,23.92944,85.129122,6.776494,104.224393,pomegranate
21,9,41,24.962732,94.160576,6.135667,106.607292,pomegranate
40,9,41,23.202426,91.194427,5.782707,109.094632,pomegranate
40,9,41,24.377668,85.401712,5.782707,106.128338,pomegranate
9,8,41,22.549964,90.907316,6.601202,112.475094,pomegranate
11,8,41,20.665452,90.432817,6.749069,110.812523,pomegranate
19,8,41,24.838387,87.859825,6.944738,106.608442,pomegranate
20,7,41,22.349655,89.22187,6.406829,106.713192,pomegranate
15,6,41,19.008707,88.837681,6.897368,108.679398,pomegranate
21,6,41,24.352228,89.282567,7.064019,108.836924,pomegranate
21,6,41,24.832823,90.810705,7.087424,108.076377,pomegranate
21,6,41,24.882445,89.396862,7.086948,107.195171,pomegranate
10,5,41,20.7654,88.968073,7.120663,110.716466,pomegranate
6,30,40,22.770356,91.454985,6.361374,106.96592,pomegranate
6,30,40,24.839544,91.454985,6.034613,106.96592,pomegranate
6,30,40,22.770356,94.950314,6.828522,104.027706,pomegranate
7,30,40,22.571722,91.471971,6.352595,106.955772,pomegranate
12,29,40,19.682912,89.75273,6.594037,111.281855,pomegranate
12,29,40,19.682912,91.340396,6.594037,111.281855,pomegranate
12,29,40,19.824179,89.975682,6.556159,110.754325,pomegranate
12,29,40,19.682912,92.933869,6.594037,106.977723,pomegranate
11,28,40,21.358846,90.456654,6.39115,110.629912,pomegranate
29,27,40,22.445813,89.90147,6.738016,109.3906,pomegranate
3,26,40,24.962732,91.915425,6.951355,103.397791,pomegranate
5,26,40,24.446796,90.735723,7.074682,102.518476,pomegranate
1,25,40,24.584163,91.787197,5.954269,112.475094,pomegranate
14,25,40,18.474124,89.689197,7.130838,103.708406,pomegranate
14,25,40,20.073865,90.978197,6.407872,103.708406,pomegranate
14,25,40,19.446231,90.978197,5.627186,103.708406,pomegranate
2,24,40,24.676894,91.967155,5.70512,108.736786,pomegranate
5,24,40,24.692258,93.870301,6.297908,104.673545,pomegranate
5,24,40,24.894944,93.876576,6.291661,102.552477,pomegranate
38,24,40,24.285294,93.67236,6.418274,108.791068,pomegranate
37,23,40,24.962732,94.998975,7.199504,102.518476,pomegranate
20,22,40,23.031014,89.446614,6.268466,105.20733,pomegranate
29,22,40,23.626002,92.405014,6.145104,109.416919,pomegranate
29,22,40,23.626002,89.732667,6.145104,107.683687,pomegranate
33,22,40,18.538704,88.522526,6.3962,109.678494,pomegranate
36,22,40,24.62946,94.35741,6.778211,106.389822,pomegranate
11,21,40,19.922052,85.787836,6.033592,111.42758,pomegranate
20,20,40,23.234995,89.858653,6.156795,104.29668,pomegranate
39,19,40,19.724832,87.713202,5.793737,110.288,pomegranate
4,18,40,22.918432,90.978197,6.407872,103.708406,pomegranate
25,18,40,19.300277,87.643544,6.687419,110.907016,pomegranate
25,18,40,18.610215,86.695932,6.61113,108.893655,pomegranate
26,18,40,20.207411,88.294236,6.48085,110.292052,pomegranate
13,17,40,19.682912,92.650589,6.594037,106.278467,pomegranate
25,17,40,18.912512,87.749385,6.608024,111.280052,pomegranate
9,16,40,18.422191,91.412378,5.882418,106.601564,pomegranate
24,15,40,18.886327,87.314381,6.623988,112.475094,pomegranate
4,14,40,20.227955,89.804258,6.312026,102.894129,pomegranate
4,9,40,19.851393,89.807323,6.430163,105.620995,pomegranate
15,9,40,24.81855,85.507301,6.476719,105.473079,pomegranate
18,9,40,19.446231,89.02127,5.627186,106.160683,pomegranate
21,9,40,24.511477,90.644987,5.956402,105.620995,pomegranate
40,9,40,24.406702,85.129122,5.747285,108.244906,pomegranate
9,8,40,22.327665,90.132863,6.612624,112.475094,pomegranate
9,8,40,22.487201,89.922488,6.55351,111.663158,pomegranate
9,8,40,23.409815,93.13277,6.55351,105.224074,pomegranate
28,6,40,22.404494,91.736556,6.689329,110.212682,pomegranate
28,6,40,22.106214,91.340396,6.769856,106.87048,pomegranate
8,5,40,20.400143,92.69112,6.922857,108.792083,pomegranate
10,5,40,20.407391,93.430327,6.958598,111.754253,pomegranate
15,30,39,21.096922,92.467846,6.282327,106.731169,pomegranate
19,28,39,20.423432,93.115544,5.700276,111.766671,pomegranate
8,27,39,19.911183,94.385466,6.830742,104.540899,pomegranate
0,26,39,22.172171,88.945505,6.714001,112.475094,pomegranate
3,26,39,24.456125,91.825808,6.895418,103.854266,pomegranate
3,26,39,24.395686,91.302515,7.048352,103.64457,pomegranate
3,26,39,24.38319,91.194316,7.079973,103.601211,pomegranate
22,26,39,22.434967,86.61935,6.728232,110.31088,pomegranate
3,25,39,24.750632,91.455838,7.092993,102.773937,pomegranate
29,25,39,24.712505,91.805251,6.541848,109.828189,pomegranate
12,24,39,19.787296,89.568836,6.62945,104.364106,pomegranate
13,24,39,23.653741,93.326575,6.431266,106.868564,pomegranate
13,24,39,20.21711,90.753733,6.438292,104.204682,pomegranate
39,24,39,23.653741,93.326575,6.431266,109.807618,pomegranate
9,22,39,19.409298,86.562934,7.050137,105.114714,pomegranate
21,22,39,22.24539,89.987606,6.144897,104.633567,pomegranate
29,22,39,24.386296,91.526145,6.353623,109.262149,pomegranate
37,22,39,23.626002,94.511066,6.424671,110.231663,pomegranate
38,22,39,23.848505,93.794309,6.428661,109.975066,pomegranate
5,21,39,22.561479,89.747457,6.09481,112.475094,pomegranate
29,21,39,23.16406,91.275671,6.555783,108.767416,pomegranate
30,21,39,22.8257,92.408037,7.072381,109.791695,pomegranate
12,20,39,19.861736,86.197409,6.026999,111.021793,pomegranate
14,20,39,19.785108,85.47079,6.023255,109.152197,pomegranate
21,20,39,19.861736,89.396862,7.086948,111.021793,pomegranate
25,19,39,18.945509,88.208091,6.614081,112.475094,pomegranate
36,18,39,23.906292,94.301556,6.523167,110.210151,pomegranate
37,18,39,24.146963,94.511066,6.424671,110.231663,pomegranate
18,17,39,22.365094,92.308824,7.175344,104.821633,pomegranate
19,17,39,24.724856,85.560832,6.728599,111.278758,pomegranate
9,16,39,18.411644,91.119272,6.101199,105.183498,pomegranate
18,10,39,23.798793,91.695056,6.303752,107.564227,pomegranate
11,9,39,22.699435,90.83675,6.579054,110.911381,pomegranate
21,9,39,24.242887,91.025616,5.940708,106.383135,pomegranate
16,8,39,18.920752,89.112918,6.963368,109.153079,pomegranate
8,7,39,22.387088,89.355493,6.584691,112.428983,pomegranate
17,7,39,19.226991,88.871204,5.639398,104.430031,pomegranate
39,30,38,20.126449,87.596296,6.965157,108.065579,pomegranate
39,30,38,20.479091,85.129122,7.000549,104.794839,pomegranate
10,29,38,19.974167,90.364422,6.606652,109.045249,pomegranate
12,29,38,23.22594,94.429714,6.594037,111.281855,pomegranate
8,28,38,23.22594,94.429714,6.844402,105.691786,pomegranate
0,27,38,18.474124,89.90147,7.130838,109.3906,pomegranate
0,27,38,22.445813,89.90147,6.738016,109.3906,pomegranate
0,27,38,20.073865,90.978197,6.738016,103.708406,pomegranate
22,26,38,22.920523,85.129122,6.988035,110.243784,pomegranate
22,26,38,20.241049,85.129122,6.887006,110.243784,pomegranate
22,26,38,23.047035,85.822207,7.199504,107.800546,pomegranate
1,25,38,23.723553,90.949465,6.245367,110.948705,pomegranate
2,25,38,24.043734,91.212075,6.121918,111.33914,pomegranate
22,25,38,22.811754,86.369845,6.79281,108.66267,pomegranate
31,25,38,24.962732,92.405014,6.497367,109.416919,pomegranate
2,24,38,24.559816,91.635362,5.922936,111.968462,pomegranate
2,24,38,24.404773,91.508197,5.982714,111.779399,pomegranate
8,23,38,24.7374,93.967561,6.286221,105.922861,pomegranate
8,23,38,19.301063,87.177517,7.005411,105.476659,pomegranate
8,23,38,19.237886,87.204982,6.980916,105.115501,pomegranate
22,23,38,22.920523,85.129122,6.1844,110.243784,pomegranate
38,23,38,23.415331,92.888872,6.428313,109.607316,pomegranate
5,22,38,18.262332,87.951581,5.70938,108.075673,pomegranate
18,22,38,23.220701,94.622592,6.38613,112.400565,pomegranate
27,22,38,24.421748,90.841667,6.618317,109.135374,pomegranate
30,22,38,24.302499,91.401436,6.08535,106.207389,pomegranate
5,21,38,22.43378,90.339656,6.107055,112.459697,pomegranate
5,21,38,22.43378,90.339656,5.885638,112.459697,pomegranate
5,21,38,22.636625,90.463279,6.089488,112.412828,pomegranate
21,21,38,22.552606,89.325949,6.327674,104.895564,pomegranate
21,21,38,24.632287,89.325949,6.327674,104.895564,pomegranate
21,21,38,22.552606,91.617936,6.277149,104.895564,pomegranate
30,20,38,22.598902,93.163439,7.058223,110.09329,pomegranate
38,19,38,23.926255,91.930815,6.222349,111.538292,pomegranate
20,18,38,24.678426,85.422466,6.785273,112.475094,pomegranate
6,16,38,18.391567,89.494053,5.727322,108.947103,pomegranate
5,15,38,18.240325,87.633264,5.70432,108.371662,pomegranate
5,15,38,18.262332,88.167791,5.70938,108.075673,pomegranate
6,15,38,18.310761,89.12509,5.836465,107.13761,pomegranate
10,15,38,18.537756,91.885345,6.103761,106.554819,pomegranate
30,15,38,20.904118,90.128116,5.753884,103.973766,pomegranate
15,12,38,22.867445,94.059469,6.644958,109.139462,pomegranate
4,11,38,22.062983,89.438539,5.631834,103.869199,pomegranate
14,11,38,23.188812,92.706631,6.561949,109.167979,pomegranate
15,11,38,23.128082,92.683284,6.630646,109.393016,pomegranate
34,10,38,22.545581,86.169505,6.275491,111.352159,pomegranate
17,9,38,19.135626,88.214108,5.667618,106.953973,pomegranate
10,7,38,22.555476,89.820953,6.565322,112.475094,pomegranate
17,7,38,24.744104,87.587125,5.886949,105.143526,pomegranate
13,30,37,20.864749,91.617936,6.277149,106.868564,pomegranate
36,30,37,20.435672,85.378076,6.947351,108.17485,pomegranate
8,28,37,23.884048,86.206138,6.082572,108.312179,pomegranate
8,28,37,23.884048,86.206138,6.034613,108.312179,pomegranate
37,28,37,24.146963,86.206138,6.424671,110.231663,pomegranate
0,27,37,23.045185,91.894835,6.875887,112.157111,pomegranate
0,27,37,22.375517,90.046724,6.774082,106.752285,pomegranate
4,27,37,20.513435,85.40695,5.700089,110.576402,pomegranate
8,27,37,21.968084,86.655538,6.353867,106.135798,pomegranate
40,26,37,18.855181,94.998975,5.612367,105.269382,pomegranate
8,25,37,19.586839,92.041751,6.696068,103.090165,pomegranate
10,25,37,19.95442,93.93318,6.720807,103.945943,pomegranate
38,25,37,20.583665,94.792513,5.968897,106.572265,pomegranate
8,24,37,20.704757,94.998975,6.563725,102.518476,pomegranate
30,24,37,24.948278,93.28422,6.527094,111.726453,pomegranate
5,23,37,18.474124,89.689197,7.130838,108.475851,pomegranate
18,22,37,23.487694,94.622562,6.349568,110.394978,pomegranate
18,22,37,23.483472,93.462132,6.308697,109.613589,pomegranate
4,21,37,22.474062,89.042185,6.124865,111.357617,pomegranate
5,21,37,21.852469,93.366139,5.916811,112.475094,pomegranate
36,21,37,20.336911,86.355902,5.782436,110.965314,pomegranate
38,20,37,20.137395,88.836708,5.825841,110.744533,pomegranate
4,18,37,22.918432,85.40695,7.131475,106.281771,pomegranate
6,18,37,19.656901,89.93701,5.93765,108.045893,pomegranate
9,18,37,18.411644,89.93701,6.101199,108.045893,pomegranate
32,18,37,24.146963,88.485679,6.424671,104.684324,pomegranate
5,15,37,18.967594,89.469428,5.651288,104.59153,pomegranate
6,14,37,22.461162,90.320744,5.610941,102.518476,pomegranate
32,14,37,22.730313,88.485679,6.825256,104.684324,pomegranate
32,14,37,23.608094,89.022451,7.083743,102.518476,pomegranate
35,14,37,22.227562,91.828236,6.734577,103.578133,pomegranate
36,14,37,22.089752,92.744472,6.709721,103.274913,pomegranate
38,14,37,21.837372,94.422433,6.6642,102.719605,pomegranate
38,14,37,21.805231,94.636129,6.658403,102.648885,pomegranate
5,13,37,22.343757,89.787034,5.648244,103.318307,pomegranate
5,13,37,22.265713,89.78767,5.672728,103.302661,pomegranate
5,13,37,22.268521,90.399688,5.771131,102.518476,pomegranate
33,9,37,23.416051,85.185919,6.142279,112.475094,pomegranate
35,7,37,19.86659,85.129122,5.79712,108.458147,pomegranate
36,7,37,19.867118,86.355902,5.782436,108.316886,pomegranate
36,7,37,19.567288,86.005987,5.747455,106.236457,pomegranate
15,6,37,23.729302,86.027671,5.787671,105.073297,pomegranate
0,5,37,24.473161,90.403109,6.186199,105.442712,pomegranate
40,30,36,21.02678,91.285184,6.296283,103.416571,pomegranate
1,28,36,23.587989,92.262899,5.69506,105.243172,pomegranate
0,27,36,22.532477,89.451687,6.774861,107.332458,pomegranate
1,27,36,23.755021,92.826364,5.842908,105.65101,pomegranate
1,27,36,23.985988,93.342366,5.684995,104.991282,pomegranate
9,27,36,23.104799,94.992614,6.842429,105.694516,pomegranate
39,27,36,19.757263,93.314598,5.869293,106.248795,pomegranate
8,26,36,18.783596,87.402477,6.804781,102.518476,pomegranate
8,25,36,23.884048,86.206138,5.567805,108.312179,pomegranate
8,25,36,19.913305,94.950314,6.828522,104.027706,pomegranate
39,25,36,18.90223,94.998975,5.567805,107.610321,pomegranate
39,24,36,19.292653,93.469881,5.64225,108.523323,pomegranate
8,22,36,19.546151,89.855948,7.081067,102.518476,pomegranate
20,21,36,22.247229,90.263912,6.327946,106.796466,pomegranate
6,19,36,19.811126,89.61375,5.988363,109.270756,pomegranate
9,16,36,23.77989,92.933869,5.893332,106.977723,pomegranate
9,16,36,23.69782,92.754039,5.879326,106.7686,pomegranate
29,16,36,19.810694,88.929443,5.740338,102.860084,pomegranate
5,14,36,22.44233,89.761945,5.634965,102.518476,pomegranate
32,14,36,21.834443,85.830886,7.074342,106.895984,pomegranate
37,14,36,21.607259,94.998975,6.58811,106.07306,pomegranate
30,13,36,19.577276,88.468573,5.754694,102.518476,pomegranate
37,11,36,24.781886,85.255073,6.779968,108.773905,pomegranate
37,11,36,24.247796,85.560333,6.710143,106.921603,pomegranate
8,9,36,22.812264,94.429714,6.276039,110.443229,pomegranate
33,9,36,22.923045,86.896104,6.293341,110.14623,pomegranate
34,9,36,22.812264,86.342338,6.276039,110.443229,pomegranate
34,9,36,22.856546,86.315729,6.262084,110.32117,pomegranate
8,7,36,18.202304,91.122822,6.804781,109.662397,pomegranate
0,5,36,24.351938,90.886124,6.152907,105.529185,pomegranate
14,5,36,24.926391,85.190981,5.832526,104.76938,pomegranate
13,30,35,21.103196,91.531577,6.28797,104.563447,pomegranate
40,30,35,20.892733,91.07777,6.269664,104.440708,pomegranate
7,28,35,18.726244,88.426398,6.810741,102.518476,pomegranate
12,28,35,20.821134,91.357186,6.268494,103.555866,pomegranate
8,27,35,18.601593,85.300824,7.061226,102.660333,pomegranate
2,26,35,24.010804,93.620086,5.719943,106.185684,pomegranate
9,26,35,18.856232,87.095409,6.765346,102.518476,pomegranate
31,25,35,18.685108,87.892044,5.999373,107.945259,pomegranate
32,25,35,18.099032,85.707863,5.892914,107.005098,pomegranate
7,23,35,19.750885,88.716912,7.054314,102.553804,pomegranate
5,22,35,19.734195,87.741555,7.035572,102.518476,pomegranate
7,22,35,19.83094,88.697005,7.063145,103.10176,pomegranate
8,22,35,19.621178,87.693267,7.057424,103.309922,pomegranate
18,21,35,23.44033,93.902874,6.408486,111.153795,pomegranate
18,21,35,23.280123,94.943305,6.368561,111.13821,pomegranate
38,21,35,20.589723,88.951627,5.814559,111.019749,pomegranate
38,21,35,20.336911,89.380038,5.841367,110.965314,pomegranate
39,21,35,20.171525,89.31502,5.822133,110.17041,pomegranate
39,20,35,20.260328,89.780175,5.840088,110.911472,pomegranate
11,18,35,21.579369,94.882677,5.938529,102.859338,pomegranate
31,15,35,22.964136,89.357282,6.797831,106.474328,pomegranate
0,5,35,24.272475,88.045728,6.395896,102.704123,pomegranate
65,60,45,21.389158,80.968231,5.665293,227.659536,rice
83,58,45,24.172988,83.728757,5.58337,257.034355,rice
83,58,45,25.755286,83.518271,5.875346,245.66268,rice
83,58,45,23.058049,83.518271,5.875346,245.66268,rice
61,57,45,23.562678,81.812013,7.587102,256.971984,rice
84,57,45,25.752004,83.578493,5.92064,243.591795,rice
81,56,45,26.092101,80.122675,5.092271,286.17307,rice
60,55,45,21.408658,83.329319,5.935745,287.576694,rice
60,55,45,21.151499,82.047329,5.798072,280.051635,rice
85,55,45,24.247398,80.514681,7.820233,263.165011,rice
88,55,45,24.635449,80.41363,7.730368,253.720278,rice
87,54,45,24.566679,80.122675,7.734261,251.418243,rice
85,52,45,26.313555,82.36699,7.224286,265.535594,rice
88,52,45,25.811481,81.813728,7.041639,265.962631,rice
60,50,45,20.711398,84.969072,6.211006,241.865638,rice
60,49,45,20.693076,84.554499,6.229257,243.000413,rice
60,49,45,20.700881,83.710558,6.21626,239.718855,rice
66,49,45,26.929951,83.470793,7.591863,273.746687,rice
60,45,45,21.065803,83.876948,7.40071,298.560118,rice
64,45,45,25.589032,83.259365,5.501692,210.017036,rice
61,44,45,21.028032,82.996156,7.431327,295.810852,rice
85,38,45,26.313555,82.788371,6.249051,276.655246,rice
91,36,45,24.443455,82.454326,5.950648,267.976195,rice
92,36,45,24.468267,82.829409,5.972341,266.368627,rice
97,36,45,22.228698,81.858729,6.939084,278.079179,rice
60,35,45,23.609057,82.62048,5.298587,220.745808,rice
69,58,44,26.800796,80.886848,5.01214,284.436457,rice
78,58,44,26.800796,80.886848,5.108682,284.436457,rice
81,58,44,23.675754,81.035693,5.177823,233.703498,rice
62,57,44,21.424651,83.287038,5.899776,287.206867,rice
60,56,44,22.820033,84.065236,7.83987,268.729446,rice
60,55,44,21.209278,83.548851,5.926465,287.157656,rice
60,55,44,21.666283,82.320763,7.840207,263.964248,rice
60,55,44,23.004459,82.320763,7.840207,263.964248,rice
60,55,44,22.683191,83.463583,6.604993,263.964248,rice
88,54,44,25.735429,83.882662,6.149411,233.132137,rice
88,54,44,25.753222,83.744193,6.146716,232.109873,rice
93,53,44,26.611912,81.041449,5.393762,265.42706,rice
84,50,44,25.48592,81.406335,5.935344,182.654936,rice
60,49,44,20.775761,84.497744,6.244841,240.081065,rice
67,47,44,26.730724,81.785968,7.868475,280.404439,rice
67,47,44,26.528728,81.785968,7.868475,280.404439,rice
67,47,44,26.730724,80.525861,6.134287,280.404439,rice
88,47,44,26.730724,83.882662,6.149411,233.132137,rice
65,46,44,25.082118,82.122615,7.737935,285.599536,rice
85,46,44,22.056603,83.953318,6.848997,199.868124,rice
62,45,44,24.931525,84.796416,5.576438,214.074453,rice
60,43,44,21.019447,82.952217,7.416245,298.401847,rice
75,41,44,24.958215,83.656636,5.069602,232.348952,rice
78,41,44,26.800796,80.886848,6.738652,284.436457,rice
60,40,44,20.786978,83.194667,7.429111,296.596972,rice
90,36,44,25.418253,80.122675,6.0187,260.996779,rice
99,36,44,22.848588,82.16664,7.173121,287.347522,rice
61,35,44,23.755324,84.969072,5.095627,221.63779,rice
78,35,44,26.543481,84.673536,5.950648,267.976195,rice
78,35,44,26.543481,84.673536,7.072656,183.622266,rice
65,60,43,21.971994,81.899182,5.658169,227.363701,rice
65,59,43,22.152285,81.625617,6.031693,214.576298,rice
97,59,43,26.359272,84.044036,6.2865,271.358614,rice
68,57,43,26.088679,80.379799,5.706943,182.90435,rice
93,57,43,23.274135,80.252632,7.364796,201.518494,rice
60,56,43,23.099092,81.86035,7.863008,264.011812,rice
88,55,43,25.741473,83.675902,6.242463,234.343677,rice
99,55,43,21.723831,83.117135,5.070176,277.962619,rice
89,54,43,25.551789,83.455099,6.135964,233.570998,rice
90,54,43,24.337889,83.629519,6.039101,235.396308,rice
97,54,43,26.520303,84.969072,5.794097,185.637074,rice
61,53,43,26.403232,81.056355,6.349606,223.367188,rice
79,52,43,22.930655,80.122675,5.005307,242.461113,rice
60,50,43,20.805245,82.195292,6.442086,246.464254,rice
76,49,43,24.961521,84.669262,5.221191,195.885835,rice
88,47,43,24.376382,84.653646,7.256871,250.997068,rice
65,46,43,25.944419,83.910358,5.342061,211.944629,rice
91,46,43,23.679668,81.580967,7.537992,251.568415,rice
64,45,43,25.629801,83.528423,5.534878,209.900198,rice
64,45,43,25.629801,83.528423,6.94802,209.586971,rice
67,45,43,26.455576,84.088172,7.868475,279.120283,rice
60,44,43,24.766992,82.161168,5.764151,221.460992,rice
61,44,43,20.635408,81.596789,7.421039,289.661707,rice
89,44,43,21.671018,82.643697,6.547742,199.131357,rice
62,43,43,21.019718,82.71587,7.403642,297.569199,rice
65,42,43,21.971994,81.899182,6.502985,202.935536,rice
86,42,43,20.879744,82.11124,6.502985,243.512041,rice
90,42,43,20.879744,82.002744,6.502985,202.935536,rice
82,41,43,21.699944,82.747591,6.067317,232.835796,rice
83,41,43,21.052536,82.678395,6.254028,233.107582,rice
76,40,43,25.157455,83.117135,5.070176,231.384316,rice
78,38,43,24.482311,84.013953,7.156008,187.056743,rice
60,36,43,23.431219,83.063101,5.286204,219.904835,rice
96,36,43,22.346617,81.98763,6.935935,281.005775,rice
61,35,43,23.468431,83.214737,5.285236,220.382693,rice
73,35,43,21.716091,80.122675,6.796905,204.581823,rice
78,35,43,26.929951,81.914898,7.23074,182.561632,rice
79,35,43,26.913958,82.692709,7.077757,182.561632,rice
65,60,42,21.127627,81.375225,6.151793,209.010318,rice
96,59,42,25.558944,84.006336,6.376494,272.499259,rice
85,58,42,21.696988,80.122675,7.048975,228.997212,rice
85,57,42,21.675198,80.122675,7.019459,226.399879,rice
93,56,42,23.75187,82.152318,7.31334,195.233768,rice
93,56,42,23.85724,82.22573,7.382763,195.094831,rice
94,55,42,26.680493,82.600261,5.916969,192.974811,rice
95,55,42,26.795339,82.148087,5.950661,193.347399,rice
63,54,42,25.470158,81.636544,6.345687,222.733843,rice
67,53,42,25.295703,83.150645,7.830151,250.242061,rice
81,53,42,23.675754,81.035693,5.177823,233.703498,rice
98,53,42,20.267076,80.728864,5.014507,202.383832,rice
65,52,42,24.363589,80.494646,7.868475,259.574198,rice
75,51,42,20.619247,83.940567,5.772787,267.002774,rice
76,50,42,25.08316,83.777695,5.159139,197.395429,rice
98,50,42,24.591463,81.094962,7.077805,258.146079,rice
66,49,42,23.402041,81.050337,6.074492,263.431101,rice
76,49,42,24.958779,84.479634,5.206373,196.956001,rice
76,49,42,24.958779,84.479634,5.206373,196.956001,rice
85,49,42,24.6207,81.212623,6.040798,183.246018,rice
98,49,42,24.493739,80.445042,7.074837,259.006793,rice
63,47,42,25.430747,83.639175,5.944978,208.345809,rice
76,47,42,20.083696,83.291147,5.739175,263.637218,rice
76,47,42,20.087105,83.167474,5.877738,263.569753,rice
76,47,42,20.175569,83.252217,5.79342,263.54168,rice
83,47,42,20.083696,80.145093,6.903986,200.834898,rice
88,46,42,22.683191,83.463583,6.604993,194.265172,rice
88,46,42,22.389379,82.62898,6.591941,191.080687,rice
89,46,42,24.158237,82.220286,7.455932,251.804163,rice
89,46,42,23.82047,84.545511,7.28185,247.910492,rice
90,46,42,23.978982,81.450616,7.502834,250.083234,rice
62,45,42,24.895689,83.879009,5.754965,265.688426,rice
77,45,42,20.102082,82.624086,6.486548,263.27333,rice
91,45,42,23.985347,81.618265,7.499263,248.545033,rice
64,44,42,23.353005,80.832589,5.42843,249.784978,rice
78,44,42,21.767555,83.183459,7.030116,192.885784,rice
63,43,42,24.308449,84.935584,5.559906,254.78644,rice
78,43,42,21.323763,83.535216,7.283737,192.319754,rice
78,43,42,21.323763,83.003205,7.283737,192.319754,rice
79,43,42,20.490099,80.918757,7.613462,263.63523,rice
78,42,42,20.130175,81.604873,7.628473,262.71734,rice
78,41,42,20.784722,83.927933,7.638248,257.213005,rice
84,41,42,21.485129,82.865806,6.443558,234.365889,rice
74,40,42,25.03857,83.222095,5.11067,229.727807,rice
90,40,42,21.591168,81.615912,6.617205,203.747412,rice
60,39,42,23.552206,83.804989,5.273193,221.028724,rice
74,39,42,25.117189,82.096921,5.080744,232.676061,rice
86,38,42,22.05743,82.733368,6.199917,275.226189,rice
69,37,42,23.058049,83.370118,7.073454,251.055,rice
62,36,42,23.523573,82.498019,5.29015,220.111603,rice
70,36,42,21.841069,80.728864,6.94621,202.383832,rice
93,36,42,20.615214,80.728864,6.94621,279.545172,rice
95,36,42,22.006226,82.378852,6.314136,199.356737,rice
78,35,42,23.978982,84.673536,7.072656,250.083234,rice
78,35,42,26.585645,84.969072,7.092183,185.648133,rice
88,35,42,23.85724,82.22573,7.382763,195.094831,rice
66,59,41,22.386598,82.274731,5.882723,225.325583,rice
67,59,41,21.947667,80.973842,6.012633,213.356092,rice
83,58,41,21.643132,81.184598,7.06548,225.799793,rice
85,58,41,21.770462,80.319644,7.038096,226.655537,rice
86,58,41,21.526687,81.193252,7.061125,224.977046,rice
96,58,41,24.502311,80.122675,7.204459,189.009694,rice
98,58,41,26.469194,83.25283,6.196489,271.618409,rice
73,57,41,21.44654,84.94376,5.824709,272.20172,rice
94,56,41,26.453443,82.571455,5.781717,267.577643,rice
73,55,41,21.58621,82.93315,5.963525,262.12522,rice
92,55,41,23.693126,82.058884,7.241458,195.399107,rice
95,55,41,26.929951,83.303925,5.956684,192.854525,rice
74,54,41,25.655535,80.523891,7.120273,217.378858,rice
66,53,41,25.075635,80.523891,7.778915,257.003887,rice
93,53,41,26.889792,81.233637,7.127787,289.375836,rice
93,53,41,20.178781,82.648885,5.705269,239.588644,rice
60,52,41,26.527494,80.899676,6.364223,221.828126,rice
61,52,41,24.976695,83.891805,6.880431,204.800185,rice
85,52,41,22.659955,82.13968,5.635512,232.463839,rice
94,52,41,26.625025,82.292837,5.942581,191.469828,rice
91,50,41,20.864385,83.38272,6.436,230.410012,rice
97,50,41,24.529227,80.544986,7.07096,260.263403,rice
68,49,41,24.24857,80.386711,6.183597,260.524853,rice
85,49,41,25.530768,80.544942,5.908024,183.766137,rice
76,48,41,20.091757,81.969332,5.739346,265.514998,rice
91,48,41,20.4667,80.835373,6.620068,230.544956,rice
69,46,41,23.641248,80.285979,5.01214,263.11033,rice
73,46,41,20.896961,82.946534,6.219355,262.791505,rice
85,46,41,23.978982,82.788371,6.249051,276.655246,rice
69,45,41,23.363491,80.122675,5.006444,263.422495,rice
70,45,41,23.114723,80.483762,5.404489,263.051397,rice
72,45,41,22.339278,80.775049,5.982324,262.964603,rice
63,44,41,24.172988,83.728757,5.58337,257.034355,rice
73,43,41,23.522841,83.919123,6.685616,189.72646,rice
78,43,41,21.554387,80.86874,7.173047,205.429743,rice
79,39,41,23.966087,84.969072,6.114681,298.560118,rice
87,39,41,21.531466,84.037463,6.250653,277.083062,rice
85,38,41,21.587118,82.788371,6.249051,276.655246,rice
73,36,41,22.118147,80.122675,6.936478,198.688775,rice
76,35,41,25.639077,81.311082,6.864989,248.60307,rice
93,60,40,20.793119,84.371192,6.929545,279.731067,rice
72,58,40,21.913769,84.647839,5.641813,267.264252,rice
94,58,40,25.093777,82.541726,6.319775,270.556829,rice
68,57,40,23.134689,82.276452,6.364721,222.19428,rice
83,57,40,22.3034,80.122675,7.013125,225.342399,rice
65,56,40,24.765374,82.07478,6.342727,222.255455,rice
90,54,40,26.351708,81.424232,5.378824,266.76011,rice
62,53,40,24.018416,81.823354,6.926905,199.087348,rice
91,53,40,26.527235,81.417538,5.386168,264.61487,rice
94,53,40,20.277744,82.894086,5.718627,241.974195,rice
99,53,40,21.143475,81.417538,5.386168,264.61487,rice
68,52,40,24.12683,82.338515,6.465058,274.526037,rice
92,52,40,26.090789,81.226938,5.754195,263.664333,rice
89,51,40,21.422977,83.484048,6.192858,230.954259,rice
91,51,40,21.695817,83.99284,6.515006,230.276614,rice
91,50,40,20.974016,84.109969,6.471406,230.233199,rice
91,50,40,20.824771,84.134188,6.462392,230.224222,rice
90,49,40,20.94553,83.333222,6.484291,232.684596,rice
71,46,40,20.280194,82.123542,7.236705,191.953574,rice
71,46,40,20.280194,82.123542,7.236705,191.953574,rice
71,46,40,20.361343,82.163607,7.219292,191.88036,rice
74,46,40,26.491096,80.158363,7.236705,191.953574,rice
92,46,40,23.51328,81.266023,6.747864,206.595461,rice
63,44,40,23.702212,81.850092,5.391551,253.905884,rice
63,44,40,25.114112,83.562595,5.597995,251.247161,rice
85,44,40,23.569325,81.440328,6.085348,245.491114,rice
66,43,40,26.066321,84.615232,5.992045,185.485548,rice
77,42,40,21.701541,80.71349,7.039265,209.11364,rice
82,40,40,23.830675,84.813601,6.271479,298.560118,rice
69,39,40,23.273618,82.723254,7.05683,251.330001,rice
83,39,40,21.805329,82.487563,6.22975,276.766487,rice
86,38,40,24.20864,84.969072,6.120741,229.505549,rice
88,38,40,22.220513,82.889699,6.057697,279.046735,rice
60,37,40,23.359054,82.810889,6.028322,256.996476,rice
65,37,40,23.359054,83.595123,5.333323,188.413665,rice
83,37,40,22.108227,84.969072,6.075194,271.105806,rice
91,37,40,23.359054,83.595123,6.363472,188.413665,rice
73,35,40,24.889212,81.979271,6.462392,185.946143,rice
74,35,40,26.491096,80.158363,6.980401,242.864034,rice
74,35,40,24.912212,82.684385,5.005307,185.74525,rice
75,35,40,25.578231,83.101459,5.866378,184.978225,rice
88,35,40,23.579436,83.587603,5.853932,291.298662,rice
90,35,40,22.421684,82.206859,6.249112,204.415566,rice
92,35,40,22.179319,80.331272,6.357389,200.088279,rice
67,60,39,25.519963,83.121279,5.579982,214.725063,rice
73,60,39,20.439122,82.84966,6.733865,205.953232,rice
76,60,39,20.133136,80.39658,6.771776,208.718582,rice
76,60,39,20.045414,80.347756,6.76624,208.581016,rice
91,60,39,20.045414,80.347756,6.363472,208.581016,rice
67,58,39,25.282722,80.543728,5.453592,220.115671,rice
83,58,39,25.755286,80.300256,7.042299,231.086335,rice
98,58,39,26.548597,82.681294,6.131468,271.806076,rice
69,57,39,23.253355,82.84647,6.342249,222.056119,rice
89,57,39,26.22116,81.188321,6.407461,196.935152,rice
93,56,39,20.619741,84.419951,6.902282,278.456367,rice
94,53,39,26.252047,83.783768,5.578285,286.393858,rice
96,53,39,21.986878,81.578125,5.116611,268.840963,rice
98,52,39,21.18815,80.459307,5.614185,198.461145,rice
60,51,39,22.696578,82.810889,5.453592,220.115671,rice
60,48,39,24.373866,81.070303,7.055012,232.558798,rice
60,48,39,24.282094,80.300256,7.042299,231.086335,rice
91,48,39,21.875142,84.046846,6.815063,234.054395,rice
69,46,39,22.377647,80.614545,7.359325,254.62792,rice
90,46,39,24.02651,80.75696,7.509331,249.395317,rice
67,45,39,22.762958,82.305202,7.3101,259.707286,rice
91,44,39,23.800877,84.969072,7.614169,237.625683,rice
93,44,39,23.499895,83.134465,6.666498,188.879684,rice
67,43,39,26.04372,84.969072,7.300411,260.887506,rice
67,43,39,26.04372,84.969072,5.999969,186.753677,rice
79,43,39,21.666283,80.709606,7.062779,210.814209,rice
78,42,39,21.684502,80.711613,7.050628,209.935457,rice
80,42,39,21.965517,81.602165,7.199155,207.887171,rice
83,41,39,22.31567,80.620658,7.034724,209.424557,rice
81,40,39,22.271988,81.881936,7.714275,208.647995,rice
90,40,39,22.68591,82.955417,6.136236,293.319044,rice
75,39,39,23.906814,84.969072,7.474171,229.282902,rice
63,38,39,24.025608,84.969072,5.280359,182.561632,rice
75,38,39,23.370831,84.957496,6.209251,284.79968,rice
75,38,39,23.446768,84.793524,6.21511,283.933847,rice
83,38,39,24.477599,81.355223,6.464149,230.86862,rice
80,37,39,23.501593,84.295179,6.065853,286.977348,rice
85,37,39,24.527837,82.736856,6.364135,224.675723,rice
74,36,39,26.929951,82.265393,6.880997,238.953247,rice
91,36,39,23.796543,83.236846,5.694075,292.041056,rice
67,35,39,25.282722,80.543728,5.453592,220.115671,rice
74,35,39,26.494422,80.122675,7.01173,242.202599,rice
74,35,39,25.218151,82.515005,5.416384,185.484058,rice
76,35,39,22.179319,80.347756,6.76624,200.088279,rice
91,35,39,26.491096,80.158363,6.97086,242.864034,rice
91,35,39,23.79392,80.41818,6.97086,206.261186,rice
65,60,38,21.971994,81.899182,6.336254,221.209196,rice
66,60,38,22.085766,83.470383,6.372576,231.736496,rice
66,60,38,24.889212,83.470383,6.372576,185.946143,rice
68,60,38,25.940508,80.849279,5.527411,219.989841,rice
91,60,38,22.085766,83.470383,5.950648,267.976195,rice
66,59,38,22.955761,82.673946,6.122491,228.574094,rice
75,59,38,20.045414,80.122675,6.792193,213.145056,rice
85,59,38,25.777487,82.539659,6.620446,244.166876,rice
68,58,38,26.757542,81.17734,6.336254,272.299906,rice
68,58,38,23.223974,83.033227,6.336254,221.209196,rice
93,58,38,20.615214,83.773456,6.9324,279.545172,rice
67,57,38,23.527491,80.313222,5.925903,274.456446,rice
96,57,38,20.844484,84.969072,6.946055,276.716725,rice
69,56,38,23.431916,80.568878,5.700806,271.32486,rice
93,56,38,23.959404,82.116362,7.124717,188.736138,rice
69,55,38,22.708838,82.639414,5.700806,271.32486,rice
74,55,38,26.506105,84.969072,7.017595,256.147245,rice
91,55,38,24.327507,80.814427,6.080702,268.089334,rice
91,55,38,24.845036,80.956321,5.917299,267.271897,rice
99,55,38,21.023638,81.797945,5.435363,193.310292,rice
74,54,38,25.680235,83.375516,7.093063,217.422351,rice
74,54,38,25.655535,83.470211,7.120273,217.378858,rice
89,54,38,24.515881,80.568878,6.363472,269.503916,rice
89,54,38,24.515881,83.535216,6.685346,230.446236,rice
90,54,38,24.508939,84.969072,6.444901,237.546375,rice
97,54,38,20.909732,81.421662,5.28843,270.251294,rice
93,53,38,26.929951,81.914112,7.069172,290.679378,rice
93,53,38,26.824072,82.204521,6.838643,290.049197,rice
98,53,38,20.296682,81.820471,5.177606,271.215887,rice
98,53,38,20.267076,81.638952,5.014507,270.441727,rice
99,53,38,21.097975,80.654318,5.563997,196.666917,rice
99,51,38,20.738174,80.122675,5.008511,272.765985,rice
93,49,38,20.885536,84.358997,6.455154,230.626495,rice
69,46,38,22.708838,81.450616,7.502834,271.32486,rice
67,45,38,22.72791,82.170688,7.300411,260.887506,rice
88,45,38,21.177645,81.211268,6.402028,184.139131,rice
89,45,38,21.443564,80.122675,6.46577,184.279515,rice
84,44,38,23.371217,82.734957,5.06405,243.9658,rice
90,44,38,23.835095,83.883871,7.473134,241.201351,rice
90,44,38,23.835095,83.728744,7.473134,200.913316,rice
61,43,38,24.135531,83.408476,5.598428,256.746874,rice
82,43,38,23.286172,81.433216,5.105588,242.317063,rice
82,43,38,23.286172,81.433216,5.105588,242.317063,rice
82,43,38,23.286457,81.434492,5.10682,242.316482,rice
81,41,38,22.678461,83.728744,7.52408,200.913316,rice
82,41,38,22.828156,84.133102,7.531762,201.451437,rice
99,41,38,20.615214,83.773456,6.738652,279.545172,rice
67,40,38,25.282722,80.543728,7.592491,220.115671,rice
72,40,38,20.41447,82.208026,7.592491,245.15113,rice
72,40,38,20.41447,80.525861,6.134287,245.15113,rice
72,40,38,20.622935,81.75485,7.583588,244.008639,rice
75,40,38,23.013204,82.916107,7.574184,246.471808,rice
77,40,38,24.311012,83.609903,6.441017,291.008794,rice
78,40,38,26.464283,83.856427,7.549874,248.225649,rice
60,39,38,23.241135,80.300256,7.782051,231.086335,rice
74,39,38,23.241135,84.592018,7.782051,233.045346,rice
74,39,38,23.431916,84.592018,7.782051,233.045346,rice
74,39,38,23.241135,82.067191,7.782051,233.045346,rice
74,39,38,23.423971,84.4513,7.523311,232.886867,rice
83,39,38,25.755286,83.518271,5.875346,245.66268,rice
84,39,38,22.960315,82.892231,7.384292,202.264615,rice
88,38,38,24.179193,84.969072,6.561416,222.97082,rice
73,37,38,23.545282,84.969072,6.220624,273.899476,rice
76,37,38,26.862368,81.254475,6.15003,191.982598,rice
76,36,38,26.281603,81.372903,6.232962,195.509865,rice
73,35,38,24.889212,81.979271,5.005307,185.946143,rice
74,35,38,25.426753,81.839464,5.309965,188.27131,rice
78,35,38,25.818705,80.202171,6.138075,192.662368,rice
91,35,38,24.897282,80.525861,6.134287,183.679321,rice
92,35,38,23.286172,81.433216,6.357389,242.317063,rice
92,35,38,24.92342,81.413863,6.155338,183.282389,rice
97,35,38,24.897282,80.525861,6.939084,183.679321,rice
65,60,37,21.837176,84.706546,6.368359,231.729106,rice
67,60,37,21.245823,84.969072,6.118722,228.842813,rice
83,60,37,23.431916,80.568878,6.363472,269.503916,rice
94,59,37,20.231095,84.969072,6.662207,272.422867,rice
80,58,37,25.184,80.122675,7.062968,200.753659,rice
91,56,37,23.431916,80.568878,6.363472,269.503916,rice
93,56,37,20.53382,84.969072,6.776977,290.196009,rice
95,55,37,23.949304,81.513414,6.961055,184.697515,rice
98,54,37,21.002862,82.445117,5.579155,195.42462,rice
99,54,37,21.143475,80.335029,5.59482,198.673094,rice
87,52,37,22.762477,81.112741,6.440151,197.124583,rice
60,51,37,22.693673,83.151693,5.993143,257.529769,rice
60,50,37,22.481429,83.137586,6.020806,258.462117,rice
94,50,37,25.665852,80.66385,6.94802,209.586971,rice
71,49,37,24.369711,83.274739,7.173147,259.324293,rice
95,49,37,23.820825,82.051878,7.150125,226.144098,rice
93,47,37,21.533463,82.140041,6.500343,295.92488,rice
93,47,37,21.801806,82.236974,6.445655,295.38676,rice
98,47,37,23.483813,81.332651,7.375483,224.058116,rice
99,47,37,23.403464,81.341614,7.36186,225.570626,rice
69,45,37,22.706074,84.032421,7.491343,268.483908,rice
93,44,37,24.172988,82.140041,6.500343,295.92488,rice
81,43,37,24.502683,82.762581,6.578207,295.644428,rice
60,42,37,22.852814,81.336163,6.461009,248.310503,rice
73,42,37,20.469015,82.779029,7.606115,246.278648,rice
78,42,37,24.85792,82.987729,6.564769,295.58329,rice
79,42,37,24.873007,82.840226,6.587919,295.609449,rice
69,40,37,20.420272,82.59416,7.434625,246.266249,rice
74,39,37,23.128342,84.619765,7.795221,229.770446,rice
76,38,37,22.311513,81.619327,6.546874,227.308813,rice
95,37,37,24.02374,82.409077,5.55493,284.24886,rice
75,36,37,26.08409,81.6685,5.682519,191.114659,rice
77,36,37,26.884449,81.460337,6.136132,194.576656,rice
89,35,37,23.283735,84.601779,5.831945,289.53366,rice
91,35,37,24.897282,82.140041,6.134287,295.92488,rice
83,60,36,25.597049,80.145093,6.903986,200.834898,rice
84,60,36,25.426118,80.682725,6.914087,203.35305,rice
85,60,36,25.740654,80.122675,6.926036,202.199694,rice
93,60,36,22.085766,83.470383,6.372576,231.736496,rice
67,58,36,23.191526,83.665487,6.327133,219.300051,rice
89,58,36,21.325042,80.474764,5.875346,185.497473,rice
89,56,36,23.368232,82.020895,6.934994,191.062876,rice
93,56,36,24.014976,82.056872,6.984354,185.277339,rice
74,54,36,25.655535,80.192301,5.953933,217.378858,rice
75,54,36,26.294655,84.569193,7.023936,257.491491,rice
99,53,36,21.918467,80.201027,6.514779,277.781826,rice
95,52,36,26.251113,83.776069,5.591138,286.63898,rice
95,52,36,26.229169,83.836258,5.54336,286.508372,rice
60,51,36,22.696578,82.810889,6.028322,256.996476,rice
60,51,36,22.696578,81.035693,5.177823,233.703498,rice
95,49,36,25.116436,83.174567,7.124763,210.842033,rice
95,48,36,22.667068,81.742598,7.376924,223.900999,rice
99,46,36,23.432486,81.365442,7.409553,225.878627,rice
61,45,36,22.753022,82.315644,6.295815,251.483869,rice
89,45,36,21.325042,80.474764,6.442475,185.497473,rice
89,45,36,26.294655,80.474764,6.442475,185.497473,rice
90,45,36,23.759222,84.435177,7.514495,241.305252,rice
95,44,36,24.769258,83.414334,5.554491,285.731472,rice
93,43,36,22.657046,81.441395,6.568397,184.249283,rice
61,42,36,22.786317,81.329717,6.420344,249.166094,rice
62,42,36,22.781338,82.067191,6.43001,248.718323,rice
62,42,36,22.781338,84.673536,7.072656,183.622266,rice
64,42,36,22.506123,80.122675,6.478255,250.353241,rice
77,42,36,24.774416,84.416246,6.60041,298.560118,rice
94,42,36,22.942667,82.752431,5.932423,289.467797,rice
96,42,36,23.60357,82.128284,6.657876,183.362318,rice
99,42,36,23.64743,83.016331,6.959403,182.561632,rice
94,41,36,24.458021,82.748356,6.94802,182.561632,rice
99,41,36,24.458021,82.748356,6.738652,182.561632,rice
93,40,36,23.836556,84.969072,5.470732,276.048636,rice
95,40,36,24.149029,83.037125,5.70188,285.755287,rice
95,39,36,23.863305,83.152508,5.561399,285.249364,rice
95,39,36,23.863305,82.148087,5.561399,193.347399,rice
77,38,36,21.865252,80.192301,5.953933,224.555017,rice
78,38,36,22.061483,80.379832,5.984165,224.563913,rice
76,37,36,22.105957,80.281467,5.919053,222.631059,rice
76,37,36,26.929951,84.036616,6.336787,198.306457,rice
83,60,35,25.496306,80.712583,6.924973,198.816167,rice
86,59,35,22.228698,82.11124,6.939084,278.079179,rice
86,59,35,25.787206,82.11124,6.946636,243.512041,rice
86,59,35,25.429775,82.11124,6.946636,195.357454,rice
98,58,35,26.929951,82.856238,5.749465,272.493189,rice
96,57,35,26.929951,81.558409,5.980519,264.0939,rice
97,57,35,26.827615,80.225719,5.949779,272.145177,rice
98,57,35,26.789872,80.450225,5.934004,271.101446,rice
99,57,35,26.757542,81.17734,5.96037,272.299906,rice
93,55,35,24.065468,81.752823,7.006203,183.826975,rice
99,55,35,21.723831,80.23899,6.501698,277.962619,rice
74,54,35,26.336265,84.461229,7.017733,258.988706,rice
95,54,35,23.129526,80.122675,6.90243,182.561632,rice
76,53,35,25.817875,83.938075,7.035793,257.811034,rice
94,53,35,26.548095,83.655055,5.575563,285.957348,rice
96,52,35,26.477862,83.183463,5.538692,285.982407,rice
84,51,35,22.301574,80.644165,6.043305,197.979122,rice
90,46,35,21.883303,80.122675,6.275309,183.273256,rice
71,45,35,25.426086,82.59109,5.761561,197.921202,rice
72,45,35,25.429775,82.946826,5.758506,195.357454,rice
81,45,35,26.528728,80.122675,6.158377,218.916357,rice
81,44,35,26.204274,80.122675,6.171662,217.599249,rice
82,44,35,26.66575,82.840293,5.962103,214.023854,rice
83,44,35,26.721016,80.907362,5.995122,215.015145,rice
63,43,35,22.534462,81.152507,6.506261,250.433069,rice
72,42,35,22.781338,82.067191,5.758506,195.357454,rice
143,58.88,74.98,34.31,72.96,7.24,125.61,sugarcane
195.74,35.35,74.91,32.83,81.57,6.44,102.15,sugarcane
128.65,67.11,74.89,22.48,82.95,6.93,246.01,sugarcane
193.83,67.75,74.34,26.15,84.39,6.65,152.13,sugarcane
190.61,46.08,74.34,24.25,69.04,6.28,234.1,sugarcane
128.7,59.68,74.25,32.11,70.2,6.95,181,sugarcane
146.4,39.75,74.22,25.44,66.34,6.89,210.83,sugarcane
184.14,53.85,74.16,32.15,67.53,7.01,148.77,sugarcane
134.53,48.42,74.14,35.7,79.02,7.09,184.31,sugarcane
118.85,61.9,74.08,23.63,65.17,6.65,113.89,sugarcane
154.66,50.22,74.07,23.77,73.45,6.06,210.99,sugarcane
177.35,40.23,73.79,29.26,69.72,6.11,125.46,sugarcane
135.01,37.31,73.76,36.14,83.56,7.49,126.08,sugarcane
196.06,42.88,73.06,37.92,79.23,7.47,185.43,sugarcane
165.45,45.93,73.03,24.42,73.65,7.42,162.96,sugarcane
105.66,49.96,72.78,32.27,78.43,6.95,129.85,sugarcane
192.44,73.84,72.77,29.59,82.24,7.27,147.87,sugarcane
179.26,71.32,72.75,37.36,75.43,7.47,213.6,sugarcane
162.42,39.68,72.59,32.04,71.7,6.21,219.1,sugarcane
187.47,56.16,72.56,34.78,84.96,6.53,215.08,sugarcane
193.2,39.1,72.49,33.01,66.36,6.45,206.23,sugarcane
193.26,39.75,72.35,32.94,75.63,6.05,171.34,sugarcane
196.15,61.71,72.33,26.25,77.23,7.02,147.63,sugarcane
150.89,49.77,72.32,35.24,78.94,7.07,169.26,sugarcane
173.3,61.35,72.26,35.14,76.33,6.99,234.76,sugarcane
122.61,67.69,72.22,23.53,74,6.51,230.6,sugarcane
159.69,72.13,72.17,27.47,75.55,6.32,249.34,sugarcane
105.62,54.64,72.08,23.69,80.29,6.61,198.28,sugarcane
151.04,60.06,72.06,22.31,74.54,7.03,208.41,sugarcane
173.64,72.37,72.02,29.21,67.26,7.48,225.83,sugarcane
113.12,36.3,71.83,31.87,80.93,6.72,117.6,sugarcane
136.1,38.66,71.69,24.19,84,6.67,127.77,sugarcane
182.24,69.3,71.67,28.9,71.38,6.87,155.68,sugarcane
127.68,58.69,71.49,25.37,77.46,6.95,209.97,sugarcane
113.16,63.63,71.36,24.87,69.75,7.46,127.15,sugarcane
192.92,51.2,71.24,27.14,74.53,6.34,196.07,sugarcane
175.39,58.12,71.17,35.08,80.14,6.08,101.03,sugarcane
101.1,40.48,71,35.98,76.95,6.9,199.76,sugarcane
181.48,38.2,70.79,30.76,81.35,6.68,196.54,sugarcane
162.01,56.34,70.76,34.62,68.03,6.47,137.27,sugarcane
158.3,51.86,70.71,35.08,71.84,6.39,156.95,sugarcane
189.41,72.86,70.7,28.71,80.61,6.71,174.63,sugarcane
116.99,42.8,70.62,34,83.16,7.14,189.57,sugarcane
184.81,72.89,70.39,33.83,70.55,6.42,244.5,sugarcane
175.27,41.34,70.23,35.95,65.58,7.24,119.33,sugarcane
144.41,56.27,69.94,37.93,76.65,7.22,149.04,sugarcane
165.32,72.53,69.85,34.26,80.77,7,139.04,sugarcane
112.47,71.83,69.8,30.3,76.83,6.6,108.21,sugarcane
127.11,58.91,69.64,37.15,67.12,6.23,241.71,sugarcane
114.69,48.71,69.59,24.48,66.65,6.73,145.36,sugarcane
198.1,54.34,69.54,31.42,72.51,6.43,130.48,sugarcane
188.87,73.23,69.49,34.95,78.1,6.83,113.05,sugarcane
191.81,46.2,69.33,26.68,83.22,7.13,220.74,sugarcane
124.32,63.89,69.23,35.28,72.94,7,130.75,sugarcane
168.33,38.05,69.05,29.92,74.61,6.89,223.7,sugarcane
133.03,57.57,69.02,25.22,83.69,7.03,223.49,sugarcane
164.65,73.97,68.88,22.38,82.97,7.17,217.06,sugarcane
197.92,61.95,68.88,27.19,78.53,6.89,190.47,sugarcane
185.4,52.57,68.88,36.29,66.25,7.33,167.25,sugarcane
199.62,68.02,68.79,25.98,76.53,6.1,114.24,sugarcane
120.92,37,68.75,37.7,80.86,7.28,136.3,sugarcane
131.39,56.52,68.6,37.83,82.79,6.56,129.27,sugarcane
160.97,62.99,68.53,34.84,84.22,6.8,173.27,sugarcane
155.07,51.13,68.35,35.03,77.24,6.56,138.3,sugarcane
162.49,57.87,68.31,36.5,65.24,7.01,107.78,sugarcane
134.89,72.18,68.22,37.44,67.49,7.1,240.75,sugarcane
151.98,48.48,68.16,28.89,69.97,6.93,206.02,sugarcane
118.18,41.27,68.09,22.67,73.38,6.25,231.9,sugarcane
188.84,59.12,68.07,37.74,70.77,7.44,158.42,sugarcane
157.76,49.37,67.94,35.13,74.55,6.53,154.38,sugarcane
183.85,67.2,67.92,36.92,75.89,6.3,192.52,sugarcane
182.38,73.2,67.85,22.03,77.73,6.08,138.64,sugarcane
143.48,44.86,67.76,34.79,78.89,6.41,188.53,sugarcane
187.72,50.7,67.66,29.03,72.54,6.69,145.21,sugarcane
122.12,50.24,67.34,35.18,72.69,6.69,145.49,sugarcane
198.11,60.98,67.18,33.44,76.86,6.08,168.21,sugarcane
107.41,50.02,67.15,28.94,84.94,6.84,148.17,sugarcane
186.26,42.17,67,30.84,72.93,6.2,229.79,sugarcane
101.97,39.16,67,24.86,78.05,6.36,114.92,sugarcane
145.14,41.54,66.79,33.1,69.42,6.12,202.07,sugarcane
141.93,35.72,66.71,23.1,74.49,6.84,194.26,sugarcane
100.07,69.83,66.7,32.04,80.01,6.23,168.75,sugarcane
184.27,47.53,66.56,36.27,73.68,7.36,156.6,sugarcane
121.83,73,66.45,23.43,73.35,7.32,241.71,sugarcane
140.45,37.73,66.35,26.57,73.66,7.03,149.87,sugarcane
194.68,51.01,66.33,26.25,84.81,6.04,190.53,sugarcane
118.55,69.74,66.06,34.33,81.9,7.14,193.93,sugarcane
112.56,35.68,65.81,34.91,67.4,6.4,102.63,sugarcane
129.41,43.41,65.61,26.05,82.31,6.15,118.89,sugarcane
140.76,68.1,65.58,31.18,84.12,6.3,116.39,sugarcane
177.98,39.28,65.44,30.66,84.26,6.51,194.89,sugarcane
181.49,66.12,65.43,25,66.77,7.05,155.25,sugarcane
158.1,74.63,65.27,29.08,79.15,6.58,134.33,sugarcane
180.67,74.39,65.17,28.29,76.81,6.99,111.77,sugarcane
108.35,43.45,65.1,22.82,74.85,6.66,150.16,sugarcane
112.1,51.76,65.05,23.14,66.6,6.53,241.26,sugarcane
199.89,48.07,64.93,34.91,82.16,7.5,136.22,sugarcane
123.33,60.01,64.88,25.5,66.2,6.2,190.9,sugarcane
100.38,44.87,64.64,27.06,67.04,6.54,140.56,sugarcane
118.12,37.66,64.64,31.19,81.84,6.21,219.29,sugarcane
173.79,68.37,64.62,24.29,80.07,7.15,198.78,sugarcane
134.63,48.88,64.5,29.24,69.49,6.68,121.13,sugarcane
183.09,39.8,64.4,30.5,70.76,6.74,144.99,sugarcane
184.94,36.8,64.37,27.46,74.57,7.39,149.8,sugarcane
106.25,53.36,64.31,31.71,78.46,6.12,242.72,sugarcane
154.19,69.92,64.29,34.9,78.18,7.04,227.38,sugarcane
167.74,52.14,64.26,35.19,67.93,7.25,181.04,sugarcane
189.03,38.18,64.26,25,82.16,7.23,181.12,sugarcane
192.1,62.78,64.16,35.79,70.48,7.21,129.29,sugarcane
101.8,73.51,64.07,26.88,81.59,6.42,230.91,sugarcane
157.87,52.54,64.01,29.79,82.47,7.35,163.26,sugarcane
141.86,53.34,64,31.19,78.34,7.17,229.33,sugarcane
161.26,69.95,63.96,23.93,83.05,6.1,180.1,sugarcane
196.4,71.38,63.89,30.53,82.4,6.2,218.58,sugarcane
116.17,54.08,63.73,25.96,77.81,7,124.4,sugarcane
100.44,41.68,63.52,32.66,84.32,7.14,242.62,sugarcane
130.29,48.01,63.5,35.07,68.63,6.56,235.29,sugarcane
105.2,56.65,63.36,35.94,79.28,7.2,150.92,sugarcane
185.06,69.69,63.33,35.39,78.95,7.02,192.79,sugarcane
169.67,71.9,63.29,24.44,76.53,6.91,163.62,sugarcane
101.03,63.64,63.25,31.96,84.8,6.47,151,sugarcane
163.02,44.94,63.22,28.84,73.85,6.97,240.44,sugarcane
142.89,56.64,62.86,33.23,68.43,6.75,161.79,sugarcane
139.62,65.33,62.84,24.46,81.32,6.34,133.57,sugarcane
126.95,42.64,62.79,25.5,76.91,6.4,199.3,sugarcane
112.83,58.14,62.74,33.21,80.07,7.31,174.99,sugarcane
179.62,45.88,62.69,26.22,83.78,6.95,148.68,sugarcane
105.03,37.11,62.68,29.33,69.53,6.92,137.93,sugarcane
160.11,63.22,62.54,27.99,68.34,6.65,121.39,sugarcane
198.8,53.16,62.53,24.25,74.71,6.04,175.82,sugarcane
196.41,38.57,62.48,29.9,72.75,6.95,205.58,sugarcane
105.95,59.15,62.46,23.83,72.68,6.68,155.36,sugarcane
148.86,65.82,62.33,29.13,70.47,7.5,163.93,sugarcane
180.99,45.19,62.26,34.16,76.91,6.71,161.78,sugarcane
177.28,44.48,62.1,31.05,83.58,6.58,109.92,sugarcane
190.03,66.69,62.05,32.87,83.92,6.44,100.17,sugarcane
130.57,51.11,61.9,32.92,71.3,6.2,194.86,sugarcane
170.51,53.21,61.71,35.4,68.39,6.03,216.87,sugarcane
127.2,43.72,61.47,32.14,76.87,6.02,209.32,sugarcane
115.62,63.64,61.36,22.43,69.44,6.35,200.78,sugarcane
126.85,46.5,61.27,37.5,77.07,6.12,111.34,sugarcane
140.77,41.45,61.26,37.54,76.24,7.07,110.27,sugarcane
169.36,65.84,61.19,24.43,82.52,6.81,142.37,sugarcane
121.31,36.25,61.07,27.9,82.29,6.71,245.23,sugarcane
172.23,63.8,60.65,33.1,75.85,6.38,151.85,sugarcane
158.95,59.53,60.51,25.87,79.28,6.14,129.89,sugarcane
193.43,71.66,60.42,32.08,73.06,7.13,179.69,sugarcane
140.19,54.2,60.1,35.98,84.68,7.15,162.67,sugarcane
144.93,58.43,59.99,23.15,78.65,6.36,207.09,sugarcane
159.03,45.72,59.97,28.55,76.04,6.65,144.17,sugarcane
103.89,68.48,59.78,31.01,77.49,7.3,188.04,sugarcane
162.59,70.44,59.63,25.73,65.49,7.31,103.19,sugarcane
176.61,68.84,59.54,23.42,74.75,6.12,161.13,sugarcane
141.77,39.65,59.51,37.02,78.24,6.12,153.2,sugarcane
158.62,55.24,59.46,22.29,82.44,7.4,184.77,sugarcane
173.8,38.31,59.13,25.93,72.79,6.43,153.35,sugarcane
182.89,36.48,58.85,25.68,67.41,6.12,204.44,sugarcane
199.69,55.09,58.82,23.07,80,6.31,234.71,sugarcane
125.95,52.48,58.74,23.17,77.45,7.47,128.52,sugarcane
185.23,61.71,58.73,36.28,68.71,6.12,135.93,sugarcane
118.16,71.34,58.34,28.41,74.24,7.42,123,sugarcane
179.46,36.39,58.31,37.93,82.11,6.78,109.55,sugarcane
153.7,58.72,58.2,23.46,82.55,6.4,119.43,sugarcane
158.16,52.46,58.2,30.27,80.18,6.42,152.96,sugarcane
117.55,57.71,58.17,29.83,77.89,6.34,182.9,sugarcane
165.41,70.57,58.15,32.12,68.13,6.71,207.46,sugarcane
162.24,66.25,58.13,24.35,81.22,6.95,158.22,sugarcane
191.84,73.04,58.08,27.71,80.75,6.38,184.61,sugarcane
151.41,47.34,57.92,27.2,65.79,6.41,100.96,sugarcane
140.19,41.15,57.9,26.43,83.43,6.87,188.93,sugarcane
174.39,36.34,57.8,34.2,82.54,6.51,223.19,sugarcane
192.52,42.22,57.72,36.65,65.68,7.05,144.6,sugarcane
171.9,46.88,57.66,29.62,78.27,7.41,209.89,sugarcane
134.78,62.12,57.63,26.27,82.57,7.2,198.77,sugarcane
190.72,61.83,57.42,23.78,73.94,6.69,229.68,sugarcane
127.02,73.66,57.31,27.56,76.61,6.21,166.61,sugarcane
132.35,61.6,57.26,27.48,67.69,6.14,224.73,sugarcane
182.25,67.16,57.1,30.32,67.86,7.16,140.71,sugarcane
180.45,65.91,56.94,23.06,80.33,6.88,217.29,sugarcane
170.49,67.69,56.86,37.47,66.03,6.76,207.77,sugarcane
180.7,53.39,56.86,28.93,65.88,6.25,166.83,sugarcane
139.77,73.95,56.77,26.4,79.19,6.41,235.64,sugarcane
138.55,48.62,56.66,24.47,76.07,6.81,214.29,sugarcane
111.26,63.15,56.63,23.54,69.84,6.02,170.32,sugarcane
187.05,60.26,56.3,23.85,77.11,6.18,150.58,sugarcane
103.24,61.35,56.29,23.65,68.45,6.85,144.45,sugarcane
149.29,51.17,56.24,31.52,65.2,6.7,244.52,sugarcane
183.49,74.38,56.03,24.75,70.45,6.03,237.14,sugarcane
101.92,68.07,55.99,34.4,69.69,6.52,104.52,sugarcane
174.29,64.52,55.86,23.1,72.42,7.38,187.67,sugarcane
175.17,67.12,55.72,24.25,78.42,6.93,211.34,sugarcane
129.33,65.93,55.72,27.57,72.43,6,144.97,sugarcane
187.9,57.87,55.7,28.89,71.34,6.65,216.08,sugarcane
195.76,57.63,55.58,23.36,75.98,6.57,191.07,sugarcane
164.29,62.77,55.51,26.88,69.25,6.05,145.59,sugarcane
176.18,50.46,55.45,29.88,76.55,7.3,247.11,sugarcane
106.9,72.63,55.28,28.55,81.22,7.25,149.83,sugarcane
160.07,64.74,55.25,32.15,66.42,6.38,154.28,sugarcane
139.27,57.13,55.13,25.1,82.18,7.02,225.69,sugarcane
155.7,44.26,55.1,33.7,84.16,6.33,232.93,sugarcane
196.81,52.87,55.06,25.95,74.42,6.99,212.68,sugarcane
157.69,57.56,55.01,23.11,66.8,6.9,151.14,sugarcane
156.51,65.87,54.96,22.19,65.18,6.54,238.93,sugarcane
150.74,69.97,54.74,33.24,84.86,6.2,141.21,sugarcane
148.94,64.67,54.7,29.73,81.76,6.54,228.97,sugarcane
135.12,38.75,54.45,36.73,65.8,6.44,131.13,sugarcane
142.87,36.17,54.24,32.6,67.37,6.43,159.68,sugarcane
171.02,47.57,53.85,35.15,74.19,6.54,174.13,sugarcane
123.81,71.34,53.72,29.46,80.21,6.23,173.09,sugarcane
140.68,48.13,53.16,34.2,67.52,6.29,242.72,sugarcane
114.2,48.92,53.01,33.98,78.02,6.93,152.86,sugarcane
160.19,70.7,52.74,31.71,77.63,6.89,205.4,sugarcane
145.33,55.98,52.63,28.41,76.19,6.23,127.29,sugarcane
165.43,41.08,52.61,31.84,66.67,7.32,220.54,sugarcane
185.88,64.93,52.57,31.77,68.21,7.01,126.89,sugarcane
174.84,71.58,52.36,26.14,73.69,7.09,101.36,sugarcane
195.68,55.02,52.31,29.32,69.18,6.55,155.47,sugarcane
112.52,62.42,52.21,25.21,74.83,6.1,187.3,sugarcane
168.25,58.01,52.16,26.41,80.37,6.34,203.85,sugarcane
114.21,35.47,51.88,26.72,74.72,6.87,106.56,sugarcane
186.84,72.06,51.79,22.81,65.79,6.86,158.93,sugarcane
117.64,54.93,51.76,36.64,72.25,6.87,194.84,sugarcane
117.54,71.58,51.75,28.13,75.38,6.07,124.94,sugarcane
150.52,73.69,51.71,37.75,78.36,6.95,124.89,sugarcane
130.72,56.86,51.69,24.56,68.42,6.63,213.59,sugarcane
105.24,65.7,51.66,35.15,82.01,6.32,198.6,sugarcane
110.59,49.2,51.53,32.81,78.16,6.11,159.29,sugarcane
121.24,61.54,51.45,28.44,82.69,7.34,236.38,sugarcane
129.73,44.2,51.45,25.85,78.45,7.24,200.96,sugarcane
139.46,51.87,51.44,36.52,79.28,6.91,146.41,sugarcane
105.02,37.92,51.11,26.72,69.65,6.42,220.52,sugarcane
162.62,54.56,51.07,37.9,82.61,6.94,185.41,sugarcane
129.35,72.27,50.88,23.39,77.34,6.17,151.78,sugarcane
103.32,38.14,50.88,24.12,76.35,7.03,220.09,sugarcane
197.84,73.63,50.81,33.65,71.92,7.01,220.81,sugarcane
162.07,43.05,50.81,22.63,74.51,6.81,134.16,sugarcane
189.8,38.37,50.72,23.6,65.33,6.99,190.37,sugarcane
159.3,41.54,50.64,37.51,70.16,6.99,148.78,sugarcane
106.7,70.09,50.58,30.67,84.36,6.1,197.25,sugarcane
194.71,54.85,50.22,24.61,80.72,7.1,157.65,sugarcane
128.1,41.94,50.19,34.82,72.84,7.13,118.82,sugarcane
184.47,52.25,50.16,36.64,70.02,7.27,172.6,sugarcane
183.55,35.59,50.16,27.4,65.39,6.19,162.05,sugarcane
186.18,72.84,49.93,26.33,77.88,6.61,103.81,sugarcane
167.48,62.1,49.92,37.07,68.35,6.75,203.63,sugarcane
122.01,49.02,49.9,23.1,72.39,6.7,208.41,sugarcane
153.83,45.75,49.74,36.33,78.33,7.18,168.15,sugarcane
189.02,46.5,49.71,22.93,67.23,6.77,140.14,sugarcane
137.45,66.91,49.7,23.39,76.14,7.27,219.39,sugarcane
166.86,62.15,49.48,31.5,65.2,6.95,236.99,sugarcane
114.92,45.73,49.44,28.54,78.59,6.09,105.2,sugarcane
197.9,59.14,49.31,32.37,67.46,7.33,175.46,sugarcane
100,63.49,49.26,26.07,65.26,6.81,227.67,sugarcane
112.97,45.26,49.21,32.78,66.25,6.32,221.35,sugarcane
195.28,48.07,49.18,30.09,83.82,7.31,115.39,sugarcane
153.56,49.28,49.15,35.26,80.79,6.46,237.07,sugarcane
140.71,37.64,48.95,23.78,81.16,7.42,110.85,sugarcane
170.46,51.91,48.86,28.36,70.29,6.31,172.46,sugarcane
106.74,58.29,48.84,31.93,65.91,7.31,246.02,sugarcane
174.27,52.02,48.84,27.94,84.75,6.06,230.05,sugarcane
167.41,45.4,48.81,36.68,70.81,6.7,233.52,sugarcane
112.3,57.35,48.73,33.67,78.05,7.27,203.87,sugarcane
103.05,43.18,48.62,30.17,77.3,7.37,176.48,sugarcane
121.92,74.03,48.48,24.91,80.79,6.99,174.73,sugarcane
153.26,37.07,48.46,24.15,66.27,7.48,148.35,sugarcane
184.33,54.4,48.35,34.66,74.03,6.28,228.25,sugarcane
103.9,61.67,47.92,36.37,82.76,6.49,235.14,sugarcane
165.16,64.54,47.63,32.32,72.9,7.07,129.88,sugarcane
127.09,43.09,47.55,25.86,69.3,6.64,236.18,sugarcane
151.9,62.1,47.47,34.38,80.46,6.78,246.4,sugarcane
107.17,51.39,47.45,32.83,77.12,6.55,132.68,sugarcane
126.9,66.9,47.41,29.28,65.23,6.11,158.87,sugarcane
154.89,46.51,47.27,27.65,77.43,6.5,209.9,sugarcane
145.8,50.92,47.12,23.05,69.56,6.37,172.61,sugarcane
183.36,52.62,47.09,26.15,68.89,6.09,151.37,sugarcane
195.51,55.9,46.98,23.23,75.01,7.19,206.06,sugarcane
169.25,40.38,46.98,27.74,81.09,6.42,131.61,sugarcane
130.13,58.93,46.89,26.8,79.86,6.07,235.43,sugarcane
126.53,59.06,46.86,33.43,80.18,6.15,177.08,sugarcane
154.81,41.99,46.84,32.62,84.31,6.08,233.56,sugarcane
106.4,67.99,46.7,29.1,65.44,6.45,175.39,sugarcane
147.99,59,46.67,33.12,82.2,7.17,105.94,sugarcane
115.73,47.39,46.6,35.94,78.45,7.2,137.57,sugarcane
157.78,69.64,46.58,29.48,77.39,6.62,164.12,sugarcane
175.62,53.34,46.57,36.4,67.32,7.43,147.1,sugarcane
118.28,68.03,46.43,36.83,84.4,6.86,121.45,sugarcane
119.61,59.43,46.23,25.31,75.33,6.01,101.15,sugarcane
196.78,52.59,46.13,34.77,71.53,6.45,134.88,sugarcane
112.48,66.77,46.03,36.03,83.88,6.22,169.4,sugarcane
142.99,61.92,46.02,26.9,80.78,6.67,219.76,sugarcane
169.71,60.95,46.01,24.5,77.72,6.9,126.9,sugarcane
163.85,50.9,45.97,37.74,73.19,7.34,134.49,sugarcane
111.78,58.06,45.96,30.87,78.03,7.24,130.96,sugarcane
131.39,62.64,45.87,25.05,68.69,6.51,164.49,sugarcane
142.52,35.9,45.75,30.67,77.67,6.39,120.9,sugarcane
121.49,36.25,45.49,31.52,66.03,6.74,189.53,sugarcane
107.89,52.71,45.44,27.49,81.69,7.4,127.86,sugarcane
140.85,49.91,45.39,33.57,74.92,6.12,133.03,sugarcane
143.23,36.25,45.38,22.54,82.58,6.37,183.6,sugarcane
101.54,58.32,45.12,29.2,84.15,6.6,225.97,sugarcane
101.51,73.6,45.04,32.82,79.13,6.92,146.94,sugarcane
185.44,54.69,44.89,35.93,73.91,6.77,153.89,sugarcane
195.79,56.19,44.68,30.01,78.59,6.11,141.21,sugarcane
148.05,39.2,44.68,37.79,67.85,6.75,192.72,sugarcane
135.86,61.27,44.62,25.07,83.36,6.15,175.89,sugarcane
142.14,64.5,44.55,23.77,72.09,6.43,144.45,sugarcane
102.5,52.96,44.5,22.79,79.49,6.17,191.25,sugarcane
174.76,55.11,44.29,36.39,72.68,6.82,235.97,sugarcane
131.28,61.17,44.28,22.23,80.29,6.94,214.35,sugarcane
160.77,55.51,44.23,24.82,69.41,6.28,216.94,sugarcane
155.54,63.77,44.14,37.94,84.5,6.98,129.93,sugarcane
105.46,73.92,44.05,26.87,71.08,6.35,100.22,sugarcane
172.93,73.67,43.97,32.61,79.84,7.27,163.39,sugarcane
135.43,39.21,43.89,30.31,77.16,6.37,108.66,sugarcane
122.87,60.37,43.88,27.15,81.96,7.09,114.31,sugarcane
124.97,54.58,43.85,37.8,83.88,6.06,205.84,sugarcane
117.51,61.91,43.82,25.49,82.48,6.37,139.49,sugarcane
139.1,44.37,43.78,37.36,77.33,6.84,162.37,sugarcane
147.23,70.21,43.63,32.85,77.16,6.44,120.49,sugarcane
188.29,61.36,43.45,35.81,82.72,6.29,210.61,sugarcane
180.57,48.13,43.36,23.36,74.33,6.72,226.14,sugarcane
114.28,62.68,43.25,28.27,82.91,6.31,176.17,sugarcane
173.65,70.32,43.11,31.4,79.02,7.02,161.22,sugarcane
139.19,62.89,42.74,32.26,70.2,7.33,234.35,sugarcane
173.02,59.77,42.47,22.41,70.69,6.66,192.57,sugarcane
120.47,58.65,42.45,27.31,82.1,6.31,110.67,sugarcane
106.75,55.75,42.17,37.53,67.27,6.61,210.68,sugarcane
101.31,61.54,42.12,37.38,67.97,6.62,112.8,sugarcane
168.63,37.79,42,35.69,69.54,7.26,141.89,sugarcane
182.82,48.41,41.95,33.39,81.52,6.15,135.98,sugarcane
154.45,63.37,41.69,34.49,76.68,7.43,106.36,sugarcane
146.74,59.54,41.68,37.86,69.63,7.41,197.45,sugarcane
159.61,52.35,41.58,23.87,75.93,7.35,151.59,sugarcane
120.16,41.55,41.57,35.03,78.3,6.78,153.82,sugarcane
188.19,52.1,41.49,22.2,76.2,6.79,207.9,sugarcane
139.46,56.2,41.45,31.15,81.11,7.14,123.08,sugarcane
133.51,64.74,41.43,35.09,81.64,6.76,100.96,sugarcane
126.02,41.38,41.42,23.13,68.71,7,232.25,sugarcane
191.51,56.32,41.32,33.13,80.87,6.48,228.58,sugarcane
108.12,74.7,41.25,37.81,84.55,7.19,198.91,sugarcane
182.44,50.88,41.25,33.81,72.21,7.01,140.6,sugarcane
189.01,48.84,41.18,22.41,77.92,6.96,151.09,sugarcane
170.77,37.49,40.89,22.13,77.62,6.67,120.14,sugarcane
191.73,51.26,40.73,33.44,70.87,6.79,204.67,sugarcane
137.22,61.47,40.65,31.13,68.71,6.42,132.81,sugarcane
194.85,65.54,40.6,35.9,74.75,7.34,219.98,sugarcane
147.25,36.83,40.6,26.43,84.43,6.5,172.31,sugarcane
156.34,67.15,40.49,31.29,75.11,6.22,193.6,sugarcane
149.67,46.37,40.35,32.07,66.09,7.12,147.64,sugarcane
196.89,64.99,40.2,34.13,65.49,6.03,148.54,sugarcane
104.04,51.45,40.2,22.36,72.21,7.18,184.93,sugarcane
142.52,36.5,40.11,34.25,65,6.62,178.38,sugarcane
111.06,68.86,40.1,28.36,80.95,6.22,134.39,sugarcane
165.95,62.52,39.82,37.02,68.62,6.93,133.4,sugarcane
169.39,44.18,39.7,24.64,65.04,7.08,209.86,sugarcane
183.14,58.96,39.6,23.5,83.19,7,224.39,sugarcane
181.41,62.41,39.42,26.63,71.2,6.37,177.25,sugarcane
121.91,36.47,39.32,27.42,81.05,6.86,176.9,sugarcane
133.42,65.84,39.26,23.2,79.56,6.74,203.26,sugarcane
170.25,46.92,39.21,34.51,77.88,6.07,154.01,sugarcane
120.02,41.7,39.18,32.18,79.13,6.05,240.43,sugarcane
123.74,55.49,39.17,28.15,74.75,6.98,242.58,sugarcane
191.84,60.99,39.14,28.43,79.58,7.17,117.73,sugarcane
141.83,65.04,39.05,26.45,70.53,6.65,247.06,sugarcane
146.91,45.74,39.04,24.68,67.95,7.46,213.89,sugarcane
138.87,44.61,38.8,27.04,66.93,6.27,248.1,sugarcane
195.14,46.89,38.68,31.58,77.47,6.97,140.11,sugarcane
185.25,72.52,38.4,28.17,66.42,6.32,134.4,sugarcane
151.49,41.45,38.34,22.31,68.31,7.34,136.23,sugarcane
127.36,54.51,38.29,29.35,71.13,7.23,108.55,sugarcane
152.64,64.26,38.27,22.97,69.94,6.24,230.77,sugarcane
146.53,35.55,38.26,26.14,65.56,6.95,163.96,sugarcane
150.71,42.52,38.08,33.14,72.66,7.23,198.93,sugarcane
188.26,53.65,38.03,28.21,81.07,7.35,130.52,sugarcane
154.45,73.51,38.02,27.85,69.51,6.29,121.12,sugarcane
133.99,63.99,37.61,27.04,75.79,7.19,147.81,sugarcane
146.5,68.9,37.5,27.36,66.34,7.46,222.55,sugarcane
137.25,72.15,37.47,23.48,68.26,6.89,122.57,sugarcane
174.74,53.95,37.31,37.32,83.85,7.18,248.7,sugarcane
137.47,56.99,37.02,28.82,81.65,7.21,133.65,sugarcane
100.01,55.45,36.87,26.42,79.14,6.09,225.9,sugarcane
191.95,74.73,36.8,34.18,72.43,6.59,213.14,sugarcane
196.4,50.37,36.56,22.5,72.76,6.24,103.5,sugarcane
120.51,42.63,36.46,29.55,76.3,6.1,216.33,sugarcane
122.09,36.56,36.44,24.8,82.34,6.42,242.57,sugarcane
150.13,37.01,36.4,30.82,73.76,7.26,124.1,sugarcane
135.49,37.08,36.27,28.77,66.69,6.91,232.15,sugarcane
168.02,37.89,36.23,26.12,74.25,7.3,209.08,sugarcane
116.3,44.35,35.95,35.36,84.49,6.2,134.72,sugarcane
123.36,36.68,35.71,37.8,73.56,6.58,201.95,sugarcane
155.62,66.18,35.65,35.09,65.8,7.33,248.79,sugarcane
187.75,64.55,35.55,25.97,69.29,6.41,137.13,sugarcane
129.31,70.85,35.52,23.37,69.16,6.04,127.22,sugarcane
102.52,68.56,35.46,33.26,84.41,6.66,135.25,sugarcane
102.87,58.33,35.45,34.6,71.13,6.06,188.25,sugarcane
139.95,48.07,35.43,35.22,81.02,6.16,186.53,sugarcane
168.86,45.13,35.4,33.58,75.71,7.25,223.21,sugarcane
170.25,57.39,35.39,27.22,75.35,6.13,152.59,sugarcane
165.67,63.35,35.33,25.48,78.23,6.73,100.8,sugarcane
133.52,67.11,35.19,27.34,72.96,6.81,237.98,sugarcane
104,28,55,24.957563,81.123244,6.868984,54.080001,watermelon
111,27,55,24.904587,85.677112,6.744158,55.658894,watermelon
80,26,55,24.534426,88.989272,6.140099,49.116187,watermelon
91,25,55,26.427226,82.948084,6.256921,47.677046,watermelon
114,25,55,25.443839,87.939231,6.295425,57.515497,watermelon
87,24,55,24.765899,85.793639,6.36038,48.392023,watermelon
90,24,55,26.069356,83.340464,6.273758,48.91356,watermelon
90,24,55,24.927036,86.047393,6.352682,47.80921,watermelon
91,24,55,24.561289,82.306656,6.129523,49.691221,watermelon
91,24,55,25.942707,83.607169,6.278637,47.231156,watermelon
91,24,55,26.270616,83.091945,6.259087,46.768375,watermelon
91,24,55,26.318122,82.827066,6.360109,46.034618,watermelon
83,23,55,26.897502,83.892415,6.463271,43.971937,watermelon
108,23,55,24.890524,89.984052,6.777792,58.862932,watermelon
83,22,55,25.398857,84.207685,6.504804,54.495412,watermelon
109,22,55,24.96211,89.723267,6.764847,59.7598,watermelon
112,22,55,24.519777,89.0564,6.956509,56.078437,watermelon
116,22,55,25.650466,88.566894,6.508911,56.271342,watermelon
109,21,55,24.90046,89.735242,6.770278,57.449421,watermelon
114,21,55,25.443839,87.939231,6.472756,57.515497,watermelon
118,21,55,24.90046,89.735242,6.770278,57.449421,watermelon
92,20,55,25.104748,87.526762,6.587791,59.265194,watermelon
92,20,55,25.104748,87.526762,6.377427,59.265194,watermelon
109,20,55,26.69381,87.324641,6.734909,46.56482,watermelon
92,19,55,25.242337,86.868902,6.597372,57.906256,watermelon
114,19,55,25.1878,88.308663,6.818261,57.958261,watermelon
117,19,55,25.512841,84.364846,6.803422,46.99806,watermelon
119,19,55,25.1878,83.446217,6.818261,46.874209,watermelon
114,18,55,26.807506,87.939231,6.429788,57.515497,watermelon
101,17,55,24.371182,83.153937,6.224066,49.294566,watermelon
101,17,55,24.371182,87.126913,6.4515,44.639077,watermelon
95,16,55,25.269312,87.550551,6.612848,40.126504,watermelon
97,10,55,25.322457,87.124253,6.217204,42.543428,watermelon
119,9,55,25.104748,83.91959,6.251287,59.265194,watermelon
117,8,55,25.868399,84.762132,6.063522,45.501113,watermelon
119,7,55,26.038677,84.637838,6.031424,44.399338,watermelon
81,6,55,24.889105,85.870591,6.110143,51.706991,watermelon
81,6,55,24.954581,85.679777,6.122673,49.218116,watermelon
82,6,55,25.206609,82.530896,6.094173,52.711777,watermelon
87,6,55,25.77977,82.900636,6.929216,40.895062,watermelon
95,5,55,26.216676,84.424789,6.322817,54.654236,watermelon
101,5,55,25.429009,84.424789,6.828983,56.341446,watermelon
107,5,55,26.677532,89.984052,6.89221,55.206025,watermelon
111,5,55,26.283443,84.424789,6.520663,50.786697,watermelon
115,5,55,25.111806,80.768864,6.678068,57.338853,watermelon
117,30,54,24.901239,87.207729,6.744966,46.592073,watermelon
89,28,54,24.896811,80.275251,6.862157,53.146262,watermelon
102,28,54,25.156231,80.275251,6.862157,55.495415,watermelon
102,28,54,25.156231,86.522581,6.259336,55.495415,watermelon
110,28,54,24.29105,88.045413,6.862157,55.495415,watermelon
112,28,54,24.860946,85.053186,6.738031,55.295635,watermelon
91,27,54,24.87277,85.005487,6.322651,51.409955,watermelon
101,27,54,25.630282,83.240155,6.793044,55.68509,watermelon
80,26,54,24.501024,88.760349,6.130144,48.964542,watermelon
102,26,54,25.367252,80.296919,6.864963,55.693907,watermelon
111,26,54,24.870931,86.236247,6.746179,55.839853,watermelon
89,25,54,24.693689,85.569676,6.353107,48.993908,watermelon
91,25,54,26.025315,82.672199,6.277877,48.360366,watermelon
97,24,54,25.365432,83.674091,6.206534,49.684738,watermelon
112,24,54,24.860946,85.053186,6.259087,46.768375,watermelon
81,23,54,26.656225,86.286181,6.5868,42.756873,watermelon
83,23,54,26.069585,81.41116,6.213722,55.433694,watermelon
83,22,54,25.897623,81.966648,6.277245,54.499601,watermelon
83,22,54,25.897623,81.966648,6.835268,54.306608,watermelon
94,22,54,26.474956,80.026213,6.929643,40.126504,watermelon
89,21,54,25.035473,88.727161,6.378367,51.359595,watermelon
91,21,54,25.048161,87.140624,6.486969,57.600036,watermelon
110,21,54,26.736908,87.824302,6.747538,47.46447,watermelon
116,21,54,24.429989,80.993135,6.653987,48.582418,watermelon
120,21,54,25.336348,83.528031,6.806099,46.900234,watermelon
113,20,54,26.184964,86.2644,6.772736,47.254161,watermelon
100,17,54,24.529816,86.6606,6.526323,44.125611,watermelon
89,13,54,24.896811,89.81574,6.039585,53.146262,watermelon
101,13,54,25.429009,82.914818,6.828983,56.341446,watermelon
113,13,54,26.039672,82.914818,6.277484,56.341446,watermelon
115,13,54,24.815128,88.903662,6.055281,45.760832,watermelon
118,13,54,24.413119,89.81574,6.039585,44.078435,watermelon
114,12,54,25.57975,88.851763,6.287898,45.040096,watermelon
85,10,54,25.922644,84.734594,6.297334,49.920133,watermelon
114,9,54,24.702552,88.402916,6.572184,56.375901,watermelon
84,7,54,26.614768,88.536038,6.397636,54.836566,watermelon
83,6,54,25.383219,84.721281,6.499084,47.106916,watermelon
102,6,54,26.125889,86.550794,6.862157,55.495415,watermelon
116,6,54,25.160092,80.562378,6.681484,56.724789,watermelon
92,5,54,25.160218,89.427367,6.443181,46.230094,watermelon
116,5,54,25.376013,80.993135,6.653987,57.230285,watermelon
116,5,54,25.332208,81.07249,6.653983,57.134592,watermelon
104,28,53,25.130158,82.980686,6.926504,56.478752,watermelon
101,27,53,25.192862,81.126288,6.673516,53.662235,watermelon
80,26,53,24.591036,89.13332,6.120681,49.299344,watermelon
83,25,53,26.491953,80.046782,6.057697,57.727992,watermelon
87,25,53,24.545616,83.582621,6.248291,46.792088,watermelon
112,25,53,26.491953,85.566728,6.057697,56.724967,watermelon
83,24,53,25.877068,85.306752,6.309638,45.606963,watermelon
84,24,53,26.260594,84.318883,6.405553,58.490413,watermelon
84,24,53,26.143509,81.37076,6.092561,56.727157,watermelon
85,24,53,26.986037,82.095383,6.225662,59.394113,watermelon
86,24,53,24.796074,81.967136,6.12348,45.024299,watermelon
81,23,53,24.494198,87.668894,6.093384,49.396338,watermelon
83,23,53,26.555612,80.026213,6.035506,57.776732,watermelon
85,22,53,26.843661,89.770767,6.849472,59.463386,watermelon
85,22,53,25.965342,89.770767,6.849472,59.463386,watermelon
86,22,53,25.320557,84.354447,6.242681,53.719268,watermelon
90,21,53,24.973918,86.633995,6.354685,55.415274,watermelon
109,21,53,26.986037,87.096714,6.732225,48.42636,watermelon
101,11,53,25.355979,87.154545,6.608085,42.99334,watermelon
83,10,53,24.929948,85.008024,6.195142,48.758595,watermelon
84,10,53,24.371902,81.251482,6.125324,46.061938,watermelon
100,10,53,24.693689,85.569676,6.353107,48.993908,watermelon
100,10,53,24.54357,84.608083,6.211749,42.006603,watermelon
101,10,53,24.677874,85.066383,6.268396,42.34436,watermelon
104,10,53,24.893226,86.41916,6.199603,41.045494,watermelon
109,10,53,26.819387,87.82746,6.55175,46.061938,watermelon
109,10,53,26.701366,87.968192,6.576068,45.964515,watermelon
111,10,53,24.929948,85.008024,6.195142,48.758595,watermelon
91,7,53,25.137359,89.282727,6.457217,43.528975,watermelon
93,7,53,24.966858,83.305674,6.414456,55.541934,watermelon
86,6,53,25.920302,83.472026,6.921848,42.106815,watermelon
89,6,53,25.37465,80.229105,6.656526,42.484028,watermelon
111,6,53,26.071376,88.728566,6.313513,57.796528,watermelon
111,6,53,26.493065,88.591431,6.313513,46.063822,watermelon
118,6,53,24.214957,84.20577,6.538006,42.106815,watermelon
93,5,53,25.138036,82.975802,6.449096,56.348254,watermelon
107,5,53,26.608269,89.819024,6.881938,56.005195,watermelon
83,29,52,25.767064,88.144907,6.735956,46.735973,watermelon
83,29,52,25.764027,87.593113,6.704689,46.051227,watermelon
85,29,52,25.422736,88.034782,6.505826,46.83772,watermelon
87,29,52,24.642195,88.421824,6.093897,48.831037,watermelon
88,29,52,25.864755,86.67468,6.704689,41.165548,watermelon
103,29,52,25.764027,87.593113,6.209888,44.20657,watermelon
86,28,52,24.664213,88.958598,6.108847,48.654261,watermelon
83,27,52,25.668714,86.568449,6.720066,45.52031,watermelon
112,26,52,25.003453,85.44554,6.886637,56.387666,watermelon
83,25,52,24.043558,87.864044,6.061529,49.857087,watermelon
84,25,52,24.371902,81.251482,6.125324,44.208996,watermelon
84,25,52,24.197017,80.320056,6.10962,43.599425,watermelon
94,25,52,26.242782,81.885871,6.168096,48.044088,watermelon
98,25,52,25.280137,83.153937,6.224066,49.294566,watermelon
99,25,52,25.266712,83.965415,6.219723,49.257232,watermelon
89,22,52,25.141097,85.714145,6.182731,54.848662,watermelon
89,22,52,24.896811,86.107829,6.217301,53.146262,watermelon
91,22,52,25.255282,82.225445,6.522946,47.583,watermelon
93,22,52,26.587407,81.325632,6.93274,41.8754,watermelon
93,21,52,26.632322,81.307456,6.91727,44.20812,watermelon
92,20,52,25.078037,83.462305,6.587791,56.399629,watermelon
100,18,52,26.202345,80.382665,6.876067,56.479418,watermelon
84,17,52,24.371902,81.251482,6.125324,44.208996,watermelon
103,17,52,24.57919,80.026213,6.244426,45.915159,watermelon
90,16,52,24.828809,88.420662,6.377593,59.714929,watermelon
106,16,52,25.813702,88.313126,6.526252,58.982455,watermelon
89,15,52,24.971377,89.267335,6.442604,59.655333,watermelon
102,15,52,25.030166,80.505284,6.200496,44.709724,watermelon
90,14,52,25.096432,88.047388,6.391613,59.7598,watermelon
90,14,52,24.847408,89.204546,6.391858,59.679272,watermelon
95,14,52,26.794899,84.317568,6.51076,56.318662,watermelon
102,14,52,26.699396,89.325467,6.49566,58.056232,watermelon
102,14,52,26.794899,89.648152,6.51076,57.740918,watermelon
106,14,52,26.150382,87.455012,6.385867,59.372271,watermelon
101,13,52,25.161419,85.121385,6.688348,44.338491,watermelon
97,12,52,25.287846,89.636679,6.881426,58.286977,watermelon
99,11,52,26.173849,87.11889,6.744281,45.0575,watermelon
98,9,52,24.782354,86.14711,6.22875,46.876108,watermelon
97,8,52,24.910323,86.9719,6.237862,49.485757,watermelon
91,7,52,25.078037,83.462305,6.405054,56.399629,watermelon
91,7,52,25.100959,83.429628,6.412652,56.330789,watermelon
120,7,52,24.247825,83.036879,6.881426,57.408472,watermelon
107,5,52,26.663461,89.984052,6.881426,57.408472,watermelon
113,30,51,24.219359,85.614628,6.600358,46.2158,watermelon
82,29,51,25.57362,86.852732,6.691947,47.72932,watermelon
88,29,51,24.718855,88.945683,6.09569,48.459786,watermelon
88,29,51,24.695682,88.861587,6.094462,48.439939,watermelon
114,29,51,25.728641,83.80863,6.273162,44.142085,watermelon
82,28,51,25.669107,87.887943,6.704654,48.232482,watermelon
120,26,51,25.620196,82.641054,6.223902,52.328203,watermelon
82,25,51,24.320272,87.521536,6.076273,48.143913,watermelon
82,25,51,24.31335,86.107829,6.217301,48.112484,watermelon
82,25,51,24.31335,87.474091,6.07421,48.112484,watermelon
83,25,51,24.348787,87.296653,6.100195,48.194607,watermelon
86,25,51,24.337647,81.448647,6.115686,46.142807,watermelon
112,25,51,25.047469,85.566728,6.932537,56.724967,watermelon
112,25,51,25.039928,85.545964,6.924673,56.667174,watermelon
113,25,51,25.06622,85.993497,6.934072,57.233896,watermelon
118,25,51,24.429989,86.339048,6.283818,53.657426,watermelon
119,25,51,26.473302,80.922544,6.283818,53.657426,watermelon
81,24,51,26.016532,83.174858,6.000976,58.484024,watermelon
119,24,51,26.307587,81.73933,6.40067,54.339724,watermelon
120,24,51,24.31335,87.474091,6.07421,48.112484,watermelon
108,23,51,26.843661,83.8504,6.106501,40.228644,watermelon
117,23,51,26.267511,88.726809,6.359573,58.067355,watermelon
83,22,51,25.201566,81.11825,6.278472,45.656883,watermelon
91,22,51,24.869433,81.896155,6.623218,47.892575,watermelon
92,22,51,24.580313,82.720888,6.752695,47.398406,watermelon
86,21,51,25.758431,89.283997,6.882815,59.268489,watermelon
118,21,51,24.429989,86.339048,6.678805,48.582418,watermelon
82,20,51,25.882971,81.008826,6.404253,46.846037,watermelon
95,20,51,25.82804,83.126618,6.915515,41.667956,watermelon
82,19,51,26.534355,88.728895,6.56591,59.014416,watermelon
117,19,51,24.992718,84.011781,6.589697,57.558922,watermelon
103,17,51,25.111892,80.026213,6.209888,44.20657,watermelon
110,17,51,25.111892,84.695469,6.189214,48.324286,watermelon
91,15,51,24.998624,89.355857,6.392401,58.590359,watermelon
102,15,51,26.662097,89.984052,6.496122,56.90077,watermelon
104,15,51,25.176904,80.026213,6.216695,44.946168,watermelon
118,15,51,24.214957,84.20577,6.681607,48.011385,watermelon
95,14,51,26.986037,82.965302,6.72999,57.409739,watermelon
96,14,51,26.986037,83.851709,6.81483,55.037573,watermelon
107,14,51,26.118098,89.984052,6.361646,59.7598,watermelon
102,13,51,25.391301,83.005707,6.621182,44.206803,watermelon
95,12,51,25.764843,84.1727,6.681607,44.220669,watermelon
95,12,51,25.50737,84.243402,6.792036,44.2069,watermelon
97,12,51,26.329522,86.898899,6.736236,42.636886,watermelon
101,11,51,25.50737,84.243402,6.792036,44.2069,watermelon
97,10,51,24.16912,81.629407,6.080571,41.219129,watermelon
98,8,51,26.179346,86.522581,6.259336,49.43051,watermelon
98,8,51,25.925038,86.224941,6.251938,48.276343,watermelon
114,8,51,26.179346,86.522581,6.259336,57.958261,watermelon
83,7,51,26.666731,87.555824,6.424643,56.934556,watermelon
84,7,51,26.815305,87.656945,6.399669,55.740736,watermelon
84,7,51,26.631526,87.486508,6.372045,55.355876,watermelon
90,7,51,25.537902,89.40256,6.464619,42.493963,watermelon
91,7,51,24.661564,82.717312,6.405342,54.925828,watermelon
90,6,51,25.359056,88.487843,6.519705,42.808647,watermelon
91,30,50,25.299547,83.091945,6.259087,57.041471,watermelon
105,30,50,25.299547,81.775276,6.376201,57.041471,watermelon
113,30,50,26.039672,83.986244,6.277484,43.877123,watermelon
117,30,50,24.901239,87.207729,6.744966,46.592073,watermelon
83,29,50,26.633312,84.317568,6.560444,56.318662,watermelon
118,29,50,25.20793,81.557419,6.918213,48.311422,watermelon
115,27,50,25.872042,83.442685,6.796845,54.697422,watermelon
97,25,50,26.22006,80.90127,6.093815,49.085539,watermelon
109,25,50,26.852761,84.209879,6.075546,40.561506,watermelon
118,24,50,24.739999,84.374476,6.75371,48.294565,watermelon
83,23,50,26.7589,86.618131,6.882976,50.18047,watermelon
90,23,50,25.794415,81.5726,6.792733,40.509781,watermelon
83,22,50,25.897623,86.145859,6.769894,58.978788,watermelon
97,22,50,26.260287,86.145859,6.769894,58.978788,watermelon
108,22,50,26.260287,86.72952,6.121169,53.33485,watermelon
91,21,50,26.904357,81.440304,6.76203,48.321136,watermelon
91,21,50,24.335282,81.440304,6.76203,48.321136,watermelon
91,21,50,24.649074,81.424326,6.785815,47.423043,watermelon
116,21,50,24.043558,84.159784,6.445409,50.092169,watermelon
81,18,50,26.732433,88.417857,6.412178,59.7598,watermelon
81,18,50,26.807506,88.22875,6.429788,58.798891,watermelon
81,18,50,26.424847,80.948969,6.500609,48.007471,watermelon
81,18,50,26.440195,80.919343,6.507111,47.818476,watermelon
81,18,50,26.440195,85.499382,6.343943,47.818476,watermelon
86,18,50,25.920302,80.919343,6.921848,42.106815,watermelon
96,18,50,25.423188,84.086803,6.906332,41.557359,watermelon
96,18,50,25.331045,84.305338,6.904242,41.532187,watermelon
99,18,50,25.24048,82.536995,6.617301,42.637373,watermelon
100,15,50,26.822433,89.827691,6.530834,58.686919,watermelon
95,14,50,26.633312,84.317568,6.560444,56.318662,watermelon
103,14,50,26.986037,86.633857,6.323797,58.086579,watermelon
105,14,50,26.214884,87.688398,6.419052,59.655908,watermelon
105,14,50,26.086301,87.428646,6.418902,59.479901,watermelon
81,11,50,24.82367,84.309589,6.190624,48.806659,watermelon
106,10,50,26.12873,88.648823,6.726737,44.325557,watermelon
106,10,50,25.142832,88.880453,6.859716,44.26305,watermelon
108,10,50,26.117038,88.664964,6.696467,45.482172,watermelon
119,10,50,26.745507,85.008024,6.251287,48.758595,watermelon
118,9,50,26.838431,82.836503,6.354536,41.8598,watermelon
119,9,50,26.745507,83.91959,6.251287,40.794305,watermelon
96,8,50,26.203893,86.550726,6.43786,50.699834,watermelon
114,8,50,24.746313,88.308663,6.581588,57.958261,watermelon
92,7,50,25.906548,86.070247,6.956509,53.518851,watermelon
117,30,49,24.914842,80.026213,6.828729,46.470494,watermelon
118,30,49,24.895174,87.045704,6.740958,43.931151,watermelon
119,30,49,25.357947,80.458463,6.90302,47.720782,watermelon
119,30,49,25.19382,80.026213,6.862208,45.092382,watermelon
117,28,49,26.480777,82.377495,6.888848,55.871547,watermelon
117,28,49,26.030848,83.872134,6.807495,51.933895,watermelon
111,26,49,24.74941,86.543429,6.761665,54.571734,watermelon
118,26,49,26.475585,81.310602,6.290813,55.075492,watermelon
120,26,49,26.260614,81.211733,6.272521,52.218871,watermelon
96,25,49,25.99397,82.369353,6.000976,47.837015,watermelon
111,25,49,25.06383,84.48272,6.902976,57.325815,watermelon
80,24,49,24.178292,86.009985,6.223353,48.011591,watermelon
82,23,49,26.813836,87.219869,6.391858,59.679272,watermelon
82,23,49,26.813836,87.219869,6.873284,51.704978,watermelon
89,22,49,24.978219,85.321761,6.43101,56.381219,watermelon
119,21,49,25.999881,83.74578,6.782729,55.855211,watermelon
108,19,49,26.176687,84.268307,6.121169,56.452292,watermelon
118,19,49,24.345489,85.500743,6.623476,48.358022,watermelon
120,19,49,25.794489,84.268307,6.762472,56.452292,watermelon
80,18,49,25.997483,85.392203,6.370578,59.7598,watermelon
80,18,49,25.484384,80.30908,6.571201,49.281923,watermelon
81,18,49,26.254051,81.01551,6.593235,47.949683,watermelon
82,18,49,26.782083,86.225278,6.421405,59.7598,watermelon
83,18,49,26.485455,83.947489,6.726022,47.281526,watermelon
103,16,49,24.067315,81.640753,6.915717,51.752124,watermelon
93,14,49,26.986037,82.746516,6.504301,55.408718,watermelon
96,14,49,26.277514,83.169526,6.728287,54.942952,watermelon
96,13,49,26.04298,86.651363,6.650236,57.182273,watermelon
103,12,49,25.928875,85.830652,6.63926,58.770531,watermelon
116,12,49,24.414997,89.535372,6.429909,41.565721,watermelon
98,10,49,25.217381,89.984052,6.769528,57.922843,watermelon
107,10,49,25.832029,89.004817,6.755192,45.246906,watermelon
110,10,49,26.1218,86.242308,6.864656,46.415118,watermelon
108,5,49,26.594915,89.518154,6.864092,59.18242,watermelon
101,29,48,26.109446,83.248691,6.629267,56.138715,watermelon
108,29,48,24.669888,85.690062,6.452806,53.432076,watermelon
115,29,48,24.842398,82.01757,6.943193,48.728554,watermelon
118,28,48,26.08279,81.650696,6.861212,51.784718,watermelon
117,27,48,26.532593,82.39054,6.835268,54.306608,watermelon
117,27,48,26.475912,82.557912,6.832131,54.038569,watermelon
82,26,48,26.343954,84.421522,6.427794,59.145434,watermelon
119,24,48,26.967874,89.984052,6.262375,57.466235,watermelon
81,21,48,25.816922,82.043255,6.377427,58.798891,watermelon
92,21,48,25.816922,82.043255,6.377427,54.829634,watermelon
101,20,48,24.677416,82.754114,6.206247,57.057094,watermelon
82,18,48,26.632549,86.890729,6.336481,58.541446,watermelon
81,17,48,26.050283,81.12078,6.687512,48.093313,watermelon
103,14,48,26.41861,84.806796,6.555654,59.7598,watermelon
96,13,48,25.865799,87.351823,6.677186,57.441475,watermelon
102,11,48,25.725638,84.510536,6.795739,58.141382,watermelon
102,10,48,25.504347,82.817479,6.952633,56.459588,watermelon
102,9,48,25.685514,83.101934,6.944856,55.918436,watermelon
92,8,48,26.084881,86.500239,6.88501,53.678378,watermelon
92,7,48,26.274583,86.630846,6.956222,54.388532,watermelon
92,7,48,26.275206,86.632496,6.956509,54.387485,watermelon
99,7,48,24.120027,84.55454,6.654466,52.498274,watermelon
99,6,48,24.289081,85.276848,6.565583,50.847681,watermelon
89,5,48,25.869726,85.528796,6.836263,41.915489,watermelon
99,5,48,24.253733,85.180399,6.58423,50.925175,watermelon
100,5,48,24.904539,88.030842,6.498356,52.214083,watermelon
101,5,48,24.73538,84.39851,6.449357,52.996687,watermelon
118,29,47,25.528236,80.39594,6.900194,47.750415,watermelon
102,28,47,26.982128,86.700683,6.770434,42.912922,watermelon
85,25,47,26.114404,87.640811,6.295425,58.481608,watermelon
86,25,47,25.657261,87.804576,6.379026,56.156989,watermelon
92,24,47,25.816922,82.043255,6.260839,58.548767,watermelon
115,24,47,26.051032,81.841818,6.597987,52.238745,watermelon
120,24,47,26.986037,89.413849,6.260839,58.548767,watermelon
104,23,47,26.982128,86.700683,6.770434,42.912922,watermelon
120,23,47,26.986037,89.321892,6.098061,56.681735,watermelon
82,22,47,25.864755,85.34866,6.512196,54.601593,watermelon
91,22,47,26.076482,81.460135,6.241885,54.892127,watermelon
104,22,47,26.986037,87.252085,6.758104,44.794897,watermelon
104,22,47,26.827201,85.910657,6.699572,42.934495,watermelon
89,21,47,26.630273,80.026213,6.332246,54.420895,watermelon
112,20,47,25.437851,80.919654,6.259126,48.255701,watermelon
101,18,47,26.440195,80.919343,6.507111,57.573432,watermelon
115,17,47,25.402787,81.801526,6.279299,48.927292,watermelon
86,15,47,24.043558,84.184068,6.423899,53.7893,watermelon
86,15,47,24.043558,86.67468,6.423899,41.165548,watermelon
87,15,47,24.286781,84.417413,6.465299,56.287812,watermelon
87,15,47,24.043558,82.555999,6.645232,52.885967,watermelon
105,14,47,26.214884,87.688398,6.765095,58.286977,watermelon
97,12,47,25.287846,89.636679,6.765095,58.286977,watermelon
97,12,47,26.229109,80.955688,6.326755,54.626535,watermelon
119,11,47,24.477177,87.394716,6.684262,41.828603,watermelon
101,10,47,25.54217,83.318834,6.936998,57.573432,watermelon
102,10,47,25.450971,84.063404,6.795992,44.442047,watermelon
104,10,47,25.64215,83.810929,6.914941,57.039815,watermelon
101,9,47,25.542442,83.625543,6.95102,55.091943,watermelon
93,7,47,26.078765,87.84246,6.956509,53.780196,watermelon
120,7,47,24.247825,83.036879,6.653868,54.765762,watermelon
86,6,47,26.493065,84.184068,6.313513,53.7893,watermelon
100,6,47,24.166315,85.494112,6.672992,52.385918,watermelon
88,5,47,25.864755,86.67468,6.662245,41.165548,watermelon
99,5,47,24.130788,84.844946,6.649087,51.194702,watermelon
101,5,47,25.54217,86.67468,6.936998,57.573432,watermelon
101,28,46,24.29105,88.045413,6.498896,56.341446,watermelon
110,28,46,24.29105,88.045413,6.498896,51.260464,watermelon
84,27,46,25.66853,89.526842,6.467044,58.653887,watermelon
87,26,46,26.217174,87.393668,6.243656,56.980917,watermelon
81,24,46,26.733474,87.432806,6.901627,50.867919,watermelon
104,23,46,25.411549,83.631029,6.000976,53.212552,watermelon
84,22,46,25.809518,87.025482,6.43062,56.361243,watermelon
108,22,46,26.176687,86.72952,6.121169,53.33485,watermelon
91,21,46,25.98429,81.718227,6.393262,56.525703,watermelon
104,20,46,26.283874,83.140067,6.451061,43.010148,watermelon
119,20,46,25.353274,87.236521,6.102025,52.990328,watermelon
113,19,46,25.41864,81.12123,6.286388,49.523207,watermelon
104,17,46,25.713143,80.229728,6.190016,43.089618,watermelon
115,17,46,24.869117,82.529429,6.40126,48.833008,watermelon
80,16,46,25.554306,81.129583,6.956509,50.839475,watermelon
80,16,46,25.504055,81.402974,6.940236,48.478333,watermelon
82,16,46,24.907147,82.539613,6.729208,50.648937,watermelon
87,16,46,25.087796,80.026213,6.343599,48.763386,watermelon
92,16,46,26.706078,81.402974,6.940236,51.510336,watermelon
84,15,46,25.360407,85.136995,6.563634,56.537568,watermelon
86,14,46,24.055698,83.747424,6.42763,53.288207,watermelon
88,12,46,24.613315,84.48521,6.343486,47.242939,watermelon
91,12,46,24.644585,85.499382,6.343943,48.31219,watermelon
95,12,46,26.216676,81.010094,6.322817,54.654236,watermelon
90,11,46,24.776033,86.853122,6.318801,44.642176,watermelon
95,11,46,26.22285,81.603225,6.389668,54.626095,watermelon
115,11,46,24.691972,88.488731,6.6954,41.031598,watermelon
115,11,46,24.415927,89.396555,6.623167,40.321619,watermelon
103,10,46,25.758999,83.652866,6.906238,52.732366,watermelon
108,10,46,25.75182,89.085391,6.757992,47.30052,watermelon
113,9,46,25.386529,87.343476,6.433649,43.816579,watermelon
80,7,46,26.275206,81.402974,6.956509,54.387485,watermelon
110,7,46,26.626028,85.026783,6.199784,48.132055,watermelon
97,6,46,24.838276,83.827527,6.730282,51.281413,watermelon
110,29,45,24.430965,89.581596,6.461091,52.143625,watermelon
83,28,45,25.48439,88.33226,6.722467,57.743647,watermelon
86,28,45,26.489976,89.984052,6.313239,57.132923,watermelon
108,28,45,24.203362,87.818932,6.517105,52.5711,watermelon
83,27,45,26.291074,85.733296,6.646239,58.249953,watermelon
85,27,45,26.071376,88.728566,6.467096,57.796528,watermelon
118,27,45,26.544379,82.199034,6.814032,53.35848,watermelon
86,26,45,26.050758,86.701243,6.263496,58.236885,watermelon
89,25,45,24.470185,85.569676,6.353107,48.993908,watermelon
81,22,45,25.897623,86.254262,6.727468,59.7598,watermelon
82,22,45,26.22338,85.34866,6.512196,54.601593,watermelon
85,22,45,25.965342,89.770767,6.189214,48.324286,watermelon
91,22,45,26.22338,85.34866,6.512196,54.601593,watermelon
82,21,45,26.407077,84.831159,6.509564,54.057418,watermelon
106,21,45,26.270624,85.409173,6.101557,52.313283,watermelon
120,20,45,25.66576,88.698423,6.114129,54.227225,watermelon
120,19,45,25.787073,88.645931,6.100771,53.380899,watermelon
107,17,45,25.97062,83.086135,6.000976,41.742965,watermelon
81,16,45,26.904357,86.254262,6.727468,59.7598,watermelon
90,16,45,24.920933,80.617508,6.29154,50.557108,watermelon
90,16,45,24.911775,80.630374,6.298897,50.522146,watermelon
93,16,45,24.545343,82.470958,6.065108,49.329757,watermelon
83,15,45,26.986037,89.551879,6.892781,58.689991,watermelon
92,15,45,25.377436,80.75582,6.302559,52.000567,watermelon
104,15,45,25.736713,80.026213,6.164719,43.920844,watermelon
118,15,45,24.214957,84.20577,6.538006,48.011385,watermelon
120,15,45,25.044892,85.333744,6.493075,48.703679,watermelon
106,14,45,24.470185,84.163902,6.417012,57.26773,watermelon
116,13,45,24.37553,89.42018,6.650026,40.126504,watermelon
88,12,45,24.043558,82.877641,6.55697,48.94529,watermelon
90,12,45,24.799834,85.692635,6.30069,49.079493,watermelon
93,12,45,25.32398,83.322073,6.504988,54.273549,watermelon
95,12,45,26.375682,80.184288,6.141003,54.806628,watermelon
105,12,45,24.672294,84.939687,6.453213,58.910527,watermelon
112,11,45,25.079106,89.984052,6.391756,40.126504,watermelon
83,9,45,26.137057,89.670692,6.081093,47.283268,watermelon
83,9,45,25.854836,89.13164,6.04961,46.85177,watermelon
102,9,45,25.555889,84.016842,6.936651,57.597596,watermelon
86,8,45,25.65336,89.074091,6.056375,47.851613,watermelon
110,8,45,26.732065,83.875384,6.189067,48.55595,watermelon
86,7,45,25.920302,83.472026,6.189214,42.106815,watermelon
91,7,45,26.78039,81.300375,6.956509,48.958841,watermelon
92,7,45,26.706078,81.141495,6.94464,51.510336,watermelon
92,7,45,24.335282,81.440304,6.76203,48.321136,watermelon
93,7,45,26.664693,81.112892,6.920093,50.046572,watermelon
102,7,45,26.794899,84.695469,6.51076,48.324286,watermelon
110,7,45,26.638386,84.695469,6.189214,48.324286,watermelon
114,7,45,26.986037,87.248796,6.125199,47.966082,watermelon
99,6,45,26.125889,89.204546,6.391858,59.679272,watermelon
99,6,45,26.125889,86.550794,6.000976,40.712101,watermelon
99,5,45,26.141054,85.714995,6.000976,42.669253,watermelon
100,5,45,24.043558,83.596125,6.670921,50.63313,watermelon
103.06,52.31,59.78,11.93,48.12,7.09,107.84,wheat
65.83,50.38,59.75,12.1,60.55,7.32,124.08,wheat
65.83,50.38,59.75,12.1,60.55,7.32,124.08,wheat
95.67,47.42,59.69,12.05,65.85,6.61,92.82,wheat
64.66,59.36,59.66,20.47,61.08,6.46,131.38,wheat
64.66,59.36,59.66,20.47,61.08,6.46,131.38,wheat
70.65,48.63,59.62,24.06,46.3,6.25,63.17,wheat
77.22,50.42,59.53,19.48,52.79,6.95,104,wheat
75.91,41.1,59.33,15.9,71.76,6.95,129.48,wheat
75.91,41.1,59.33,15.9,71.76,6.95,129.48,wheat
106.41,38.27,59.25,16.81,52.08,6.11,66.98,wheat
117.79,35.3,59.25,10.65,71.73,6.79,149.3,wheat
117.79,35.3,59.25,10.65,71.73,6.79,149.3,wheat
64.43,48.85,59.23,17.85,63.88,7.04,95.45,wheat
64.43,48.85,59.23,17.85,63.88,7.04,95.45,wheat
81.01,36.45,59.23,23.26,72.83,7.49,67.39,wheat
61.26,37.05,59.2,14.43,68.08,6.94,88.19,wheat
115.7,45.7,59.17,24.45,70.59,6.44,88.51,wheat
115.7,45.7,59.17,24.45,70.59,6.44,88.51,wheat
104.76,49.58,59.05,15.62,53.57,7.3,72.36,wheat
104.76,49.58,59.05,15.62,53.57,7.3,72.36,wheat
116.49,44.65,59.03,23.58,50.87,6.1,60.08,wheat
116.49,44.65,59.03,23.58,50.87,6.1,60.08,wheat
104.74,40.06,58.95,15.52,54.81,6.22,80.56,wheat
107.1,57.3,58.88,21.8,54.46,7.03,93.76,wheat
99.61,42,58.87,21.07,61.63,6.92,91.96,wheat
99.61,42,58.87,21.07,61.63,6.92,91.96,wheat
99.27,41.83,58.77,12.27,57.97,7.42,91.97,wheat
89.08,39.14,58.64,22.75,65.07,6.69,91.18,wheat
115.46,59.28,58.61,17.11,70.86,7.27,81.91,wheat
98.73,39.43,58.51,24.31,72.45,6.56,51.55,wheat
98.73,39.43,58.51,24.31,72.45,6.56,51.55,wheat
97.45,37.92,58.5,19.42,55.05,6.21,129.4,wheat
112.48,48.22,58.48,21.98,74.94,6.53,126.72,wheat
115.92,37.56,58.43,20.32,47.04,6.45,120.82,wheat
115.62,36.51,58.36,15.27,48.04,6.73,75.68,wheat
104.14,59.96,58.33,19.64,57.64,6.95,128.57,wheat
104.19,58.36,58.14,16.76,48.4,7.48,133.89,wheat
67.87,35.81,58.02,19.25,68.9,6.72,61.73,wheat
81.66,37.29,57.93,12.05,73.51,6.67,68.51,wheat
76.61,49.81,57.81,13.16,63.69,6.95,123.31,wheat
101.08,39.07,57.77,22.34,73.49,7.09,111.34,wheat
101.08,39.07,57.77,22.34,73.49,7.09,111.34,wheat
67.89,52.9,57.73,12.7,52.13,7.46,68.1,wheat
83.35,35.27,57.63,11.37,54.58,7.43,145.06,wheat
83.35,35.27,57.63,11.37,54.58,7.43,145.06,wheat
105.27,37.58,57.56,17.58,69.79,6.48,139.55,wheat
105.27,37.58,57.56,17.58,69.79,6.48,139.55,wheat
97.65,49.61,57.53,10.68,53.43,7.43,139.03,wheat
97.65,49.61,57.53,10.68,53.43,7.43,139.03,wheat
60.66,38.42,57.5,23.11,62.92,6.9,116.5,wheat
74.51,37.33,57.43,23.51,63.99,6.51,84.92,wheat
74.51,37.33,57.43,23.51,63.99,6.51,84.92,wheat
92.36,55.19,57.4,14.77,48.3,6.34,92.71,wheat
92.36,55.19,57.4,14.77,48.3,6.34,92.71,wheat
108.89,37,57.37,18.21,69.52,6.68,114.36,wheat
97.2,48.34,57.35,21.83,49.55,6.47,74.85,wheat
94.98,45.54,57.32,22.26,55.25,6.39,87.97,wheat
103.56,57.43,57.18,21.7,64.26,6.13,66.16,wheat
103.56,57.43,57.18,21.7,64.26,6.13,66.16,wheat
105.16,38.97,57.02,23.08,45.88,7.24,62.89,wheat
72.29,56.95,56.99,23.06,52.16,6.68,148.5,wheat
94.02,53.46,56.96,16.06,54.81,7,130.78,wheat
67.48,58.02,56.75,17.78,62.74,6.6,55.48,wheat
108.34,49.63,56.71,13.09,48.36,6.4,55.71,wheat
100.36,46.09,56.7,12.66,65.78,7.26,144.46,wheat
85.09,58.32,56.65,10.68,45.79,6.56,131.06,wheat
85.09,58.32,56.65,10.68,45.79,6.56,131.06,wheat
113.32,58.89,56.55,22.14,64.66,6.83,58.7,wheat
74.59,53.06,56.39,22.45,56.92,7,70.5,wheat
101,36.9,56.28,17.43,59.42,6.89,132.47,wheat
104.79,51.24,56.23,19.86,62.05,6.14,86.77,wheat
104.79,51.24,56.23,19.86,62.05,6.14,86.77,wheat
67.1,45.25,56,15.76,62.16,6.88,68.45,wheat
80.93,58.24,55.77,24.48,48.73,7.1,143.83,wheat
91.19,43.43,55.72,16.46,52.46,6.93,120.68,wheat
105.32,38.19,55.65,21.73,66.26,6.05,80.31,wheat
66.33,51.42,55.55,15.71,68.27,7.45,70.38,wheat
86.09,41.16,55.48,21.99,65.84,6.41,109.02,wheat
112.63,44.81,55.41,16.59,56.31,6.69,80.14,wheat
63.66,41.92,55.16,21.22,50.54,6.31,87.05,wheat
63.66,41.92,55.16,21.22,50.54,6.31,87.05,wheat
77.09,42.68,55.08,18.09,54.34,6.92,121.62,wheat
65.95,45.04,55,13.06,61.65,7.1,111.6,wheat
61.18,37.6,55,12.68,64.58,6.36,59.94,wheat
101.42,35.98,54.99,19.42,47.45,7.31,142.09,wheat
101.42,35.98,54.99,19.42,47.45,7.31,142.09,wheat
80.85,51.62,54.89,23.91,52.04,6.6,65.24,wheat
87.08,39.09,54.87,20.41,51.62,6.12,118.05,wheat
91.4,42.18,54.82,18.66,64.04,7.2,89.6,wheat
73.1,58.75,54.66,11.34,57.53,7.32,144.47,wheat
71.28,43.88,54.59,18.31,45.16,7.14,53.53,wheat
82.58,37.09,54.43,18.38,57.73,7.36,61.12,wheat
82.58,37.09,54.43,18.38,57.73,7.36,61.12,wheat
71.13,56.72,54.41,21.56,70.34,7.14,112.62,wheat
71.09,59.24,54.38,24.09,71.84,6.9,142.19,wheat
71.09,59.24,54.38,24.09,71.84,6.9,142.19,wheat
67.62,48.06,54.25,13.24,63.69,6.13,55.17,wheat
67.62,48.06,54.25,13.24,63.69,6.13,55.17,wheat
94.3,42,54.24,12.81,54.71,6.64,100.76,wheat
94.3,42,54.24,12.81,54.71,6.64,100.76,wheat
119.8,48.89,54.22,24.17,70.49,6.37,95.05,wheat
119.8,48.89,54.22,24.17,70.49,6.37,95.05,wheat
86.21,53.24,54.14,12.38,63.31,6.2,125.14,wheat
89.22,50.16,54.12,12.62,60.08,6.6,64.64,wheat
106.79,37.67,54.03,18.12,73.89,6.51,113.26,wheat
74.86,43.9,53.95,10.22,48.48,6.07,54.07,wheat
74.86,43.9,53.95,10.22,48.48,6.07,54.07,wheat
74.96,45.26,53.89,13.43,47.31,6.43,66.12,wheat
74.96,45.26,53.89,13.43,47.31,6.43,66.12,wheat
92.23,49.67,53.64,16.47,48.83,6.43,86.31,wheat
92.23,49.67,53.64,16.47,48.83,6.43,86.31,wheat
70.87,36.66,53.53,18.62,70.25,6.21,129.53,wheat
60.73,58.91,53.44,15.3,53.9,6.52,127.47,wheat
80.78,43.67,53.44,16.78,51.74,6.68,64.09,wheat
69,43.12,53.43,17.14,56.28,6.59,95.94,wheat
92.51,56.82,53.31,22.1,64.76,7.04,134.92,wheat
82.47,58.77,53.3,18.98,49.68,6.23,55.81,wheat
82.47,58.77,53.3,18.98,49.68,6.23,55.81,wheat
99.71,48.94,53.27,16.98,46.8,6.84,145.76,wheat
78.66,43.13,53.24,19.56,71.62,6.71,61.96,wheat
78.66,43.13,53.24,19.56,71.62,6.71,61.96,wheat
94.72,45.97,53.13,17.3,71.2,7.35,92.17,wheat
63.12,48.53,52.73,23.06,66.42,7.2,83.95,wheat
111.03,56.68,52.71,22.56,65.92,7.02,111.86,wheat
111.97,50.03,52.7,10.31,74.1,7.25,71.23,wheat
111.97,50.03,52.7,10.31,74.1,7.25,71.23,wheat
101.8,58.06,52.68,12.29,62.29,6.91,92.41,wheat
61.8,42.7,52.62,13.03,65.2,7.45,59.39,wheat
83.77,53.96,52.4,12.31,69.47,6.34,72.38,wheat
83.49,45.32,52.39,10.05,63.59,6.53,129.42,wheat
119.69,36.44,52.38,24.76,52.18,6.21,62.14,wheat
78.2,37.53,52.3,10.93,60.28,7.5,131.4,wheat
89.32,54.26,52.08,16.69,53.21,7.5,92.62,wheat
61.09,37.36,52.08,11.07,54.57,7.27,52.33,wheat
61.09,37.36,52.08,11.07,54.57,7.27,52.33,wheat
108.59,41.37,52.04,21.4,62.87,6.71,91.18,wheat
62.45,49.77,51.94,10.25,60.36,6.34,114.52,wheat
62.45,49.77,51.94,10.25,60.36,6.34,114.52,wheat
93.64,50.09,51.91,22.07,53.09,7.24,99.83,wheat
119.14,41.05,51.8,21.42,52.13,7.09,86.78,wheat
119.14,41.05,51.8,21.42,52.13,7.09,86.78,wheat
90.19,56.41,51.47,12.44,47.12,6.96,52.65,wheat
90.19,56.41,51.47,12.44,47.12,6.96,52.65,wheat
69.37,52.9,51.47,10.41,51.66,6.35,117.19,wheat
92.92,52.3,51.3,13.36,66.37,6.36,82.54,wheat
92.92,52.3,51.3,13.36,66.37,6.36,82.54,wheat
72.79,35.78,51.29,15.53,70.93,6.71,146.82,wheat
65.74,35.59,51.05,19.11,61.4,6.35,89.09,wheat
103.34,53,51.03,20.41,61.28,6.38,84.57,wheat
80.77,59.39,51.02,22.34,48.98,7.29,142.28,wheat
91.88,48.52,50.94,20.89,74.28,6.77,82.3,wheat
91.88,48.52,50.94,20.89,74.28,6.77,82.3,wheat
115.78,55.2,50.84,23.07,69.11,6.28,139.26,wheat
115.78,55.2,50.84,23.07,69.11,6.28,139.26,wheat
93.01,36.09,50.83,24.27,63.05,7.23,138.42,wheat
84.12,47,50.69,23.11,74.52,7.15,91.78,wheat
96.91,42.66,50.6,17.91,57.78,6.2,138.66,wheat
95.42,41.7,50.6,16.14,61.56,6.65,79.45,wheat
100.99,47.43,50.45,23.03,62.12,6.05,143.09,wheat
97.55,57.15,50.4,13.49,45.73,7.31,52.13,wheat
86.03,44.96,50.4,19.53,46.36,6.56,112.59,wheat
86.03,44.96,50.4,19.53,46.36,6.56,112.59,wheat
72.34,38.03,50.38,21.62,64.32,6.8,54.2,wheat
113.71,50.92,50.35,11,60.55,6.23,123.74,wheat
85.92,45.99,50.32,24.15,52.22,6.18,69.75,wheat
95.17,47.65,50.29,10.27,71.16,7.4,106.51,wheat
73.68,40.3,50.27,16.17,70.2,7.35,85.34,wheat
74.54,37.87,50.27,14.33,62.44,6.23,98.11,wheat
74.54,37.87,50.27,14.33,62.44,6.23,98.11,wheat
95.54,36.16,50.19,12.56,46.95,7.42,146.56,wheat
95.54,36.16,50.19,12.56,46.95,7.42,146.56,wheat
67.75,58.85,50.15,13.43,65.15,6.93,85.82,wheat
67.75,58.85,50.15,13.43,65.15,6.93,85.82,wheat
104.28,37.07,50.08,13.68,56.68,6.43,85.57,wheat
109.73,35.93,49.91,13.45,48.62,6.12,119.63,wheat
119.81,47.55,49.88,11.01,67.5,6.31,139.81,wheat
119.24,38.76,49.85,15.71,74.1,7.26,133.83,wheat
119.24,38.76,49.85,15.71,74.1,7.26,133.83,wheat
67.19,57.26,49.84,20.19,68.68,6.75,58.69,wheat
67.19,57.26,49.84,20.19,68.68,6.75,58.69,wheat
92.56,42.16,49.77,10.46,46.12,7.23,86.02,wheat
92.56,42.16,49.77,10.46,46.12,7.23,86.02,wheat
97.43,46.29,49.67,12.52,67.11,7.29,71.67,wheat
70.9,57.71,49.58,16.01,58.86,7.42,65.34,wheat
92.22,49.82,49.5,11.37,71.32,6.4,62.95,wheat
95.15,58.51,49.39,15.82,64.3,6.69,104.56,wheat
95.15,58.51,49.39,15.82,64.3,6.69,104.56,wheat
104.64,35.84,49.25,21.44,71.3,6.51,132.13,wheat
115.51,39.51,49.2,23.73,46.02,7.05,79.73,wheat
102.54,37.67,49.18,13.85,73.89,6.73,130.6,wheat
103.14,42.43,49.16,17.14,64.91,7.41,123.26,wheat
80.87,51.95,49.14,14.01,71.36,7.2,115.85,wheat
102.79,54.02,49.03,21.56,59.81,6.78,92.75,wheat
102.79,54.02,49.03,21.56,59.81,6.78,92.75,wheat
89.27,37.74,48.7,16.82,70.33,6.15,98.82,wheat
81.41,42.02,48.57,12.11,69.07,6.11,148.69,wheat
81.41,42.02,48.57,12.11,69.07,6.11,148.69,wheat
119.55,58.18,48.5,22.63,60.63,6.94,58.91,wheat
97.94,50.84,48.39,11.35,70.06,6.48,68.65,wheat
97.94,50.84,48.39,11.35,70.06,6.48,68.65,wheat
83.93,49.5,48.34,19.12,67.95,7.22,121.81,wheat
112.8,51.27,48.32,14.87,54.99,7,149.41,wheat
110.1,59.61,48.14,12.58,53.17,6.03,141.43,wheat
66.81,51.79,48.01,21.58,60.6,7.28,105.19,wheat
66.81,51.79,48.01,21.58,60.6,7.28,105.19,wheat
82.79,56.58,47.98,17.19,45.77,6.51,88.02,wheat
81.3,36.74,47.98,11.01,69.01,6.35,104,wheat
86.83,50.01,47.89,23.79,59.91,7.49,135.14,wheat
102.8,57.38,47.79,17.98,48.22,6.67,103.26,wheat
102.8,57.38,47.79,17.98,48.22,6.67,103.26,wheat
85.95,42.8,47.65,16.59,48.17,6.96,71.6,wheat
114.79,47.78,47.54,21.97,64.5,7.05,129.58,wheat
114.79,47.78,47.54,21.97,64.5,7.05,129.58,wheat
117.75,41.29,47.43,14.51,53.55,6.06,110.96,wheat
117.75,41.29,47.43,14.51,53.55,6.06,110.96,wheat
90.16,49.42,47.31,12.93,66.67,6.42,52.43,wheat
90.16,49.42,47.31,12.93,66.67,6.42,52.43,wheat
108.16,46.45,47.07,12,47.42,7.09,99.65,wheat
60.66,45.4,47.03,10.29,52.79,7.14,63.71,wheat
65.58,49.71,47.02,19.63,46.95,6.87,106.15,wheat
111.33,52.59,46.85,11.47,59.75,6.71,67.32,wheat
111.33,52.59,46.85,11.47,59.75,6.71,67.32,wheat
89.56,35.28,46.72,10.84,48.56,6.18,114.92,wheat
89.56,35.28,46.72,10.84,48.56,6.18,114.92,wheat
71.89,49.13,46.6,24.58,63.26,6.52,61.41,wheat
105.67,39,46.54,10.14,52.4,7.09,149.18,wheat
75.13,53.88,46.51,22.63,66.85,7.16,115.62,wheat
98.35,56.7,46.37,17.73,59.67,7,63.97,wheat
94.41,50.8,46.21,14.4,54.86,7.01,125.24,wheat
94.41,50.8,46.21,14.4,54.86,7.01,125.24,wheat
87.2,48.11,46.02,16.01,61.79,6.23,68.19,wheat
107.71,41.77,45.97,11.18,45.76,7.44,133.6,wheat
107.71,41.77,45.97,11.18,45.76,7.44,133.6,wheat
105.74,54.95,45.89,22.27,48.61,6.82,50.58,wheat
67.51,52.14,45.76,13.01,59.75,6.1,108.2,wheat
70.52,57.86,45.47,15.75,60.57,6.07,66.63,wheat
70.58,47.46,45.47,23.72,55.87,6.87,113.23,wheat
64.81,48.11,45.26,24.74,48.36,6.6,146.95,wheat
64.81,48.11,45.26,24.74,48.36,6.6,146.95,wheat
93.66,56.92,45.09,12.01,45.86,7.13,112.03,wheat
93.66,56.92,45.09,12.01,45.86,7.13,112.03,wheat
61.99,36.96,44.92,11.99,62.03,7.03,130.06,wheat
79.48,44.16,44.9,20.43,56.66,6.67,73.75,wheat
95.58,39.09,44.78,24.54,52.74,6.99,82.52,wheat
70.46,52.27,44.67,24.05,49.13,6.51,61.35,wheat
70.46,52.27,44.67,24.05,49.13,6.51,61.35,wheat
74.55,41.73,44.43,10.3,54.66,6.32,82.75,wheat
74.55,41.73,44.43,10.3,54.66,6.32,82.75,wheat
113.4,43.45,44.39,11.41,62.35,6.05,96.56,wheat
113.4,43.45,44.39,11.41,62.35,6.05,96.56,wheat
111.71,58.65,44.33,14.06,64.32,6.61,52.54,wheat
119.2,44.36,44.27,22.19,73.42,7.48,125.34,wheat
119.2,44.36,44.27,22.19,73.42,7.48,125.34,wheat
89.07,50.46,44.22,16.94,67.42,6.06,75.24,wheat
89.07,50.46,44.22,16.94,67.42,6.06,75.24,wheat
112.6,59.91,44.21,16.73,66.66,7.33,109.3,wheat
86.99,39.87,44.19,16.21,69.83,7.1,126.93,wheat
68.37,42.3,44.16,16.84,68.56,6.3,101.42,wheat
68.37,42.3,44.16,16.84,68.56,6.3,101.42,wheat
101.82,52.56,43.99,14.4,69.28,7.22,136.71,wheat
101.82,52.56,43.99,14.4,69.28,7.22,136.71,wheat
98.76,49.27,43.9,24.8,63.17,6.36,60.18,wheat
98.76,49.27,43.9,24.8,63.17,6.36,60.18,wheat
86.25,57.6,43.71,17.71,68.51,6.59,112.21,wheat
86.25,57.6,43.71,17.71,68.51,6.59,112.21,wheat
64.04,49.55,43.65,19.31,46.37,7.31,147.35,wheat
104.56,45.64,43.65,15.57,74.63,6.06,136.7,wheat
82.32,54.41,43.52,23.96,70.75,6.64,125.09,wheat
82.32,54.41,43.52,23.96,70.75,6.64,125.09,wheat
73.15,59.4,43.42,12.73,68.69,6.99,99.82,wheat
91.96,36.3,43.42,12.02,46.9,7.48,82.24,wheat
64.62,36.46,43.36,21.77,66.23,7.18,101.73,wheat
118.8,47.32,43.22,19.5,52.2,6.11,62.89,wheat
118.8,47.32,43.22,19.5,52.2,6.11,62.89,wheat
86.41,38.69,43.2,16.51,47.66,6.33,109.82,wheat
80.26,58.57,43.08,17.78,66.09,6.55,147.18,wheat
80.26,58.57,43.08,17.78,66.09,6.55,147.18,wheat
76.14,54.94,42.76,16.83,45.35,6.11,89.25,wheat
108.36,54.75,42.62,11.21,57.09,6.26,119.5,wheat
70.91,39.59,42.61,17.87,57.96,6.44,111.19,wheat
70.91,39.59,42.61,17.87,57.96,6.44,111.19,wheat
95.42,47.71,42.44,18.48,65.67,7.31,113.63,wheat
118.11,54.97,42.32,24.7,63.06,6.87,124.81,wheat
88.8,50,42.29,20.42,70.8,7.17,53.96,wheat
113.22,51.15,42.15,22.24,70.84,7.27,141.89,wheat
90.16,36.29,41.97,23.62,52.19,6.22,98.95,wheat
90.16,36.29,41.97,23.62,52.19,6.22,98.95,wheat
87.34,50.5,41.93,12.82,58.91,6.53,108.37,wheat
87.34,50.5,41.93,12.82,58.91,6.53,108.37,wheat
74.21,54.51,41.87,22.34,57.71,7,59.55,wheat
98.31,44.94,41.86,24.76,57.28,7.34,73,wheat
67.07,49.41,41.85,18.31,64.54,7.24,70.64,wheat
88.12,45.37,41.84,10.85,70.94,7.22,149.97,wheat
88.12,45.37,41.84,10.85,70.94,7.22,149.97,wheat
114.38,41.24,41.8,21.39,58.49,7.17,56.54,wheat
85.51,35.56,41.72,18.12,64,6.39,63.94,wheat
72.9,35.78,41.56,18.93,46.54,6.74,109.68,wheat
63.14,45.47,41.5,20.96,74.44,6.38,115.42,wheat
84.51,44.32,41.49,20.85,59.88,6.12,72.02,wheat
77.92,58.52,41.48,16.44,71.18,7.26,68.61,wheat
62.06,57.73,41.47,19.94,54.35,6.78,104.67,wheat
62.06,57.73,41.47,19.94,54.35,6.78,104.67,wheat
107.18,40.03,41.47,12.47,54.91,7.14,101.94,wheat
115.48,56.93,41.45,19.9,69.52,6.83,102.97,wheat
115.48,56.93,41.45,19.9,69.52,6.83,102.97,wheat
111.93,55.43,41.45,12.56,65.06,7.39,105.68,wheat
111.93,55.43,41.45,12.56,65.06,7.39,105.68,wheat
69.07,40.63,41.27,22.76,61.84,6.79,61.48,wheat
111.26,47.31,41.18,23.06,58.36,6.77,85.92,wheat
88.83,37.62,41.05,24.8,49.27,6.75,111.82,wheat
85.28,53.44,40.97,11.66,55.64,6.43,79.63,wheat
104.86,47.57,40.81,23.49,56.52,6.82,140.65,wheat
96.46,47.82,40.77,12.65,51.61,6.28,127.96,wheat
93.32,52.98,40.71,24.95,74.24,6.98,69.95,wheat
74.98,47.24,40.53,24.82,73.32,6.06,120.56,wheat
101.37,51.91,40.39,19.88,56.82,6.98,60.66,wheat
103.56,55.44,40.34,17.59,70.22,7.1,104.22,wheat
70.52,52.25,40.02,18.04,47.9,6.68,125.62,wheat
117.33,35.46,39.89,10.11,64.42,7.35,74.35,wheat
60.79,51.59,39.45,24.42,49.46,6.62,58.53,wheat
108.21,42.05,39.44,21.26,69.21,7.49,91.26,wheat
108.21,42.05,39.44,21.26,69.21,7.49,91.26,wheat
99.68,39.63,39.35,11.48,64.81,7.15,76.5,wheat
101.76,45.22,39.33,12.35,52.51,6.82,121.46,wheat
101.76,45.22,39.33,12.35,52.51,6.82,121.46,wheat
88.44,51.69,39.31,12.88,46.23,6.25,77.86,wheat
88.44,51.69,39.31,12.88,46.23,6.25,77.86,wheat
111.07,42.92,39.24,18.35,73.08,7.04,107.01,wheat
111.07,42.92,39.24,18.35,73.08,7.04,107.01,wheat
88.04,50.34,39.18,24.87,51.95,7.41,114.96,wheat
72.1,39.09,39.11,22.22,64.96,6.78,85.88,wheat
80.11,53.59,39.02,22.27,69.96,6.76,50.64,wheat
69.17,41.15,39.02,12.8,53.55,6.26,139.68,wheat
69.17,41.15,39.02,12.8,53.55,6.26,139.68,wheat
97.18,51.26,38.8,10.92,68.42,6.69,55.82,wheat
90.43,36.04,38.71,24.8,73.95,6.01,145.18,wheat
111.74,58.74,38.68,23.9,59.76,6.39,95.91,wheat
111.74,58.74,38.68,23.9,59.76,6.39,95.91,wheat
116.91,54.09,38.5,23.03,59.62,7.34,129.99,wheat
67.68,38.8,38.47,19.61,50.46,6.52,139.68,wheat
67.68,38.8,38.47,19.61,50.46,6.52,139.68,wheat
102.24,40.32,38.41,10.22,55.52,6.88,89.22,wheat
102.24,40.32,38.41,10.22,55.52,6.88,89.22,wheat
118.13,53.74,38.25,21.37,45.74,6.03,82.36,wheat
108.71,51.41,38.2,15.07,72.84,6.34,87.22,wheat
66.64,56.16,38.19,15.96,68.92,6.22,72.93,wheat
76.36,45.34,38.05,12.72,65.43,6.27,102.52,wheat
70.62,37.22,38.02,16.91,51.19,6.55,100.34,wheat
70.62,37.22,38.02,16.91,51.19,6.55,100.34,wheat
108.87,42.05,37.95,20.45,63.87,7.32,123.51,wheat
108.87,42.05,37.95,20.45,63.87,7.32,123.51,wheat
113.26,43.77,37.93,12.14,67.85,6.93,60.11,wheat
113.26,43.77,37.93,12.14,67.85,6.93,60.11,wheat
72.51,58.26,37.91,22.26,56.42,7.32,136.81,wheat
64.44,43.96,37.9,22.95,63.7,6.5,56.36,wheat
64.44,43.96,37.9,22.95,63.7,6.5,56.36,wheat
80.05,54.27,37.66,11.13,66.85,6.74,118.84,wheat
72.01,39.19,37.61,19.55,66.19,6.05,143.62,wheat
108.5,42.62,37.44,20.26,58.2,6.18,99.52,wheat
108.5,42.62,37.44,20.26,58.2,6.18,99.52,wheat
107.49,54.74,37.28,17.42,46.73,6.82,94.15,wheat
107.49,54.74,37.28,17.42,46.73,6.82,94.15,wheat
75.79,44,37.19,24.05,61.61,6.46,89.7,wheat
76.45,36.99,37.14,23.41,50.76,6.49,72.67,wheat
91.58,53.29,37.04,10.91,52.41,6.24,137.18,wheat
82.4,40.68,36.83,19.05,65.05,6.93,96.35,wheat
65.05,52.52,36.82,22.33,66.19,6.12,58.48,wheat
65.05,52.52,36.82,22.33,66.19,6.12,58.48,wheat
99.42,58.92,36.72,10.86,53.47,6.39,74.7,wheat
111.61,53.07,36.69,20.62,61.31,6.12,95.83,wheat
80.39,53.12,36.63,14.73,61.18,7.19,81.88,wheat
106.32,35.68,36.63,16.96,72.28,6.81,99.78,wheat
89.25,35.84,36.57,23.6,49.18,6.8,91.11,wheat
99.06,48.64,36.56,17.69,69.19,6.69,55.2,wheat
99.47,59.99,36.21,24.66,57.21,7.31,128.24,wheat
65.31,39.9,36.13,14.88,56.66,6.41,132.87,wheat
65.31,39.9,36.13,14.88,56.66,6.41,132.87,wheat
90.73,52.01,36.04,11.27,66.49,6.11,57.13,wheat
91.87,58.42,35.98,11.83,58.57,7.4,81.62,wheat
75.28,56.02,35.96,23.53,58.84,6.96,115.94,wheat
70.02,39.19,35.92,21.05,64.91,6.71,134.42,wheat
72.31,39.77,35.91,17.08,61.95,6.1,127.55,wheat
61.53,37.7,35.79,19.55,54.43,6.76,140.76,wheat
61.53,37.7,35.79,19.55,54.43,6.76,140.76,wheat
100.81,36.8,35.77,13.87,58.88,7.3,122.72,wheat
81.73,43.36,35.65,10.36,69.95,6.41,101.81,wheat
82.05,36.7,35.65,12.03,73.89,6.82,146.58,wheat
80.84,57.5,35.55,19.96,73.9,6.84,143.68,wheat
74.02,36.05,35.45,24.82,57.83,6.58,117.96,wheat
77.59,57.41,35.33,11.28,51.24,6.04,68.14,wheat
92.12,40.38,35.3,13.62,74.28,7.2,145.96,wheat
102.15,48.99,35.24,14.9,60.53,6.13,85.06,wheat
113.91,50.16,35.23,11.52,64.91,6.01,66.08,wheat
113.91,50.16,35.23,11.52,64.91,6.01,66.08,wheat
109.08,56.52,35.17,17.66,57.52,6.33,61.99,wheat
109.08,56.52,35.17,17.66,57.52,6.33,61.99,wheat
106.33,39.97,35.14,22.23,66.21,7.09,127.13,wheat
106.33,39.97,35.14,22.23,66.21,7.09,127.13,wheat
80.11,55.07,35.12,15,56.95,6.81,141.99,wheat
